CustomerID,total_orders,total_spend,last_purchase,first_purchase,recency_days,avg_spend_per_order,customer_lifetime_days,purchase_frequency,cluster,segment
12347.0,7,4310.0,2011-12-07 15:52:00,2010-12-07 14:57:00,2,615.7142857142857,365,0.01912568306010929,1,1
12348.0,4,1797.24,2011-09-25 13:13:00,2010-12-16 19:09:00,75,449.31,282,0.014134275618374558,1,1
12349.0,1,1757.55,2011-11-21 09:51:00,2011-11-21 09:51:00,19,1757.55,0,1.0,1,1
12350.0,1,334.40000000000003,2011-02-02 16:01:00,2011-02-02 16:01:00,310,334.40000000000003,0,1.0,2,0
12352.0,8,2506.04,2011-11-03 14:37:00,2011-02-16 12:33:00,36,313.255,260,0.03065134099616858,1,1
12353.0,1,89.0,2011-05-19 17:47:00,2011-05-19 17:47:00,204,89.0,0,1.0,2,0
12354.0,1,1079.4,2011-04-21 13:11:00,2011-04-21 13:11:00,232,1079.4,0,1.0,2,0
12355.0,1,459.40000000000003,2011-05-09 13:49:00,2011-05-09 13:49:00,214,459.40000000000003,0,1.0,2,0
12356.0,3,2811.43,2011-11-17 08:40:00,2011-01-18 09:50:00,23,937.1433333333333,302,0.009900990099009901,1,1
12358.0,2,1168.06,2011-12-08 10:26:00,2011-07-12 10:04:00,2,584.03,149,0.013333333333333334,2,0
12359.0,4,6372.58,2011-10-13 12:47:00,2011-01-12 12:43:00,58,1593.145,274,0.014545454545454545,0,2
12360.0,3,2662.06,2011-10-18 15:22:00,2011-05-23 09:43:00,52,887.3533333333334,148,0.020134228187919462,1,1
12361.0,1,189.9,2011-02-25 13:51:00,2011-02-25 13:51:00,287,189.9,0,1.0,2,0
12362.0,10,5226.2300000000005,2011-12-06 15:40:00,2011-02-17 10:30:00,3,522.623,292,0.034129692832764506,1,1
12363.0,2,552.0,2011-08-22 10:18:00,2011-04-11 13:29:00,110,276.0,132,0.015037593984962405,2,0
12364.0,4,1313.1,2011-12-02 10:22:00,2011-08-19 15:24:00,8,328.275,104,0.0380952380952381,2,0
12365.0,2,641.38,2011-02-21 14:04:00,2011-02-21 13:51:00,291,320.69,0,2.0,2,0
12367.0,1,168.9,2011-12-05 16:48:00,2011-12-05 16:48:00,4,168.9,0,1.0,2,0
12370.0,4,3545.69,2011-10-19 14:51:00,2010-12-14 12:58:00,51,886.4225,309,0.012903225806451613,1,1
12371.0,2,1887.96,2011-10-26 10:16:00,2011-10-11 10:43:00,45,943.98,14,0.13333333333333333,1,1
12372.0,3,1298.04,2011-09-29 12:12:00,2011-02-16 12:46:00,72,432.68,224,0.013333333333333334,2,0
12373.0,1,364.6,2011-02-01 13:10:00,2011-02-01 13:10:00,311,364.6,0,1.0,2,0
12374.0,1,742.9300000000001,2011-11-14 15:37:00,2011-11-14 15:37:00,25,742.9300000000001,0,1.0,2,0
12375.0,2,457.5,2011-11-29 10:36:00,2011-09-02 14:23:00,11,228.75,87,0.022727272727272728,2,0
12377.0,2,1628.1200000000001,2011-01-28 15:45:00,2010-12-20 09:37:00,315,814.0600000000001,39,0.05,2,0
12378.0,1,4008.62,2011-08-02 10:34:00,2011-08-02 10:34:00,130,4008.62,0,1.0,0,2
12379.0,2,852.24,2011-09-19 10:09:00,2011-06-22 16:32:00,82,426.12,88,0.02247191011235955,2,0
12380.0,4,2724.81,2011-11-18 11:27:00,2011-06-07 09:49:00,22,681.2025,164,0.024242424242424242,1,1
12381.0,5,1845.31,2011-12-05 12:44:00,2011-08-12 09:57:00,5,369.062,115,0.04310344827586207,1,1
12383.0,5,1850.56,2011-06-08 08:02:00,2010-12-22 14:28:00,185,370.11199999999997,167,0.02976190476190476,1,1
12384.0,2,585.27,2011-11-11 08:39:00,2011-08-10 11:23:00,29,292.635,92,0.021505376344086023,2,0
12386.0,2,401.9,2011-01-06 12:37:00,2010-12-08 09:53:00,338,200.95,29,0.06666666666666667,2,0
12388.0,6,2780.6600000000003,2011-11-24 12:30:00,2011-01-17 11:12:00,16,463.4433333333334,311,0.019230769230769232,1,1
12390.0,1,549.84,2011-09-21 09:33:00,2011-09-21 09:33:00,80,549.84,0,1.0,2,0
12391.0,1,460.89,2011-11-18 12:07:00,2011-11-18 12:07:00,22,460.89,0,1.0,2,0
12393.0,4,1582.6000000000001,2011-09-28 15:41:00,2011-01-11 09:47:00,72,395.65000000000003,260,0.01532567049808429,1,1
12394.0,2,1272.48,2011-10-07 08:08:00,2011-05-06 14:01:00,64,636.24,153,0.012987012987012988,2,0
12395.0,12,3018.63,2011-11-20 15:21:00,2010-12-03 16:35:00,19,251.5525,351,0.03409090909090909,1,1
12397.0,2,2409.9,2011-11-04 09:52:00,2011-07-27 14:21:00,36,1204.95,99,0.02,1,1
12398.0,1,1635.6599999999999,2011-10-25 10:27:00,2011-10-25 10:27:00,46,1635.6599999999999,0,1.0,1,1
12399.0,4,1108.65,2011-08-12 13:15:00,2011-03-23 09:42:00,119,277.1625,142,0.027972027972027972,2,0
12401.0,1,84.3,2011-02-09 13:50:00,2011-02-09 13:50:00,303,84.3,0,1.0,2,0
12402.0,1,225.60000000000002,2011-01-20 13:49:00,2011-01-20 13:49:00,323,225.60000000000002,0,1.0,2,0
12403.0,1,427.7,2011-10-21 10:51:00,2011-10-21 10:51:00,50,427.7,0,1.0,2,0
12405.0,1,1710.39,2011-07-14 08:52:00,2011-07-14 08:52:00,149,1710.39,0,1.0,1,1
12406.0,2,3415.3,2011-11-17 19:22:00,2011-06-09 10:23:00,22,1707.65,161,0.012345679012345678,1,1
12407.0,5,1708.12,2011-10-21 10:11:00,2011-03-20 13:21:00,50,341.62399999999997,214,0.023255813953488372,1,1
12408.0,5,2888.55,2011-11-07 12:27:00,2011-03-24 14:46:00,33,577.71,227,0.021929824561403508,1,1
12409.0,3,11072.67,2011-09-22 10:38:00,2011-06-10 12:19:00,79,3690.89,103,0.028846153846153848,0,2
12410.0,2,693.33,2011-02-04 10:39:00,2011-02-04 10:38:00,309,346.665,0,2.0,2,0
12412.0,3,1226.88,2011-09-26 10:16:00,2011-06-23 13:51:00,75,408.96000000000004,94,0.031578947368421054,2,0
12413.0,3,758.1,2011-10-04 09:00:00,2011-01-06 16:12:00,67,252.70000000000002,270,0.01107011070110701,2,0
12414.0,3,562.4100000000001,2011-05-06 14:51:00,2011-02-02 14:51:00,217,187.47000000000003,93,0.031914893617021274,2,0
12417.0,9,3649.1,2011-12-06 14:52:00,2010-12-17 11:51:00,3,405.4555555555555,354,0.02535211267605634,1,1
12418.0,1,668.58,2011-08-19 11:08:00,2011-08-19 11:08:00,113,668.58,0,1.0,2,0
12420.0,1,600.39,2011-10-07 08:55:00,2011-10-07 08:55:00,64,600.39,0,1.0,2,0
12421.0,4,807.04,2011-11-24 09:07:00,2011-01-24 15:09:00,16,201.76,303,0.013157894736842105,2,0
12422.0,3,803.5600000000001,2011-09-05 09:48:00,2011-01-19 09:13:00,96,267.85333333333335,229,0.013043478260869565,2,0
12423.0,8,1859.31,2011-12-09 10:10:00,2010-12-21 10:54:00,1,232.41375,352,0.0226628895184136,1,1
12424.0,2,1760.96,2011-06-30 12:06:00,2011-06-30 12:06:00,163,880.48,0,2.0,2,0
12425.0,1,777.2,2011-09-22 17:31:00,2011-09-22 17:31:00,78,777.2,0,1.0,2,0
12426.0,1,582.73,2011-05-29 12:26:00,2011-05-29 12:26:00,195,582.73,0,1.0,2,0
12427.0,3,825.8000000000001,2011-11-18 08:56:00,2010-12-03 10:44:00,22,275.2666666666667,349,0.008571428571428572,2,0
12428.0,9,7956.46,2011-11-14 08:22:00,2011-03-01 09:33:00,26,884.0511111111111,257,0.03488372093023256,0,2
12429.0,4,3750.4,2011-11-30 17:22:00,2010-12-09 12:05:00,9,937.6,356,0.011204481792717087,1,1
12430.0,1,256.4,2011-10-27 15:09:00,2011-10-27 15:09:00,43,256.4,0,1.0,2,0
12431.0,15,6487.45,2011-11-04 11:55:00,2010-12-01 10:03:00,36,432.49666666666667,338,0.04424778761061947,0,2
12432.0,5,5059.32,2011-10-28 11:43:00,2011-06-20 13:27:00,43,1011.8639999999999,129,0.038461538461538464,1,1
12433.0,7,13375.87,2011-12-09 10:02:00,2010-12-01 13:24:00,1,1910.8385714285716,372,0.01876675603217158,0,2
12434.0,2,806.14,2011-09-16 12:38:00,2011-03-24 13:05:00,85,403.07,175,0.011363636363636364,2,0
12435.0,2,7829.89,2011-09-21 09:06:00,2011-03-17 07:40:00,80,3914.945,188,0.010582010582010581,0,2
12436.0,1,509.01,2011-09-01 12:09:00,2011-09-01 12:09:00,100,509.01,0,1.0,2,0
12437.0,18,4951.41,2011-12-08 11:35:00,2011-01-12 14:13:00,2,275.0783333333333,329,0.05454545454545454,1,1
12438.0,2,2906.85,2011-11-25 13:28:00,2011-07-22 13:29:00,14,1453.425,125,0.015873015873015872,1,1
12441.0,1,173.55,2010-12-08 10:45:00,2010-12-08 10:45:00,367,173.55,0,1.0,2,0
12442.0,1,172.06,2011-12-06 14:22:00,2011-12-06 14:22:00,3,172.06,0,1.0,2,0
12444.0,5,5005.46,2011-11-18 13:23:00,2011-06-21 14:00:00,21,1001.092,149,0.03333333333333333,1,1
12445.0,1,133.4,2011-11-17 18:43:00,2011-11-17 18:43:00,22,133.4,0,1.0,2,0
12446.0,1,1002.3100000000001,2011-10-13 12:50:00,2011-10-13 12:50:00,58,1002.3100000000001,0,1.0,2,0
12447.0,1,476.49,2011-04-10 13:25:00,2011-04-10 13:25:00,243,476.49,0,1.0,2,0
12448.0,1,449.45,2011-10-26 13:46:00,2011-10-26 13:46:00,44,449.45,0,1.0,2,0
12449.0,4,4067.29,2011-11-17 13:46:00,2011-06-05 15:37:00,22,1016.8225,164,0.024242424242424242,1,1
12450.0,2,197.88,2011-07-06 14:41:00,2011-06-19 14:36:00,156,98.94,17,0.1111111111111111,2,0
12451.0,5,9035.52,2011-11-29 08:40:00,2011-01-19 09:05:00,11,1807.104,313,0.01592356687898089,0,2
12452.0,2,430.57000000000005,2011-11-23 10:28:00,2011-11-23 08:05:00,17,215.28500000000003,0,2.0,2,0
12453.0,1,707.09,2011-07-28 14:08:00,2011-07-28 14:08:00,134,707.09,0,1.0,2,0
12454.0,1,3528.34,2011-10-14 17:13:00,2011-10-14 17:13:00,56,3528.34,0,1.0,0,2
12455.0,6,2466.86,2011-09-27 15:31:00,2011-02-16 09:56:00,73,411.1433333333334,223,0.026785714285714284,1,1
12456.0,3,3181.04,2011-10-26 14:41:00,2011-03-30 09:12:00,44,1060.3466666666666,210,0.014218009478672985,1,1
12457.0,7,2363.23,2011-10-04 13:13:00,2011-04-14 18:57:00,66,337.6042857142857,172,0.04046242774566474,1,1
12458.0,2,947.4,2011-09-29 15:25:00,2011-02-28 10:55:00,71,473.7,213,0.009345794392523364,2,0
12461.0,2,826.88,2011-09-06 16:57:00,2011-07-08 10:23:00,94,413.44,60,0.03278688524590164,2,0
12462.0,2,1189.59,2011-11-21 09:11:00,2011-02-09 14:44:00,19,594.795,284,0.007017543859649123,2,0
12463.0,4,1344.78,2011-10-17 13:44:00,2011-04-12 12:47:00,53,336.195,188,0.021164021164021163,2,0
12464.0,8,1212.05,2011-11-29 13:33:00,2011-02-03 13:30:00,10,151.50625,299,0.02666666666666667,1,1
12465.0,2,742.19,2011-11-22 16:34:00,2011-06-23 13:37:00,17,371.095,152,0.013071895424836602,2,0
12468.0,2,729.54,2011-06-05 11:36:00,2011-01-27 13:29:00,188,364.77,128,0.015503875968992248,2,0
12472.0,7,6572.11,2011-11-07 14:01:00,2010-12-05 14:19:00,32,938.8728571428571,336,0.020771513353115726,0,2
12473.0,5,3938.55,2011-11-10 13:46:00,2011-06-01 10:15:00,29,787.71,162,0.03067484662576687,1,1
12474.0,18,7375.79,2011-11-22 14:39:00,2011-01-14 10:06:00,17,409.7661111111111,312,0.05750798722044728,0,2
12475.0,1,723.38,2011-10-17 10:10:00,2011-10-17 10:10:00,54,723.38,0,1.0,2,0
12476.0,11,6816.42,2011-11-24 12:40:00,2010-12-13 14:39:00,16,619.6745454545454,345,0.031791907514450865,0,2
12477.0,6,13219.74,2011-11-17 09:51:00,2011-02-11 12:45:00,23,2203.29,278,0.021505376344086023,0,2
12478.0,1,680.99,2011-12-06 09:56:00,2011-12-06 09:56:00,4,680.99,0,1.0,2,0
12479.0,1,527.2,2011-11-28 13:26:00,2011-11-28 13:26:00,11,527.2,0,1.0,2,0
12480.0,4,3281.63,2011-11-11 14:52:00,2011-01-07 15:27:00,28,820.4075,307,0.012987012987012988,1,1
12481.0,10,5596.32,2011-11-17 08:29:00,2010-12-09 10:13:00,23,559.632,342,0.029154518950437316,1,1
12483.0,8,2484.98,2011-11-22 17:02:00,2011-01-04 14:20:00,17,310.6225,322,0.02476780185758514,1,1
12484.0,6,4541.72,2011-11-07 11:37:00,2011-01-07 14:04:00,33,756.9533333333334,303,0.019736842105263157,1,1
12488.0,3,1298.66,2011-11-30 08:50:00,2011-09-25 10:34:00,10,432.8866666666667,65,0.045454545454545456,2,0
12489.0,1,334.93,2011-01-07 13:13:00,2011-01-07 13:13:00,336,334.93,0,1.0,2,0
12490.0,10,5417.93,2011-12-04 16:07:00,2011-01-14 09:13:00,5,541.793,324,0.03076923076923077,1,1
12491.0,1,460.40000000000003,2011-11-01 12:18:00,2011-11-01 12:18:00,39,460.40000000000003,0,1.0,2,0
12492.0,2,263.21000000000004,2011-10-07 15:15:00,2011-08-26 14:51:00,63,131.60500000000002,42,0.046511627906976744,2,0
12493.0,2,433.74,2011-06-27 10:17:00,2011-05-26 14:53:00,166,216.87,31,0.0625,2,0
12494.0,7,1246.1,2011-11-24 09:34:00,2010-12-09 11:31:00,16,178.0142857142857,349,0.02,1,1
12497.0,1,1043.1,2011-09-19 12:29:00,2011-09-19 12:29:00,82,1043.1,0,1.0,2,0
12498.0,3,403.70000000000005,2011-11-18 12:53:00,2011-10-13 09:30:00,21,134.5666666666667,36,0.08108108108108109,2,0
12500.0,11,4257.82,2011-11-16 16:20:00,2011-01-10 09:48:00,23,387.07454545454544,310,0.03536977491961415,1,1
12501.0,1,2169.39,2011-01-07 12:28:00,2011-01-07 12:28:00,337,2169.39,0,1.0,1,1
12502.0,5,3723.87,2011-09-05 11:52:00,2011-02-03 10:41:00,96,744.774,214,0.023255813953488372,1,1
12504.0,2,482.04999999999995,2011-11-21 16:02:00,2011-11-09 14:56:00,18,241.02499999999998,12,0.15384615384615385,2,0
12506.0,1,73.5,2011-04-21 08:54:00,2011-04-21 08:54:00,233,73.5,0,1.0,2,0
12507.0,3,1304.81,2011-07-28 17:09:00,2011-02-14 09:24:00,134,434.93666666666667,164,0.01818181818181818,2,0
12508.0,2,398.27,2011-11-13 15:37:00,2011-11-10 16:27:00,26,199.135,2,0.6666666666666666,2,0
12509.0,1,176.5,2011-02-28 14:45:00,2011-02-28 14:45:00,284,176.5,0,1.0,2,0
12510.0,2,982.5699999999999,2011-07-20 10:15:00,2011-01-18 14:04:00,143,491.28499999999997,182,0.01092896174863388,2,0
12512.0,2,138.03,2011-10-04 14:55:00,2011-10-04 14:53:00,66,69.015,0,2.0,2,0
12513.0,1,612.29,2011-08-19 10:51:00,2011-08-19 10:51:00,113,612.29,0,1.0,2,0
12514.0,1,1017.6800000000001,2011-03-17 16:38:00,2011-03-17 16:38:00,267,1017.6800000000001,0,1.0,2,0
12515.0,1,383.7,2010-12-21 15:43:00,2010-12-21 15:43:00,353,383.7,0,1.0,2,0
12516.0,2,1312.06,2011-09-23 09:13:00,2011-06-12 11:37:00,78,656.03,102,0.019417475728155338,2,0
12517.0,5,2502.84,2011-11-11 14:04:00,2011-06-02 15:13:00,28,500.56800000000004,161,0.030864197530864196,1,1
12518.0,5,2056.89,2011-12-09 10:13:00,2011-08-21 13:18:00,1,411.378,109,0.045454545454545456,1,1
12519.0,1,340.84000000000003,2011-10-07 09:26:00,2011-10-07 09:26:00,64,340.84000000000003,0,1.0,2,0
12520.0,5,2634.26,2011-09-21 15:23:00,2011-03-11 11:35:00,79,526.8520000000001,194,0.02564102564102564,1,1
12521.0,1,599.68,2011-07-20 10:51:00,2011-07-20 10:51:00,143,599.68,0,1.0,2,0
12522.0,2,192.72,2011-10-31 15:30:00,2011-10-19 14:41:00,39,96.36,12,0.15384615384615385,2,0
12523.0,11,1789.77,2011-11-20 12:55:00,2011-01-12 09:43:00,19,162.70636363636365,312,0.03514376996805112,1,1
12524.0,8,4485.72,2011-11-30 15:31:00,2011-01-10 10:35:00,9,560.715,324,0.024615384615384615,1,1
12526.0,3,1316.66,2011-12-09 12:09:00,2011-09-06 14:19:00,1,438.8866666666667,93,0.031914893617021274,2,0
12527.0,3,348.71000000000004,2011-09-19 11:55:00,2011-01-18 12:05:00,82,116.23666666666668,243,0.012295081967213115,2,0
12528.0,6,1933.48,2011-11-30 14:40:00,2011-01-31 09:05:00,9,322.24666666666667,303,0.019736842105263157,1,1
12530.0,4,1662.28,2011-10-11 12:34:00,2011-01-07 10:04:00,60,415.57,277,0.014388489208633094,1,1
12531.0,1,125.22,2011-11-25 11:12:00,2011-11-25 11:12:00,15,125.22,0,1.0,2,0
12532.0,1,349.83000000000004,2011-11-09 13:47:00,2011-11-09 13:47:00,30,349.83000000000004,0,1.0,2,0
12534.0,1,1089.18,2011-08-01 10:26:00,2011-08-01 10:26:00,131,1089.18,0,1.0,2,0
12535.0,2,716.35,2011-09-09 08:48:00,2011-06-06 12:47:00,92,358.175,94,0.021052631578947368,2,0
12536.0,3,12601.830000000002,2011-10-27 14:20:00,2011-10-11 14:52:00,43,4200.610000000001,15,0.1875,0,2
12538.0,1,363.95,2011-11-10 17:16:00,2011-11-10 17:16:00,29,363.95,0,1.0,2,0
12539.0,4,5568.35,2011-11-17 13:30:00,2011-01-10 09:11:00,22,1392.0875,311,0.01282051282051282,1,1
12540.0,17,13400.24,2011-11-20 11:31:00,2010-12-13 09:39:00,20,788.2494117647059,342,0.04956268221574344,0,2
12541.0,3,981.18,2011-11-10 10:40:00,2011-03-04 09:32:00,30,327.06,251,0.011904761904761904,2,0
12544.0,1,372.7,2011-11-03 16:15:00,2011-11-03 16:15:00,36,372.7,0,1.0,2,0
12545.0,2,1000.39,2011-09-25 13:39:00,2011-03-25 12:04:00,75,500.195,184,0.010810810810810811,2,0
12546.0,2,1161.5,2011-10-24 12:09:00,2011-09-23 09:44:00,47,580.75,31,0.0625,2,0
12547.0,2,207.8,2011-05-26 12:38:00,2011-03-04 12:46:00,198,103.9,82,0.024096385542168676,2,0
12548.0,1,95.19999999999999,2011-06-26 15:35:00,2011-06-26 15:35:00,166,95.19999999999999,0,1.0,2,0
12550.0,1,964.83,2011-09-21 14:35:00,2011-09-21 14:35:00,79,964.83,0,1.0,2,0
12551.0,1,168.0,2010-12-17 11:23:00,2010-12-17 11:23:00,358,168.0,0,1.0,2,0
12552.0,2,437.82,2011-11-01 10:02:00,2011-10-31 12:11:00,39,218.91,0,2.0,2,0
12553.0,10,3692.28,2011-12-01 16:38:00,2011-01-14 10:42:00,8,369.228,321,0.031055900621118012,1,1
12556.0,2,603.71,2011-10-20 13:06:00,2011-07-11 13:35:00,50,301.855,100,0.019801980198019802,2,0
12557.0,5,11990.960000000001,2011-11-23 16:59:00,2010-12-03 12:20:00,16,2398.192,355,0.014044943820224719,0,2
12558.0,1,269.96,2011-12-02 10:41:00,2011-12-02 10:41:00,8,269.96,0,1.0,2,0
12559.0,2,561.71,2011-02-02 09:49:00,2011-01-24 10:12:00,311,280.855,8,0.2222222222222222,2,0
12560.0,3,2134.01,2011-12-04 13:54:00,2011-07-19 15:55:00,5,711.3366666666667,137,0.021739130434782608,1,1
12561.0,1,238.85,2011-02-10 11:39:00,2011-02-10 11:39:00,303,238.85,0,1.0,2,0
12562.0,7,3781.7400000000002,2011-12-01 17:20:00,2011-05-25 12:44:00,8,540.2485714285715,190,0.03664921465968586,1,1
12564.0,1,456.90000000000003,2011-03-23 14:55:00,2011-03-23 14:55:00,261,456.90000000000003,0,1.0,2,0
12565.0,1,145.92000000000002,2011-02-24 10:34:00,2011-02-24 10:34:00,289,145.92000000000002,0,1.0,2,0
12566.0,1,351.65,2011-09-14 14:30:00,2011-09-14 14:30:00,86,351.65,0,1.0,2,0
12567.0,10,9401.28,2011-11-17 11:02:00,2010-12-05 11:57:00,23,940.128,346,0.02881844380403458,0,2
12571.0,2,519.61,2011-10-31 10:19:00,2011-08-10 12:35:00,40,259.805,81,0.024390243902439025,2,0
12572.0,2,1020.4200000000001,2011-12-01 09:20:00,2011-10-19 08:20:00,9,510.21000000000004,43,0.045454545454545456,2,0
12573.0,1,160.54000000000002,2011-04-26 15:52:00,2011-04-26 15:52:00,227,160.54000000000002,0,1.0,2,0
12574.0,1,218.45000000000002,2011-01-28 09:20:00,2011-01-28 09:20:00,316,218.45000000000002,0,1.0,2,0
12576.0,5,1315.83,2011-11-04 10:11:00,2011-02-08 11:31:00,36,263.166,268,0.01858736059479554,1,1
12577.0,3,657.8,2011-11-04 13:24:00,2010-12-15 16:21:00,35,219.26666666666665,323,0.009259259259259259,2,0
12578.0,2,2794.51,2011-11-18 13:30:00,2011-01-13 15:34:00,21,1397.255,308,0.006472491909385114,1,1
12579.0,1,440.42,2011-09-22 17:15:00,2011-09-22 17:15:00,78,440.42,0,1.0,2,0
12580.0,1,415.7,2011-04-07 10:24:00,2011-04-07 10:24:00,247,415.7,0,1.0,2,0
12581.0,1,197.71,2011-10-31 08:56:00,2011-10-31 08:56:00,40,197.71,0,1.0,2,0
12582.0,2,511.36,2011-04-15 08:45:00,2011-02-24 11:42:00,239,255.68,49,0.04,2,0
12583.0,15,7281.38,2011-12-07 08:07:00,2010-12-01 08:45:00,3,485.42533333333336,370,0.04043126684636118,0,2
12584.0,9,2338.15,2011-12-06 09:35:00,2011-03-04 15:15:00,4,259.7944444444445,276,0.032490974729241874,1,1
12585.0,2,2040.1,2011-04-19 13:39:00,2010-12-23 12:58:00,234,1020.05,117,0.01694915254237288,1,1
12586.0,1,196.94000000000003,2011-11-22 16:24:00,2011-11-22 16:24:00,17,196.94000000000003,0,1.0,2,0
12587.0,1,144.0,2011-12-02 12:47:00,2011-12-02 12:47:00,8,144.0,0,1.0,2,0
12588.0,1,214.89999999999998,2011-10-31 15:01:00,2011-10-31 15:01:00,39,214.89999999999998,0,1.0,2,0
12589.0,2,646.68,2011-11-11 10:19:00,2011-07-18 12:05:00,29,323.34,115,0.017241379310344827,2,0
12590.0,2,9864.26,2011-05-12 14:52:00,2011-05-12 14:46:00,211,4932.13,0,2.0,0,2
12591.0,1,452.84999999999997,2011-01-26 14:35:00,2011-01-26 14:35:00,317,452.84999999999997,0,1.0,2,0
12592.0,2,437.6,2011-09-08 15:04:00,2011-05-10 13:44:00,92,218.8,121,0.01639344262295082,2,0
12593.0,3,418.1,2011-08-23 12:43:00,2011-05-05 09:29:00,109,139.36666666666667,110,0.02702702702702703,2,0
12594.0,10,3338.2200000000003,2011-11-02 12:20:00,2011-01-21 09:52:00,38,333.822,285,0.03496503496503497,1,1
12596.0,2,618.27,2011-10-19 13:02:00,2011-04-11 13:22:00,51,309.135,190,0.010471204188481676,2,0
12597.0,4,3811.22,2011-11-20 13:33:00,2011-03-16 14:00:00,19,952.805,248,0.01606425702811245,1,1
12598.0,8,3023.08,2011-11-30 12:18:00,2011-02-28 11:58:00,10,377.885,275,0.028985507246376812,1,1
12599.0,7,1032.58,2011-11-10 13:34:00,2011-02-08 13:28:00,29,147.51142857142855,275,0.025362318840579712,1,1
12600.0,10,2599.04,2011-11-11 10:29:00,2010-12-03 12:57:00,29,259.904,342,0.029154518950437316,1,1
12601.0,5,577.0600000000001,2011-06-03 10:17:00,2011-01-11 10:38:00,190,115.412,142,0.03496503496503497,2,0
12602.0,1,153.12,2011-10-12 11:22:00,2011-10-12 11:22:00,59,153.12,0,1.0,2,0
12603.0,1,739.1999999999999,2011-11-18 10:42:00,2011-11-18 10:42:00,22,739.1999999999999,0,1.0,2,0
12604.0,2,254.18,2011-09-21 14:08:00,2011-03-23 12:06:00,79,127.09,182,0.01092896174863388,2,0
12607.0,1,1579.51,2011-10-10 16:06:00,2011-10-10 16:06:00,60,1579.51,0,1.0,1,1
12609.0,3,1126.85,2011-09-22 16:34:00,2011-01-25 15:13:00,78,375.6166666666666,240,0.012448132780082987,2,0
12610.0,5,2099.54,2011-11-17 09:34:00,2011-08-05 13:52:00,23,419.908,103,0.04807692307692308,1,1
12611.0,1,1193.32,2011-10-18 13:12:00,2011-10-18 13:12:00,52,1193.32,0,1.0,2,0
12612.0,1,704.04,2011-09-26 15:35:00,2011-09-26 15:35:00,74,704.04,0,1.0,2,0
12613.0,5,3344.38,2011-10-13 14:59:00,2011-03-22 15:42:00,57,668.876,204,0.024390243902439025,1,1
12614.0,1,315.6,2011-03-07 10:22:00,2011-03-07 10:22:00,278,315.6,0,1.0,2,0
12615.0,4,2291.19,2011-12-07 15:02:00,2011-06-24 13:35:00,2,572.7975,166,0.023952095808383235,1,1
12616.0,2,713.3,2011-09-05 15:17:00,2011-02-15 14:17:00,95,356.65,202,0.009852216748768473,2,0
12617.0,1,355.53000000000003,2011-11-10 14:39:00,2011-11-10 14:39:00,29,355.53000000000003,0,1.0,2,0
12618.0,1,177.31,2011-11-18 11:10:00,2011-11-18 11:10:00,22,177.31,0,1.0,2,0
12619.0,9,3641.24,2011-11-23 14:52:00,2011-03-31 13:10:00,16,404.5822222222222,237,0.037815126050420166,1,1
12620.0,3,1339.41,2011-11-25 10:20:00,2011-05-19 12:10:00,15,446.47,189,0.015789473684210527,2,0
12621.0,20,13689.67,2011-12-08 11:25:00,2010-12-09 10:16:00,2,684.4835,364,0.0547945205479452,0,2
12622.0,1,180.1,2011-04-21 16:39:00,2011-04-21 16:39:00,232,180.1,0,1.0,2,0
12623.0,1,305.1,2011-03-08 13:50:00,2011-03-08 13:50:00,276,305.1,0,1.0,2,0
12624.0,2,641.13,2011-08-25 15:04:00,2011-06-15 12:34:00,106,320.565,71,0.027777777777777776,2,0
12625.0,2,2683.82,2011-05-12 09:54:00,2011-01-24 13:27:00,212,1341.91,107,0.018518518518518517,1,1
12626.0,9,6620.4800000000005,2011-11-16 16:06:00,2011-01-17 11:01:00,23,735.6088888888889,303,0.029605263157894735,0,2
12627.0,7,4478.53,2011-11-29 12:07:00,2011-07-22 13:59:00,11,639.79,129,0.05384615384615385,1,1
12628.0,3,786.46,2011-12-05 13:15:00,2011-10-06 09:28:00,4,262.15333333333336,60,0.04918032786885246,2,0
12630.0,2,1270.88,2011-11-30 10:48:00,2011-10-27 10:41:00,10,635.44,34,0.05714285714285714,2,0
12631.0,1,640.5,2011-10-13 13:53:00,2011-10-13 13:53:00,57,640.5,0,1.0,2,0
12633.0,4,2163.98,2011-10-12 11:40:00,2011-02-25 08:44:00,59,540.995,229,0.017391304347826087,1,1
12635.0,2,1689.18,2011-09-11 11:04:00,2011-07-08 08:43:00,90,844.59,65,0.030303030303030304,1,1
12637.0,8,6021.9,2011-10-03 13:46:00,2011-01-20 10:47:00,67,752.7375,256,0.0311284046692607,1,1
12638.0,1,671.69,2011-11-06 13:11:00,2011-11-06 13:11:00,33,671.69,0,1.0,2,0
12639.0,1,486.1,2011-04-15 12:48:00,2011-04-15 12:48:00,239,486.1,0,1.0,2,0
12640.0,3,1174.58,2011-11-16 11:52:00,2011-09-19 12:01:00,24,391.52666666666664,57,0.05172413793103448,2,0
12641.0,1,185.9,2011-08-16 13:26:00,2011-08-16 13:26:00,115,185.9,0,1.0,2,0
12642.0,3,1013.26,2011-11-14 15:03:00,2011-08-24 09:23:00,25,337.75333333333333,82,0.03614457831325301,2,0
12643.0,6,3344.64,2011-08-03 12:56:00,2011-01-11 11:48:00,128,557.4399999999999,204,0.02926829268292683,1,1
12644.0,1,477.90999999999997,2011-08-02 10:33:00,2011-08-02 10:33:00,130,477.90999999999997,0,1.0,2,0
12645.0,4,1775.18,2011-11-06 12:38:00,2011-01-27 13:08:00,34,443.795,282,0.014134275618374558,1,1
12646.0,2,1346.97,2011-12-05 10:14:00,2011-10-21 12:52:00,5,673.485,44,0.044444444444444446,2,0
12647.0,12,3722.82,2011-11-17 12:56:00,2010-12-05 14:02:00,22,310.235,346,0.0345821325648415,1,1
12648.0,1,318.05,2011-07-08 11:55:00,2011-07-08 11:55:00,155,318.05,0,1.0,2,0
12649.0,3,623.51,2011-08-24 14:41:00,2011-05-11 14:37:00,107,207.83666666666667,105,0.02830188679245283,2,0
12650.0,1,314.44,2011-12-06 16:34:00,2011-12-06 16:34:00,3,314.44,0,1.0,2,0
12651.0,1,114.0,2011-01-09 12:46:00,2011-01-09 12:46:00,335,114.0,0,1.0,2,0
12652.0,1,919.98,2011-01-12 15:00:00,2011-01-12 15:00:00,331,919.98,0,1.0,2,0
12653.0,2,2209.85,2011-07-14 10:41:00,2011-02-16 10:53:00,149,1104.925,147,0.013513513513513514,1,1
12654.0,5,601.98,2011-11-29 10:10:00,2011-02-17 13:16:00,11,120.396,284,0.017543859649122806,2,0
12656.0,5,4051.17,2011-11-22 13:42:00,2011-04-20 09:20:00,17,810.234,216,0.02304147465437788,1,1
12657.0,4,1643.18,2011-11-28 15:47:00,2011-09-22 11:40:00,11,410.795,67,0.058823529411764705,1,1
12658.0,1,686.05,2011-11-21 10:22:00,2011-11-21 10:22:00,19,686.05,0,1.0,2,0
12659.0,1,91.68,2011-11-10 11:53:00,2011-11-10 11:53:00,30,91.68,0,1.0,2,0
12660.0,1,245.10000000000002,2011-11-28 13:26:00,2011-11-28 13:26:00,11,245.10000000000002,0,1.0,2,0
12662.0,11,3849.78,2011-12-09 11:59:00,2010-12-01 13:04:00,1,349.98,372,0.029490616621983913,1,1
12664.0,9,4881.88,2011-12-01 17:07:00,2011-01-21 11:42:00,8,542.4311111111111,314,0.02857142857142857,1,1
12665.0,1,63.0,2011-01-19 08:34:00,2011-01-19 08:34:00,325,63.0,0,1.0,2,0
12667.0,1,620.13,2011-10-12 17:00:00,2011-10-12 17:00:00,58,620.13,0,1.0,2,0
12668.0,4,3807.15,2011-11-28 10:56:00,2010-12-19 12:46:00,12,951.7875,343,0.011627906976744186,1,1
12669.0,3,2744.0299999999997,2011-07-12 09:54:00,2011-03-28 10:15:00,151,914.6766666666666,105,0.02830188679245283,1,1
12670.0,5,2996.05,2011-11-29 15:23:00,2011-04-21 10:16:00,10,599.21,222,0.02242152466367713,1,1
12672.0,1,225.9,2011-01-14 09:20:00,2011-01-14 09:20:00,330,225.9,0,1.0,2,0
12673.0,2,610.52,2011-12-04 13:55:00,2011-01-17 11:46:00,5,305.26,321,0.006211180124223602,2,0
12674.0,4,1970.6,2011-11-01 12:12:00,2011-05-16 09:10:00,39,492.65,169,0.023529411764705882,1,1
12676.0,6,1331.39,2011-11-15 12:25:00,2011-02-01 15:41:00,25,221.89833333333334,286,0.020905923344947737,1,1
12678.0,12,17628.46,2011-10-28 13:04:00,2010-12-21 11:00:00,42,1469.0383333333332,311,0.038461538461538464,0,2
12679.0,4,1113.02,2011-10-12 12:30:00,2011-03-01 12:26:00,59,278.255,225,0.017699115044247787,2,0
12680.0,4,862.81,2011-12-09 12:50:00,2011-08-18 15:44:00,1,215.7025,112,0.035398230088495575,2,0
12681.0,22,13787.54,2011-11-25 11:33:00,2010-12-07 10:08:00,15,626.7063636363637,353,0.062146892655367235,0,2
12683.0,15,8476.57,2011-12-05 16:31:00,2010-12-09 10:37:00,4,565.1046666666666,361,0.04143646408839779,0,2
12684.0,7,2283.63,2011-12-02 09:53:00,2011-05-10 12:55:00,8,326.23285714285714,205,0.03398058252427184,1,1
12685.0,6,2863.08,2011-11-11 13:46:00,2011-09-07 10:28:00,28,477.18,65,0.09090909090909091,1,1
12686.0,1,89.14,2010-12-03 09:51:00,2010-12-03 09:51:00,372,89.14,0,1.0,2,0
12688.0,1,4873.81,2011-08-18 08:49:00,2011-08-18 08:49:00,114,4873.81,0,1.0,0,2
12689.0,2,1247.6100000000001,2011-11-14 08:31:00,2011-08-04 10:04:00,26,623.8050000000001,101,0.0196078431372549,2,0
12690.0,1,389.01,2011-05-18 09:09:00,2011-05-18 09:09:00,206,389.01,0,1.0,2,0
12691.0,6,1035.8,2011-11-11 16:49:00,2010-12-17 14:46:00,28,172.63333333333333,329,0.01818181818181818,1,1
12693.0,4,855.91,2011-08-04 17:51:00,2011-01-24 12:58:00,127,213.9775,192,0.02072538860103627,2,0
12694.0,2,869.67,2011-09-30 13:06:00,2011-06-09 17:48:00,70,434.835,112,0.017699115044247787,2,0
12695.0,4,582.1,2011-12-02 13:22:00,2011-05-13 13:15:00,7,145.525,203,0.0196078431372549,2,0
12697.0,3,957.59,2011-11-11 08:47:00,2011-06-23 15:44:00,29,319.19666666666666,140,0.02127659574468085,2,0
12700.0,4,4939.99,2011-12-02 10:47:00,2011-05-08 16:10:00,8,1234.9975,207,0.019230769230769232,1,1
12701.0,2,797.71,2011-09-21 10:47:00,2011-04-11 13:02:00,80,398.855,162,0.012269938650306749,2,0
12702.0,1,219.0,2011-11-20 10:36:00,2011-11-20 10:36:00,20,219.0,0,1.0,2,0
12703.0,1,283.55,2011-09-29 17:52:00,2011-09-29 17:52:00,71,283.55,0,1.0,2,0
12704.0,8,2340.84,2011-12-02 13:15:00,2011-06-23 10:20:00,7,292.605,162,0.049079754601226995,1,1
12705.0,9,6868.29,2011-11-24 13:17:00,2010-12-17 15:58:00,15,763.1433333333333,341,0.02631578947368421,0,2
12707.0,1,603.42,2011-02-21 08:38:00,2011-02-21 08:38:00,292,603.42,0,1.0,2,0
12708.0,10,2712.91,2011-11-10 09:52:00,2010-12-06 10:43:00,30,271.291,338,0.029498525073746312,1,1
12709.0,15,9736.52,2011-11-24 15:38:00,2010-12-08 09:49:00,15,649.1013333333334,351,0.04261363636363636,0,2
12710.0,3,1149.02,2011-09-04 12:00:00,2011-05-22 14:05:00,97,383.00666666666666,104,0.02857142857142857,2,0
12712.0,13,4396.13,2011-11-11 08:19:00,2010-12-03 14:30:00,29,338.1638461538462,342,0.037900874635568516,1,1
12713.0,1,848.55,2011-12-09 12:16:00,2011-12-09 12:16:00,1,848.55,0,1.0,2,0
12714.0,5,4708.86,2011-11-30 15:43:00,2011-02-18 10:53:00,9,941.7719999999999,285,0.017482517482517484,1,1
12715.0,1,353.86,2011-08-25 15:22:00,2011-08-25 15:22:00,106,353.86,0,1.0,2,0
12716.0,2,1053.49,2011-12-06 08:55:00,2011-07-29 13:28:00,4,526.745,129,0.015384615384615385,2,0
12717.0,2,1030.98,2011-07-11 14:47:00,2011-04-08 10:32:00,151,515.49,94,0.021052631578947368,2,0
12718.0,1,238.25,2011-09-29 16:38:00,2011-09-29 16:38:00,71,238.25,0,1.0,2,0
12719.0,2,644.95,2011-12-04 13:45:00,2011-10-05 14:50:00,5,322.475,59,0.03333333333333333,2,0
12720.0,25,5781.7300000000005,2011-12-07 08:03:00,2010-12-05 15:21:00,3,231.2692,366,0.0681198910081744,0,2
12721.0,6,2656.13,2011-11-08 12:13:00,2010-12-20 11:38:00,32,442.68833333333333,323,0.018518518518518517,1,1
12722.0,4,997.63,2011-09-15 14:50:00,2011-07-12 11:55:00,85,249.4075,65,0.06060606060606061,2,0
12723.0,5,725.07,2011-12-06 10:19:00,2011-10-05 15:52:00,4,145.014,61,0.08064516129032258,2,0
12724.0,4,1031.41,2011-12-04 16:02:00,2011-01-11 15:00:00,5,257.8525,327,0.012195121951219513,2,0
12725.0,1,427.8,2010-12-03 15:45:00,2010-12-03 15:45:00,371,427.8,0,1.0,2,0
12726.0,7,2609.1,2011-11-11 13:35:00,2010-12-17 12:56:00,28,372.7285714285714,329,0.021212121212121213,1,1
12727.0,7,3980.7000000000003,2011-11-29 11:46:00,2011-01-23 15:17:00,11,568.6714285714286,309,0.02258064516129032,1,1
12728.0,4,836.33,2011-09-29 15:31:00,2011-01-11 13:31:00,71,209.0825,261,0.015267175572519083,2,0
12729.0,1,453.01,2011-08-18 11:40:00,2011-08-18 11:40:00,114,453.01,0,1.0,2,0
12731.0,12,18895.91,2011-11-16 11:59:00,2010-12-10 10:56:00,24,1574.6591666666666,341,0.03508771929824561,0,2
12732.0,1,236.26000000000002,2011-06-13 11:33:00,2011-06-13 11:33:00,180,236.26000000000002,0,1.0,2,0
12733.0,1,383.95,2011-04-19 16:19:00,2011-04-19 16:19:00,234,383.95,0,1.0,2,0
12734.0,1,110.39999999999999,2010-12-22 12:47:00,2010-12-22 12:47:00,353,110.39999999999999,0,1.0,2,0
12735.0,2,779.5699999999999,2011-01-28 13:37:00,2011-01-06 14:26:00,315,389.78499999999997,21,0.09090909090909091,2,0
12736.0,1,234.0,2011-01-11 07:57:00,2011-01-11 07:57:00,333,234.0,0,1.0,2,0
12738.0,1,155.35,2010-12-02 18:27:00,2010-12-02 18:27:00,372,155.35,0,1.0,2,0
12739.0,2,1013.04,2011-09-22 13:00:00,2011-09-01 17:45:00,78,506.52,20,0.09523809523809523,2,0
12740.0,1,427.6,2011-10-07 10:44:00,2011-10-07 10:44:00,64,427.6,0,1.0,2,0
12743.0,2,546.43,2011-07-28 16:21:00,2011-07-28 16:06:00,134,273.215,0,2.0,2,0
12744.0,7,21279.29,2011-10-19 11:18:00,2011-01-25 13:26:00,52,3039.8985714285714,266,0.026217228464419477,0,2
12747.0,11,4196.01,2011-12-07 14:34:00,2010-12-05 15:38:00,2,381.4554545454546,366,0.02997275204359673,1,1
12749.0,5,4090.88,2011-12-06 09:56:00,2011-05-10 15:25:00,4,818.176,209,0.023809523809523808,1,1
12750.0,1,275.88,2011-08-03 09:13:00,2011-08-03 09:13:00,129,275.88,0,1.0,2,0
12752.0,1,4366.78,2011-09-19 13:32:00,2011-09-19 13:32:00,81,4366.78,0,1.0,0,2
12753.0,6,21429.39,2011-11-17 10:52:00,2010-12-12 11:44:00,23,3571.565,339,0.01764705882352941,0,2
12754.0,3,3010.74,2011-04-18 09:00:00,2011-02-04 10:31:00,236,1003.5799999999999,72,0.0410958904109589,1,1
12755.0,2,3811.9500000000003,2011-03-04 12:42:00,2010-12-09 10:44:00,281,1905.9750000000001,85,0.023255813953488372,1,1
12756.0,1,112.08,2011-09-14 09:31:00,2011-09-14 09:31:00,87,112.08,0,1.0,2,0
12757.0,13,7857.1,2011-11-24 12:30:00,2011-05-12 19:01:00,16,604.3923076923077,195,0.0663265306122449,0,2
12758.0,2,2791.59,2011-08-15 10:22:00,2011-03-08 12:05:00,117,1395.795,159,0.0125,1,1
12759.0,3,1531.44,2011-10-18 14:49:00,2011-03-09 08:09:00,52,510.48,223,0.013392857142857142,1,1
12762.0,2,1898.52,2011-12-02 10:23:00,2011-11-14 14:23:00,8,949.26,17,0.1111111111111111,1,1
12763.0,2,494.08,2011-07-24 14:12:00,2010-12-05 15:46:00,138,247.04,230,0.008658008658008658,2,0
12764.0,1,1693.88,2011-01-27 10:19:00,2011-01-27 10:19:00,317,1693.88,0,1.0,1,1
12766.0,7,6989.63,2011-12-06 08:46:00,2010-12-08 13:53:00,4,998.5185714285715,362,0.01928374655647383,0,2
12769.0,1,1143.6,2011-04-15 10:25:00,2011-04-15 10:25:00,239,1143.6,0,1.0,2,0
12770.0,1,1351.45,2011-05-13 09:33:00,2011-05-13 09:33:00,211,1351.45,0,1.0,2,0
12772.0,1,892.47,2011-10-11 09:19:00,2011-10-11 09:19:00,60,892.47,0,1.0,2,0
12775.0,5,1386.04,2011-11-22 16:33:00,2011-02-01 13:45:00,17,277.20799999999997,294,0.01694915254237288,1,1
12778.0,6,822.23,2011-11-20 11:30:00,2011-01-31 14:35:00,20,137.03833333333333,292,0.020477815699658702,1,1
12779.0,8,3981.36,2011-11-02 11:43:00,2010-12-03 13:40:00,38,497.67,333,0.023952095808383235,1,1
12781.0,2,826.74,2011-10-07 10:37:00,2011-02-28 08:43:00,64,413.37,221,0.009009009009009009,2,0
12782.0,5,2330.92,2011-12-05 09:16:00,2010-12-17 11:30:00,5,466.184,352,0.014164305949008499,1,1
12783.0,6,2225.91,2011-12-07 15:56:00,2011-09-25 15:35:00,2,370.98499999999996,73,0.08108108108108109,1,1
12784.0,2,574.42,2011-11-30 15:38:00,2011-11-24 12:53:00,9,287.21,6,0.2857142857142857,2,0
12785.0,1,311.95,2010-12-10 13:48:00,2010-12-10 13:48:00,364,311.95,0,1.0,2,0
12787.0,3,463.66,2011-11-30 08:44:00,2011-05-31 09:36:00,10,154.55333333333334,182,0.01639344262295082,2,0
12789.0,1,91.85,2011-10-05 13:34:00,2011-10-05 13:34:00,65,91.85,0,1.0,2,0
12790.0,1,324.92,2011-05-31 14:14:00,2011-05-31 14:14:00,192,324.92,0,1.0,2,0
12791.0,1,192.60000000000002,2010-12-01 11:27:00,2010-12-01 11:27:00,374,192.60000000000002,0,1.0,2,0
12792.0,1,400.54,2011-03-28 11:36:00,2011-03-28 11:36:00,257,400.54,0,1.0,2,0
12793.0,2,545.48,2011-01-09 12:12:00,2010-12-03 15:14:00,335,272.74,36,0.05405405405405406,2,0
12794.0,2,860.41,2011-10-17 14:54:00,2011-09-02 12:01:00,53,430.205,45,0.043478260869565216,2,0
12795.0,1,430.48,2011-11-21 10:27:00,2011-11-21 10:27:00,19,430.48,0,1.0,2,0
12797.0,1,254.03,2010-12-09 10:55:00,2010-12-09 10:55:00,366,254.03,0,1.0,2,0
12798.0,3,6977.04,2011-11-29 15:52:00,2011-06-22 10:11:00,10,2325.68,160,0.018633540372670808,0,2
12802.0,1,427.58,2011-06-06 09:36:00,2011-06-06 09:36:00,187,427.58,0,1.0,2,0
12808.0,3,483.65000000000003,2011-11-03 10:05:00,2010-12-06 10:27:00,37,161.21666666666667,331,0.009036144578313253,2,0
12809.0,1,489.31,2011-06-15 10:51:00,2011-06-15 10:51:00,178,489.31,0,1.0,2,0
12811.0,3,514.85,2011-03-24 09:42:00,2011-02-28 15:39:00,261,171.61666666666667,23,0.125,2,0
12812.0,1,229.64000000000001,2011-10-26 09:54:00,2011-10-26 09:54:00,45,229.64000000000001,0,1.0,2,0
12814.0,1,125.92,2011-08-30 12:11:00,2011-08-30 12:11:00,102,125.92,0,1.0,2,0
12815.0,2,1063.46,2011-07-15 10:21:00,2011-05-25 13:34:00,148,531.73,50,0.0392156862745098,2,0
12816.0,2,572.2,2011-09-05 12:41:00,2011-06-16 13:24:00,96,286.1,80,0.024691358024691357,2,0
12817.0,1,166.04000000000002,2011-03-03 16:28:00,2011-03-03 16:28:00,281,166.04000000000002,0,1.0,2,0
12818.0,1,1542.08,2011-03-23 12:06:00,2011-03-23 12:06:00,262,1542.08,0,1.0,2,0
12820.0,4,942.34,2011-12-06 15:12:00,2011-01-17 12:34:00,3,235.585,323,0.012345679012345678,2,0
12821.0,1,92.72,2011-05-09 15:51:00,2011-05-09 15:51:00,214,92.72,0,1.0,2,0
12822.0,2,948.88,2011-09-30 10:04:00,2011-09-13 13:46:00,71,474.44,16,0.11764705882352941,2,0
12823.0,5,1759.5,2011-09-26 07:35:00,2011-02-16 12:15:00,75,351.9,221,0.02252252252252252,1,1
12824.0,1,397.12,2011-10-11 12:49:00,2011-10-11 12:49:00,60,397.12,0,1.0,2,0
12826.0,7,1474.72,2011-12-07 10:25:00,2010-12-09 15:21:00,3,210.67428571428573,362,0.01928374655647383,1,1
12827.0,3,430.15,2011-12-04 12:17:00,2011-10-26 15:44:00,6,143.38333333333333,38,0.07692307692307693,2,0
12828.0,6,1018.71,2011-12-07 08:45:00,2011-08-01 16:16:00,3,169.785,127,0.046875,2,0
12829.0,2,293.0,2011-01-07 11:13:00,2010-12-14 14:54:00,337,146.5,23,0.08333333333333333,2,0
12830.0,6,6814.64,2011-11-02 11:54:00,2011-06-21 10:53:00,38,1135.7733333333333,134,0.044444444444444446,0,2
12831.0,1,215.05,2011-03-22 13:02:00,2011-03-22 13:02:00,262,215.05,0,1.0,2,0
12832.0,2,383.03000000000003,2011-11-07 13:30:00,2011-09-02 13:48:00,32,191.51500000000001,65,0.030303030303030304,2,0
12833.0,1,417.38,2011-07-17 13:46:00,2011-07-17 13:46:00,145,417.38,0,1.0,2,0
12834.0,1,312.38,2011-03-02 09:49:00,2011-03-02 09:49:00,283,312.38,0,1.0,2,0
12836.0,4,2612.86,2011-10-11 15:10:00,2011-02-01 11:19:00,59,653.215,252,0.015810276679841896,1,1
12837.0,1,134.1,2011-06-19 16:07:00,2011-06-19 16:07:00,173,134.1,0,1.0,2,0
12838.0,2,683.13,2011-11-06 12:20:00,2010-12-01 11:57:00,34,341.565,340,0.005865102639296188,2,0
12839.0,14,5591.42,2011-12-07 12:33:00,2010-12-07 15:48:00,3,399.38714285714286,364,0.038356164383561646,1,1
12840.0,4,2726.77,2011-07-19 09:29:00,2011-04-27 12:21:00,144,681.6925,82,0.04819277108433735,1,1
12841.0,25,4022.35,2011-12-05 11:13:00,2010-12-03 10:43:00,5,160.894,367,0.06793478260869565,1,1
12842.0,2,1118.99,2011-09-30 15:33:00,2011-02-04 12:36:00,70,559.495,238,0.008368200836820083,2,0
12843.0,8,1702.26,2011-10-05 12:09:00,2011-03-20 14:38:00,66,212.7825,198,0.04020100502512563,1,1
12844.0,2,325.96000000000004,2011-11-10 13:31:00,2011-08-01 13:11:00,29,162.98000000000002,101,0.0196078431372549,2,0
12845.0,4,354.09000000000003,2011-03-17 13:34:00,2011-02-22 14:10:00,267,88.52250000000001,22,0.17391304347826086,2,0
12847.0,1,871.54,2011-11-17 13:16:00,2011-11-17 13:16:00,22,871.54,0,1.0,2,0
12849.0,2,1050.89,2011-11-08 13:41:00,2011-03-16 12:26:00,31,525.445,237,0.008403361344537815,2,0
12851.0,1,135.18,2011-09-04 12:41:00,2011-09-04 12:41:00,97,135.18,0,1.0,2,0
12852.0,1,311.55,2011-02-18 08:47:00,2011-02-18 08:47:00,295,311.55,0,1.0,2,0
12853.0,6,1957.1000000000001,2011-07-28 11:29:00,2011-01-28 10:28:00,135,326.18333333333334,181,0.03296703296703297,1,1
12854.0,3,1324.5,2011-09-22 12:15:00,2011-01-25 13:35:00,79,441.5,239,0.0125,2,0
12855.0,1,38.1,2010-12-02 09:37:00,2010-12-02 09:37:00,373,38.1,0,1.0,2,0
12856.0,6,2179.93,2011-12-02 10:52:00,2011-10-07 12:38:00,8,363.32166666666666,55,0.10714285714285714,1,1
12857.0,2,1106.4,2011-05-13 10:20:00,2011-02-10 12:32:00,211,553.2,91,0.021739130434782608,2,0
12863.0,1,521.2,2011-10-18 14:15:00,2011-10-18 14:15:00,52,521.2,0,1.0,2,0
12864.0,1,147.12,2011-07-24 13:03:00,2011-07-24 13:03:00,138,147.12,0,1.0,2,0
12865.0,2,1568.23,2011-11-13 14:31:00,2011-08-08 10:11:00,26,784.115,97,0.02040816326530612,1,1
12866.0,1,559.12,2011-03-01 14:11:00,2011-03-01 14:11:00,283,559.12,0,1.0,2,0
12867.0,7,4036.82,2011-11-13 15:30:00,2010-12-14 16:39:00,26,576.6885714285714,333,0.020958083832335328,1,1
12868.0,6,1607.0600000000002,2011-06-07 10:42:00,2010-12-01 12:50:00,186,267.84333333333336,187,0.031914893617021274,1,1
12871.0,2,380.64,2011-09-16 15:07:00,2011-05-16 13:32:00,84,190.32,123,0.016129032258064516,2,0
12872.0,2,599.97,2011-01-17 10:52:00,2010-12-09 14:44:00,327,299.985,38,0.05128205128205128,2,0
12873.0,1,374.0,2011-03-02 14:58:00,2011-03-02 14:58:00,282,374.0,0,1.0,2,0
12875.0,2,343.2300000000001,2011-07-19 15:30:00,2010-12-12 12:03:00,143,171.61500000000004,219,0.00909090909090909,2,0
12876.0,2,2218.02,2011-10-13 12:26:00,2011-05-27 13:34:00,58,1109.01,138,0.014388489208633094,1,1
12877.0,12,1535.77,2011-12-06 10:30:00,2010-12-16 12:23:00,4,127.98083333333334,354,0.03380281690140845,1,1
12878.0,2,854.99,2011-04-17 13:07:00,2011-03-18 14:02:00,236,427.495,29,0.06666666666666667,2,0
12879.0,3,573.22,2011-10-26 12:24:00,2011-09-09 12:11:00,45,191.07333333333335,47,0.0625,2,0
12881.0,1,298.0,2011-03-09 11:44:00,2011-03-09 11:44:00,276,298.0,0,1.0,2,0
12882.0,2,1463.04,2011-11-30 16:18:00,2011-11-06 11:22:00,9,731.52,24,0.08,2,0
12883.0,4,703.47,2011-11-15 09:32:00,2011-09-11 15:18:00,25,175.8675,64,0.06153846153846154,2,0
12884.0,1,309.05,2011-09-12 13:10:00,2011-09-12 13:10:00,88,309.05,0,1.0,2,0
12885.0,3,1175.22,2011-10-07 13:40:00,2011-08-08 11:45:00,63,391.74,60,0.04918032786885246,2,0
12886.0,2,1378.4,2011-10-03 10:09:00,2011-05-04 11:21:00,68,689.2,151,0.013157894736842105,2,0
12888.0,2,354.12,2011-05-09 16:02:00,2011-03-29 14:31:00,214,177.06,41,0.047619047619047616,2,0
12890.0,1,380.46999999999997,2011-11-15 17:26:00,2011-11-15 17:26:00,24,380.46999999999997,0,1.0,2,0
12891.0,3,331.0,2011-06-07 12:31:00,2011-02-20 11:28:00,186,110.33333333333333,107,0.027777777777777776,2,0
12893.0,1,188.14,2011-11-09 12:34:00,2011-11-09 12:34:00,31,188.14,0,1.0,2,0
12895.0,2,372.8,2011-10-28 13:51:00,2011-09-14 08:35:00,42,186.4,44,0.044444444444444446,2,0
12897.0,2,216.5,2011-05-19 12:13:00,2011-02-11 11:40:00,205,108.25,97,0.02040816326530612,2,0
12902.0,1,138.68,2011-03-20 12:06:00,2011-03-20 12:06:00,265,138.68,0,1.0,2,0
12904.0,2,509.58,2011-11-21 14:34:00,2011-06-20 13:18:00,18,254.79,154,0.012903225806451613,2,0
12906.0,5,2919.81,2011-11-28 09:55:00,2011-09-22 15:03:00,12,583.962,66,0.07462686567164178,1,1
12908.0,2,750.0,2011-06-16 15:39:00,2011-01-31 12:37:00,176,375.0,136,0.014598540145985401,2,0
12909.0,5,2178.67,2011-10-31 12:43:00,2011-03-31 12:51:00,40,435.73400000000004,213,0.02336448598130841,1,1
12910.0,8,3075.04,2011-11-16 14:28:00,2011-04-12 10:01:00,23,384.38,218,0.0365296803652968,1,1
12912.0,5,1662.3,2011-12-07 08:55:00,2011-10-30 11:35:00,3,332.46,37,0.13157894736842105,1,1
12913.0,5,2483.63,2011-12-05 12:11:00,2010-12-06 16:36:00,5,496.726,363,0.013736263736263736,1,1
12915.0,2,363.65,2011-07-14 11:34:00,2010-12-02 12:33:00,149,181.825,223,0.008928571428571428,2,0
12916.0,4,3006.15,2011-07-24 10:35:00,2011-01-23 10:43:00,139,751.5375,181,0.02197802197802198,1,1
12917.0,1,594.0,2011-08-03 16:42:00,2011-08-03 16:42:00,128,594.0,0,1.0,2,0
12919.0,6,1335.19,2011-12-01 13:47:00,2011-06-23 09:22:00,8,222.53166666666667,161,0.037037037037037035,1,1
12920.0,1,164.23,2011-11-22 15:05:00,2011-11-22 15:05:00,17,164.23,0,1.0,2,0
12922.0,1,405.38,2011-07-01 15:35:00,2011-07-01 15:35:00,161,405.38,0,1.0,2,0
12923.0,1,176.97,2011-10-06 16:20:00,2011-10-06 16:20:00,64,176.97,0,1.0,2,0
12924.0,4,933.7,2011-09-12 13:55:00,2011-01-16 11:49:00,88,233.425,239,0.016666666666666666,2,0
12925.0,2,694.05,2011-12-05 11:11:00,2011-09-26 11:05:00,5,347.025,70,0.028169014084507043,2,0
12928.0,5,2062.7,2011-11-04 14:24:00,2010-12-15 15:45:00,35,412.53999999999996,323,0.015432098765432098,1,1
12929.0,1,117.85,2011-02-01 12:08:00,2011-02-01 12:08:00,312,117.85,0,1.0,2,0
12930.0,2,415.8,2011-09-22 15:18:00,2011-06-21 13:25:00,78,207.9,93,0.02127659574468085,2,0
12933.0,3,607.53,2011-11-15 16:38:00,2011-03-01 11:30:00,24,202.51,259,0.011538461538461539,2,0
12935.0,7,2160.7,2011-12-07 17:25:00,2011-01-24 13:58:00,2,308.6714285714285,317,0.0220125786163522,1,1
12936.0,4,1063.9,2011-11-22 17:32:00,2011-09-22 13:51:00,17,265.975,61,0.06451612903225806,2,0
12937.0,4,1504.27,2011-11-24 15:05:00,2011-03-17 14:19:00,15,376.0675,252,0.015810276679841896,1,1
12938.0,1,114.14,2011-11-14 11:21:00,2011-11-14 11:21:00,26,114.14,0,1.0,2,0
12939.0,8,11581.8,2011-10-06 14:33:00,2011-01-09 11:20:00,64,1447.725,270,0.02952029520295203,0,2
12940.0,2,913.54,2011-10-16 12:09:00,2011-09-13 10:16:00,55,456.77,33,0.058823529411764705,2,0
12942.0,3,683.9,2011-07-31 14:39:00,2010-12-09 09:34:00,131,227.96666666666667,234,0.01276595744680851,2,0
12944.0,2,604.51,2011-11-04 11:04:00,2010-12-20 10:41:00,36,302.255,319,0.00625,2,0
12945.0,1,462.95,2011-02-24 14:15:00,2011-02-24 14:15:00,288,462.95,0,1.0,2,0
12947.0,6,1603.99,2011-07-19 10:06:00,2010-12-01 16:21:00,144,267.33166666666665,229,0.02608695652173913,1,1
12948.0,7,2064.95,2011-11-23 17:10:00,2011-03-20 10:17:00,16,294.99285714285713,248,0.028112449799196786,1,1
12949.0,8,4167.22,2011-11-09 11:25:00,2011-04-01 13:20:00,31,520.9025,221,0.036036036036036036,1,1
12950.0,3,1843.0,2011-12-07 13:17:00,2011-11-15 13:48:00,2,614.3333333333334,21,0.13636363636363635,1,1
12951.0,6,1064.07,2011-12-01 12:14:00,2011-01-13 10:33:00,9,177.345,322,0.018575851393188854,1,1
12952.0,4,1387.79,2011-12-04 10:35:00,2011-09-22 16:37:00,6,346.9475,72,0.0547945205479452,2,0
12953.0,1,329.85,2011-11-30 09:24:00,2011-11-30 09:24:00,10,329.85,0,1.0,2,0
12955.0,11,4757.16,2011-12-08 16:29:00,2011-03-17 09:03:00,1,432.4690909090909,266,0.04119850187265917,1,1
12956.0,1,108.07,2011-02-06 16:08:00,2011-02-06 16:08:00,306,108.07,0,1.0,2,0
12957.0,8,4017.54,2011-11-30 09:53:00,2011-01-04 12:18:00,10,502.1925,329,0.024242424242424242,1,1
12962.0,2,266.39,2011-12-02 15:55:00,2011-08-18 13:38:00,7,133.195,106,0.018691588785046728,2,0
12963.0,8,1856.63,2011-12-01 12:55:00,2010-12-09 09:14:00,8,232.07875,357,0.0223463687150838,1,1
12965.0,1,771.91,2011-09-11 15:31:00,2011-09-11 15:31:00,89,771.91,0,1.0,2,0
12966.0,1,160.18,2011-11-30 12:38:00,2011-11-30 12:38:00,10,160.18,0,1.0,2,0
12967.0,2,1660.9,2010-12-16 19:10:00,2010-12-03 09:49:00,358,830.45,13,0.14285714285714285,2,0
12968.0,1,135.95,2011-08-19 15:44:00,2011-08-19 15:44:00,112,135.95,0,1.0,2,0
12970.0,4,452.24,2011-12-02 14:30:00,2011-01-21 14:04:00,7,113.06,315,0.012658227848101266,2,0
12974.0,1,144.8,2011-05-26 09:33:00,2011-05-26 09:33:00,198,144.8,0,1.0,2,0
12976.0,1,738.6,2011-05-12 09:55:00,2011-05-12 09:55:00,212,738.6,0,1.0,2,0
12977.0,1,39.239999999999995,2011-07-06 16:40:00,2011-07-06 16:40:00,156,39.239999999999995,0,1.0,2,0
12980.0,9,7374.900000000001,2011-07-05 09:34:00,2010-12-16 11:36:00,158,819.4333333333334,200,0.04477611940298507,0,2
12981.0,2,372.21999999999997,2011-11-10 12:00:00,2011-07-29 14:14:00,30,186.10999999999999,103,0.019230769230769232,2,0
12982.0,1,390.54,2011-04-11 11:51:00,2011-04-11 11:51:00,243,390.54,0,1.0,2,0
12984.0,1,97.5,2011-11-21 12:37:00,2011-11-21 12:37:00,19,97.5,0,1.0,2,0
12985.0,2,1239.38,2011-12-09 10:46:00,2011-11-11 12:44:00,1,619.69,27,0.07142857142857142,2,0
12987.0,2,558.7,2011-09-27 12:03:00,2011-05-26 12:00:00,74,279.35,124,0.016,2,0
12988.0,1,535.32,2011-02-20 14:31:00,2011-02-20 14:31:00,292,535.32,0,1.0,2,0
12989.0,15,6924.11,2011-12-06 15:28:00,2010-12-10 13:24:00,3,461.6073333333333,361,0.04143646408839779,0,2
12990.0,3,409.5,2011-11-08 13:01:00,2011-02-02 15:39:00,31,136.5,278,0.010752688172043012,2,0
12991.0,2,503.76,2011-11-16 15:34:00,2011-08-19 14:39:00,23,251.88,89,0.022222222222222223,2,0
12993.0,4,414.76,2011-11-16 15:49:00,2011-02-14 14:29:00,23,103.69,275,0.014492753623188406,2,0
12994.0,3,974.42,2011-12-05 15:43:00,2011-03-16 08:31:00,4,324.8066666666667,264,0.011320754716981131,2,0
12995.0,1,211.32,2011-09-15 15:44:00,2011-09-15 15:44:00,85,211.32,0,1.0,2,0
12997.0,4,1226.89,2011-11-17 15:47:00,2011-01-26 15:49:00,22,306.7225,294,0.013559322033898305,2,0
12999.0,3,455.88,2011-05-27 13:24:00,2011-04-08 10:26:00,196,151.96,49,0.06,2,0
13000.0,3,534.85,2011-08-25 10:43:00,2010-12-10 10:26:00,107,178.28333333333333,258,0.011583011583011582,2,0
13001.0,13,9818.82,2011-12-05 14:51:00,2011-01-17 12:45:00,4,755.2938461538462,322,0.04024767801857585,0,2
13002.0,1,120.95,2011-01-25 15:18:00,2011-01-25 15:18:00,318,120.95,0,1.0,2,0
13003.0,3,149.05,2011-08-26 10:50:00,2011-05-09 08:23:00,106,49.68333333333334,109,0.02727272727272727,2,0
13004.0,18,5655.91,2011-11-28 11:27:00,2010-12-17 08:20:00,12,314.21722222222223,346,0.05187319884726225,0,2
13005.0,2,513.7,2011-06-19 10:53:00,2011-04-07 13:32:00,174,256.85,72,0.0273972602739726,2,0
13006.0,1,81.57,2011-10-14 13:49:00,2011-10-14 13:49:00,56,81.57,0,1.0,2,0
13008.0,1,229.47,2011-01-20 14:24:00,2011-01-20 14:24:00,323,229.47,0,1.0,2,0
13011.0,1,50.550000000000004,2010-12-02 17:22:00,2010-12-02 17:22:00,372,50.550000000000004,0,1.0,2,0
13012.0,8,1661.8400000000001,2011-11-30 13:05:00,2011-02-18 09:43:00,9,207.73000000000002,285,0.027972027972027972,1,1
13013.0,13,4810.9400000000005,2011-12-08 15:01:00,2010-12-03 12:28:00,1,370.07230769230773,370,0.03504043126684636,1,1
13014.0,10,3466.28,2011-11-29 12:27:00,2011-03-03 18:28:00,11,346.62800000000004,270,0.03690036900369004,1,1
13015.0,5,3346.28,2011-10-17 13:19:00,2011-04-04 14:28:00,53,669.2560000000001,195,0.025510204081632654,1,1
13016.0,3,789.89,2011-09-27 14:08:00,2011-08-08 15:00:00,73,263.2966666666667,49,0.06,2,0
13017.0,1,204.0,2011-12-02 15:53:00,2011-12-02 15:53:00,7,204.0,0,1.0,2,0
13021.0,9,2616.38,2011-12-05 16:37:00,2010-12-16 10:12:00,4,290.7088888888889,354,0.02535211267605634,1,1
13023.0,2,689.9,2011-10-06 16:27:00,2011-08-02 09:34:00,64,344.95,65,0.030303030303030304,2,0
13026.0,5,975.36,2011-12-08 16:58:00,2011-03-09 11:35:00,1,195.072,274,0.01818181818181818,2,0
13027.0,6,6912.0,2011-08-18 09:39:00,2010-12-20 12:45:00,114,1152.0,240,0.024896265560165973,0,2
13028.0,2,661.3199999999999,2011-11-17 11:10:00,2011-10-25 14:09:00,23,330.65999999999997,22,0.08695652173913043,2,0
13029.0,3,1247.5,2011-11-09 09:13:00,2010-12-21 13:53:00,31,415.8333333333333,322,0.009287925696594427,2,0
13030.0,2,799.48,2011-11-28 14:30:00,2010-12-06 14:31:00,11,399.74,356,0.0056022408963585435,2,0
13032.0,2,1010.1800000000001,2011-10-18 15:54:00,2011-09-13 16:40:00,52,505.09000000000003,34,0.05714285714285714,2,0
13033.0,1,190.55,2010-12-17 14:23:00,2010-12-17 14:23:00,357,190.55,0,1.0,2,0
13034.0,2,642.77,2011-10-16 12:21:00,2010-12-05 14:52:00,55,321.385,314,0.006349206349206349,2,0
13035.0,2,921.88,2011-09-27 08:57:00,2011-03-24 09:21:00,74,460.94,186,0.0106951871657754,2,0
13037.0,3,881.07,2011-07-24 15:46:00,2011-03-28 15:42:00,138,293.69,118,0.025210084033613446,2,0
13038.0,3,908.46,2011-09-20 14:37:00,2011-02-22 11:43:00,80,302.82,210,0.014218009478672985,2,0
13040.0,2,676.99,2011-12-01 10:38:00,2011-11-06 13:53:00,9,338.495,24,0.08,2,0
13043.0,1,516.42,2011-03-11 14:52:00,2011-03-11 14:52:00,273,516.42,0,1.0,2,0
13044.0,1,560.47,2011-02-21 15:20:00,2011-02-21 15:20:00,291,560.47,0,1.0,2,0
13045.0,1,305.28000000000003,2011-09-01 15:04:00,2011-09-01 15:04:00,99,305.28000000000003,0,1.0,2,0
13046.0,2,629.31,2011-11-09 08:36:00,2011-03-18 15:43:00,31,314.655,235,0.00847457627118644,2,0
13047.0,10,3237.54,2011-11-08 12:06:00,2010-12-01 08:34:00,32,323.754,342,0.029154518950437316,1,1
13048.0,4,1835.91,2011-11-25 13:23:00,2011-01-16 14:36:00,14,458.9775,312,0.012779552715654952,1,1
13049.0,2,656.6800000000001,2011-10-06 15:31:00,2011-01-25 16:33:00,64,328.34000000000003,253,0.007874015748031496,2,0
13050.0,17,5836.86,2011-11-25 09:18:00,2010-12-08 09:30:00,15,343.3447058823529,351,0.048295454545454544,0,2
13052.0,1,348.15000000000003,2011-05-11 14:12:00,2011-05-11 14:12:00,212,348.15000000000003,0,1.0,2,0
13055.0,3,1214.41,2011-09-22 14:26:00,2011-05-10 08:58:00,78,404.80333333333334,135,0.022058823529411766,2,0
13058.0,3,271.40000000000003,2011-11-15 12:43:00,2011-07-11 12:01:00,25,90.46666666666668,127,0.0234375,2,0
13059.0,1,183.4,2011-04-04 10:40:00,2011-04-04 10:40:00,250,183.4,0,1.0,2,0
13060.0,1,307.53000000000003,2011-03-31 11:37:00,2011-03-31 11:37:00,254,307.53000000000003,0,1.0,2,0
13061.0,1,248.61,2011-09-28 16:04:00,2011-09-28 16:04:00,72,248.61,0,1.0,2,0
13062.0,1,346.98,2011-06-01 15:12:00,2011-06-01 15:12:00,191,346.98,0,1.0,2,0
13064.0,4,1119.49,2011-11-27 12:31:00,2011-01-16 13:41:00,13,279.8725,314,0.012698412698412698,2,0
13065.0,1,205.86,2010-12-01 16:52:00,2010-12-01 16:52:00,373,205.86,0,1.0,2,0
13066.0,2,470.8,2011-11-15 12:57:00,2011-11-07 17:06:00,24,235.4,7,0.25,2,0
13067.0,1,115.46000000000001,2011-09-18 13:38:00,2011-09-18 13:38:00,82,115.46000000000001,0,1.0,2,0
13068.0,2,344.0,2011-11-29 15:00:00,2011-01-24 08:20:00,10,172.0,309,0.0064516129032258064,2,0
13069.0,24,4436.12,2011-12-09 08:39:00,2010-12-05 11:02:00,1,184.83833333333334,368,0.06504065040650407,1,1
13070.0,1,228.8,2011-05-31 13:45:00,2011-05-31 13:45:00,192,228.8,0,1.0,2,0
13072.0,1,177.15,2011-03-18 08:12:00,2011-03-18 08:12:00,267,177.15,0,1.0,2,0
13075.0,1,919.61,2011-08-02 10:19:00,2011-08-02 10:19:00,130,919.61,0,1.0,2,0
13077.0,4,729.27,2011-12-08 19:24:00,2010-12-08 14:59:00,1,182.3175,365,0.01092896174863388,2,0
13078.0,26,12627.94,2011-12-06 15:36:00,2010-12-08 09:07:00,3,485.69,363,0.07142857142857142,0,2
13079.0,5,220.10000000000002,2011-12-05 16:53:00,2011-07-22 14:41:00,4,44.02,136,0.0364963503649635,2,0
13080.0,1,58.08,2011-06-13 14:59:00,2011-06-13 14:59:00,179,58.08,0,1.0,2,0
13081.0,11,28337.38,2011-11-28 10:54:00,2010-12-03 17:20:00,12,2576.1254545454544,359,0.030555555555555555,0,2
13082.0,9,3613.63,2011-08-05 16:16:00,2011-01-05 15:42:00,126,401.51444444444445,212,0.04225352112676056,1,1
13083.0,2,303.75,2011-12-05 15:01:00,2011-09-25 10:46:00,4,151.875,71,0.027777777777777776,2,0
13085.0,2,416.08,2011-07-05 12:11:00,2011-02-17 13:57:00,158,208.04,137,0.014492753623188406,2,0
13090.0,14,8910.82,2011-12-01 12:39:00,2010-12-02 07:48:00,9,636.4871428571429,364,0.038356164383561646,0,2
13091.0,1,345.82,2011-11-11 15:54:00,2011-11-11 15:54:00,28,345.82,0,1.0,2,0
13092.0,5,477.83,2011-09-30 11:18:00,2010-12-15 12:27:00,71,95.566,288,0.01730103806228374,2,0
13093.0,8,7832.47,2011-03-09 12:14:00,2010-12-01 15:00:00,276,979.05875,97,0.08163265306122448,0,2
13094.0,12,1927.3200000000002,2011-11-18 14:07:00,2010-12-06 10:34:00,21,160.61,347,0.034482758620689655,1,1
13095.0,1,74.39999999999999,2011-09-30 12:03:00,2011-09-30 12:03:00,71,74.39999999999999,0,1.0,2,0
13097.0,10,6010.42,2011-11-07 10:43:00,2010-12-14 15:13:00,33,601.042,327,0.03048780487804878,1,1
13099.0,1,207.36,2011-09-01 17:40:00,2011-09-01 17:40:00,99,207.36,0,1.0,2,0
13101.0,1,101.19,2011-04-19 14:37:00,2011-04-19 14:37:00,234,101.19,0,1.0,2,0
13102.0,24,6424.09,2011-12-08 12:52:00,2010-12-09 13:38:00,1,267.67041666666665,363,0.06593406593406594,0,2
13103.0,1,243.94,2011-10-31 09:38:00,2011-10-31 09:38:00,40,243.94,0,1.0,2,0
13104.0,6,1098.48,2011-12-06 13:10:00,2010-12-20 11:58:00,3,183.08,351,0.017045454545454544,1,1
13106.0,1,76.5,2011-07-29 15:12:00,2011-07-29 15:12:00,133,76.5,0,1.0,2,0
13107.0,4,1531.6200000000001,2011-10-26 14:52:00,2011-01-10 12:28:00,44,382.90500000000003,289,0.013793103448275862,1,1
13108.0,1,350.06,2010-12-02 10:35:00,2010-12-02 10:35:00,373,350.06,0,1.0,2,0
13109.0,2,786.54,2011-10-11 10:16:00,2011-07-05 14:56:00,60,393.27,97,0.02040816326530612,2,0
13110.0,7,1488.67,2011-11-08 14:30:00,2011-02-01 15:24:00,31,212.66714285714286,279,0.025,1,1
13113.0,24,12245.960000000001,2011-12-09 12:49:00,2010-12-08 13:21:00,1,510.2483333333334,365,0.06557377049180328,0,2
13115.0,4,2294.78,2011-11-28 12:38:00,2011-06-08 16:15:00,12,573.695,172,0.023121387283236993,1,1
13116.0,1,501.14,2011-07-24 14:33:00,2011-07-24 14:33:00,138,501.14,0,1.0,2,0
13117.0,8,984.91,2011-11-18 12:02:00,2010-12-02 13:11:00,22,123.11375,350,0.022792022792022793,1,1
13118.0,5,1197.81,2011-11-20 12:46:00,2011-02-24 12:32:00,20,239.56199999999998,269,0.018518518518518517,1,1
13120.0,1,30.6,2011-04-15 10:19:00,2011-04-15 10:19:00,239,30.6,0,1.0,2,0
13121.0,1,283.73,2011-03-15 16:47:00,2011-03-15 16:47:00,269,283.73,0,1.0,2,0
13122.0,2,922.39,2011-09-06 15:53:00,2011-04-13 14:12:00,94,461.195,146,0.013605442176870748,2,0
13124.0,3,3866.33,2011-09-11 12:45:00,2010-12-15 15:00:00,90,1288.7766666666666,269,0.011111111111111112,1,1
13126.0,8,2099.64,2011-12-05 10:00:00,2010-12-08 11:42:00,5,262.455,361,0.022099447513812154,1,1
13127.0,1,259.17,2011-09-23 10:26:00,2011-09-23 10:26:00,78,259.17,0,1.0,2,0
13130.0,1,64.0,2011-09-06 15:30:00,2011-09-06 15:30:00,94,64.0,0,1.0,2,0
13131.0,3,1073.3,2011-11-16 13:21:00,2011-06-05 10:54:00,23,357.76666666666665,164,0.01818181818181818,2,0
13132.0,1,77.3,2011-03-23 12:44:00,2011-03-23 12:44:00,262,77.3,0,1.0,2,0
13133.0,2,109.8,2011-03-11 10:31:00,2011-02-08 15:48:00,274,54.9,30,0.06451612903225806,2,0
13134.0,4,1793.58,2011-09-15 10:35:00,2011-04-13 12:57:00,86,448.395,154,0.025806451612903226,1,1
13135.0,1,3096.0,2011-05-27 10:52:00,2011-05-27 10:52:00,197,3096.0,0,1.0,0,2
13136.0,5,2607.61,2011-10-14 13:41:00,2011-05-11 12:47:00,56,521.522,156,0.03184713375796178,1,1
13137.0,8,3650.41,2011-11-29 12:09:00,2011-02-04 11:54:00,11,456.30125,298,0.026755852842809364,1,1
13138.0,6,962.39,2011-11-17 16:51:00,2010-12-02 15:03:00,22,160.39833333333334,350,0.017094017094017096,1,1
13139.0,7,5064.9400000000005,2011-11-23 13:54:00,2011-03-25 11:57:00,16,723.5628571428572,243,0.028688524590163935,1,1
13140.0,3,423.72,2011-08-23 15:33:00,2010-12-08 15:12:00,108,141.24,258,0.011583011583011582,2,0
13141.0,5,2388.75,2011-09-16 09:54:00,2011-01-28 13:04:00,85,477.75,230,0.021645021645021644,1,1
13142.0,1,307.09000000000003,2011-11-20 16:07:00,2011-11-20 16:07:00,19,307.09000000000003,0,1.0,2,0
13144.0,1,110.95,2011-01-11 11:15:00,2011-01-11 11:15:00,333,110.95,0,1.0,2,0
13145.0,4,618.52,2011-10-31 12:45:00,2010-12-02 18:06:00,40,154.63,332,0.012012012012012012,2,0
13146.0,1,228.91,2011-11-13 15:29:00,2011-11-13 15:29:00,26,228.91,0,1.0,2,0
13147.0,4,712.8,2011-11-29 13:59:00,2011-09-01 12:28:00,10,178.2,89,0.044444444444444446,2,0
13148.0,12,3707.12,2011-11-10 15:23:00,2010-12-10 13:06:00,29,308.9266666666667,335,0.03571428571428571,1,1
13149.0,4,1676.06,2011-11-25 13:09:00,2011-02-23 13:57:00,14,419.015,274,0.014545454545454545,1,1
13151.0,1,1257.8700000000001,2011-02-17 12:29:00,2011-02-17 12:29:00,296,1257.8700000000001,0,1.0,2,0
13153.0,1,486.22,2011-12-04 12:14:00,2011-12-04 12:14:00,6,486.22,0,1.0,2,0
13155.0,4,971.76,2011-11-06 15:41:00,2010-12-06 12:44:00,33,242.94,335,0.011904761904761904,2,0
13157.0,4,1741.22,2011-10-21 13:50:00,2011-02-14 14:03:00,49,435.305,248,0.01606425702811245,1,1
13158.0,4,1201.06,2011-09-06 11:58:00,2011-01-25 09:58:00,95,300.265,224,0.017777777777777778,2,0
13159.0,4,1437.85,2011-12-01 11:20:00,2011-08-16 11:44:00,9,359.4625,106,0.037383177570093455,2,0
13160.0,1,91.8,2011-11-17 13:07:00,2011-11-17 13:07:00,22,91.8,0,1.0,2,0
13161.0,1,112.75,2011-01-30 14:03:00,2011-01-30 14:03:00,313,112.75,0,1.0,2,0
13162.0,4,1688.29,2011-08-09 15:59:00,2011-01-09 10:43:00,122,422.0725,212,0.018779342723004695,1,1
13165.0,2,1021.48,2011-10-24 15:05:00,2010-12-23 14:06:00,46,510.74,305,0.006535947712418301,2,0
13166.0,1,417.2,2011-03-01 15:16:00,2011-03-01 15:16:00,283,417.2,0,1.0,2,0
13167.0,4,791.33,2011-11-21 12:24:00,2011-07-19 12:13:00,19,197.8325,125,0.031746031746031744,2,0
13168.0,4,1319.19,2011-11-03 12:56:00,2011-01-25 13:55:00,36,329.7975,281,0.014184397163120567,1,1
13169.0,2,712.88,2011-10-07 12:11:00,2011-04-01 14:24:00,64,356.44,188,0.010582010582010581,2,0
13170.0,1,116.00999999999999,2011-11-13 12:19:00,2011-11-13 12:19:00,27,116.00999999999999,0,1.0,2,0
13171.0,3,468.41,2011-11-18 10:27:00,2011-02-13 14:16:00,22,156.13666666666668,277,0.01079136690647482,2,0
13173.0,2,353.65000000000003,2011-12-05 15:51:00,2010-12-07 14:30:00,4,176.82500000000002,363,0.005494505494505495,2,0
13174.0,3,2817.03,2011-11-23 14:35:00,2010-12-05 16:24:00,16,939.0100000000001,352,0.0084985835694051,1,1
13176.0,1,492.84,2011-10-24 15:43:00,2011-10-24 15:43:00,46,492.84,0,1.0,2,0
13177.0,1,282.45,2011-10-06 09:56:00,2011-10-06 09:56:00,65,282.45,0,1.0,2,0
13178.0,11,5725.47,2011-11-13 16:14:00,2010-12-14 12:22:00,26,520.4972727272727,334,0.03283582089552239,1,1
13182.0,1,121.18,2011-10-25 13:46:00,2011-10-25 13:46:00,45,121.18,0,1.0,2,0
13183.0,9,3957.78,2011-12-02 10:30:00,2011-01-09 10:50:00,8,439.75333333333333,326,0.027522935779816515,1,1
13184.0,10,1701.29,2011-11-25 12:02:00,2011-02-22 17:25:00,15,170.129,275,0.036231884057971016,1,1
13185.0,1,71.4,2011-03-17 11:56:00,2011-03-17 11:56:00,268,71.4,0,1.0,2,0
13186.0,3,1575.89,2011-10-31 11:40:00,2011-08-03 09:09:00,40,525.2966666666667,89,0.03333333333333333,2,0
13187.0,1,236.02,2011-01-06 18:57:00,2011-01-06 18:57:00,337,236.02,0,1.0,2,0
13188.0,1,114.6,2011-11-28 15:28:00,2011-11-28 15:28:00,11,114.6,0,1.0,2,0
13189.0,2,260.68,2011-11-21 10:39:00,2011-08-16 13:12:00,19,130.34,96,0.020618556701030927,2,0
13192.0,2,911.94,2011-09-05 14:13:00,2011-05-18 14:57:00,95,455.97,109,0.01818181818181818,2,0
13193.0,1,117.88,2011-10-09 14:30:00,2011-10-09 14:30:00,61,117.88,0,1.0,2,0
13194.0,1,60.7,2011-07-27 09:01:00,2011-07-27 09:01:00,136,60.7,0,1.0,2,0
13196.0,4,1797.78,2011-11-28 13:54:00,2011-03-22 14:24:00,11,449.445,250,0.01593625498007968,1,1
13198.0,6,3401.2400000000002,2011-11-29 15:17:00,2010-12-13 09:29:00,10,566.8733333333333,351,0.017045454545454544,1,1
13200.0,4,870.09,2011-11-20 15:35:00,2011-08-05 14:50:00,19,217.5225,107,0.037037037037037035,2,0
13203.0,4,869.46,2011-11-30 10:45:00,2011-04-11 14:40:00,10,217.365,232,0.017167381974248927,2,0
13207.0,2,250.26000000000002,2011-11-24 14:52:00,2011-07-12 11:35:00,15,125.13000000000001,135,0.014705882352941176,2,0
13208.0,6,1223.9,2011-10-12 09:54:00,2011-02-03 19:32:00,59,203.98333333333335,250,0.02390438247011952,1,1
13209.0,8,5891.61,2011-11-09 13:54:00,2010-12-13 10:31:00,30,736.45125,331,0.024096385542168676,1,1
13210.0,1,353.48,2011-09-07 08:18:00,2011-09-07 08:18:00,94,353.48,0,1.0,2,0
13211.0,3,1197.42,2011-11-29 14:43:00,2010-12-13 16:17:00,10,399.14000000000004,350,0.008547008547008548,2,0
13212.0,3,788.08,2011-11-20 12:40:00,2011-10-09 14:48:00,20,262.6933333333333,41,0.07142857142857142,2,0
13213.0,5,1520.58,2011-10-14 11:42:00,2011-05-24 12:22:00,57,304.116,142,0.03496503496503497,1,1
13216.0,1,333.74,2011-03-17 12:18:00,2011-03-17 12:18:00,268,333.74,0,1.0,2,0
13217.0,3,533.98,2011-08-09 15:32:00,2011-07-06 12:08:00,122,177.99333333333334,34,0.08571428571428572,2,0
13218.0,1,62.64,2011-08-04 16:59:00,2011-08-04 16:59:00,127,62.64,0,1.0,2,0
13220.0,4,819.2900000000001,2011-09-22 13:38:00,2011-04-17 10:59:00,78,204.82250000000002,158,0.025157232704402517,2,0
13221.0,2,847.41,2011-04-13 16:58:00,2010-12-15 13:24:00,240,423.705,119,0.016666666666666666,2,0
13223.0,2,163.2,2011-05-23 13:03:00,2011-04-21 15:16:00,200,81.6,31,0.0625,2,0
13224.0,2,2155.95,2011-10-10 14:55:00,2011-07-11 14:10:00,60,1077.975,91,0.021739130434782608,1,1
13225.0,7,6463.84,2011-12-06 13:29:00,2010-12-13 09:49:00,3,923.4057142857143,358,0.019498607242339833,0,2
13226.0,1,108.21000000000001,2011-03-11 14:35:00,2011-03-11 14:35:00,273,108.21000000000001,0,1.0,2,0
13227.0,1,257.7,2011-05-22 11:47:00,2011-05-22 11:47:00,202,257.7,0,1.0,2,0
13228.0,1,358.0,2011-09-19 14:28:00,2011-09-19 14:28:00,81,358.0,0,1.0,2,0
13229.0,1,160.95,2011-04-28 12:07:00,2011-04-28 12:07:00,226,160.95,0,1.0,2,0
13230.0,14,2806.97,2011-12-05 16:03:00,2010-12-09 19:28:00,4,200.49785714285713,360,0.038781163434903045,1,1
13232.0,7,1357.6,2011-11-27 10:39:00,2011-04-10 13:48:00,13,193.94285714285712,230,0.030303030303030304,1,1
13233.0,2,605.12,2011-09-26 13:25:00,2011-01-07 14:49:00,74,302.56,261,0.007633587786259542,2,0
13235.0,1,1031.07,2011-05-11 17:13:00,2011-05-11 17:13:00,212,1031.07,0,1.0,2,0
13236.0,2,744.85,2011-11-15 12:50:00,2011-08-25 08:58:00,25,372.425,82,0.024096385542168676,2,0
13238.0,4,700.73,2011-11-22 15:37:00,2010-12-14 14:37:00,17,175.1825,343,0.011627906976744186,2,0
13239.0,1,329.56,2011-03-23 10:25:00,2011-03-23 10:25:00,262,329.56,0,1.0,2,0
13240.0,4,663.65,2011-09-04 14:08:00,2010-12-09 12:49:00,96,165.9125,269,0.014814814814814815,2,0
13242.0,3,270.40000000000003,2011-08-19 12:53:00,2011-05-10 12:26:00,112,90.13333333333334,101,0.029411764705882353,2,0
13243.0,1,600.07,2011-05-20 13:14:00,2011-05-20 13:14:00,203,600.07,0,1.0,2,0
13244.0,1,121.74000000000001,2011-09-08 11:46:00,2011-09-08 11:46:00,93,121.74000000000001,0,1.0,2,0
13245.0,1,430.5,2011-10-20 11:40:00,2011-10-20 11:40:00,51,430.5,0,1.0,2,0
13246.0,6,1987.3,2011-11-21 16:50:00,2011-01-13 13:36:00,18,331.21666666666664,312,0.019169329073482427,1,1
13247.0,4,501.12,2011-11-22 10:59:00,2011-09-18 11:31:00,18,125.28,64,0.06153846153846154,2,0
13248.0,2,465.68,2011-08-07 12:40:00,2011-06-03 13:05:00,125,232.84,64,0.03076923076923077,2,0
13249.0,3,711.41,2011-09-08 13:26:00,2011-03-23 15:26:00,92,237.13666666666666,168,0.01775147928994083,2,0
13253.0,2,1030.4,2011-07-06 10:09:00,2011-01-04 15:43:00,157,515.2,182,0.01092896174863388,2,0
13255.0,2,399.51,2011-11-30 13:14:00,2010-12-01 11:58:00,9,199.755,364,0.005479452054794521,2,0
13258.0,3,698.5799999999999,2011-11-28 09:31:00,2011-05-18 13:11:00,12,232.85999999999999,193,0.015463917525773196,2,0
13259.0,1,292.32,2011-10-09 10:48:00,2011-10-09 10:48:00,62,292.32,0,1.0,2,0
13260.0,1,557.62,2011-10-09 13:21:00,2011-10-09 13:21:00,61,557.62,0,1.0,2,0
13261.0,2,944.1,2011-03-16 12:22:00,2011-02-27 10:41:00,269,472.05,17,0.1111111111111111,2,0
13262.0,1,200.29,2011-03-21 15:06:00,2011-03-21 15:06:00,263,200.29,0,1.0,2,0
13265.0,5,2107.66,2011-10-17 15:02:00,2011-03-11 09:54:00,53,421.532,220,0.02262443438914027,1,1
13266.0,12,3834.2599999999998,2011-11-28 14:39:00,2011-03-28 10:14:00,11,319.52166666666665,245,0.04878048780487805,1,1
13267.0,19,4521.49,2011-12-07 11:12:00,2010-12-08 09:20:00,3,237.97315789473683,364,0.052054794520547946,1,1
13268.0,11,3214.69,2011-11-22 11:51:00,2011-03-17 13:20:00,18,292.24454545454546,249,0.044,1,1
13269.0,15,5346.2300000000005,2011-12-08 14:53:00,2010-12-05 11:51:00,1,356.41533333333336,368,0.04065040650406504,1,1
13270.0,1,590.0,2010-12-08 14:53:00,2010-12-08 14:53:00,366,590.0,0,1.0,2,0
13271.0,1,217.38,2011-11-02 14:31:00,2011-11-02 14:31:00,37,217.38,0,1.0,2,0
13272.0,2,276.56,2011-11-08 14:00:00,2011-09-11 12:06:00,31,138.28,58,0.03389830508474576,2,0
13273.0,1,138.98,2011-08-18 14:02:00,2011-08-18 14:02:00,113,138.98,0,1.0,2,0
13276.0,2,590.9300000000001,2011-10-07 12:44:00,2011-09-01 10:03:00,64,295.46500000000003,36,0.05405405405405406,2,0
13277.0,4,258.4,2011-11-24 09:21:00,2011-07-29 10:06:00,16,64.6,117,0.03389830508474576,2,0
13278.0,1,542.73,2011-10-30 11:49:00,2011-10-30 11:49:00,41,542.73,0,1.0,2,0
13279.0,1,137.75,2011-09-22 17:24:00,2011-09-22 17:24:00,78,137.75,0,1.0,2,0
13280.0,3,814.86,2011-08-09 13:14:00,2011-01-06 17:10:00,122,271.62,214,0.013953488372093023,2,0
13282.0,3,1132.14,2011-11-21 15:33:00,2011-05-03 12:03:00,18,377.38000000000005,202,0.014778325123152709,2,0
13283.0,2,93.66,2011-10-11 09:50:00,2011-06-07 12:39:00,60,46.83,125,0.015873015873015872,2,0
13284.0,1,201.19,2011-01-13 09:23:00,2011-01-13 09:23:00,331,201.19,0,1.0,2,0
13285.0,4,2709.12,2011-11-16 13:19:00,2011-02-22 17:13:00,23,677.28,266,0.0149812734082397,1,1
13291.0,1,361.11,2011-07-07 10:36:00,2011-07-07 10:36:00,156,361.11,0,1.0,2,0
13292.0,2,578.94,2011-11-01 10:04:00,2011-02-28 15:00:00,39,289.47,245,0.008130081300813009,2,0
13294.0,2,873.74,2011-06-03 08:54:00,2011-04-04 12:37:00,190,436.87,59,0.03333333333333333,2,0
13295.0,1,201.20000000000002,2010-12-15 11:21:00,2010-12-15 11:21:00,360,201.20000000000002,0,1.0,2,0
13296.0,1,87.4,2011-07-25 13:46:00,2011-07-25 13:46:00,137,87.4,0,1.0,2,0
13297.0,4,2089.85,2011-12-02 09:32:00,2011-10-03 15:08:00,8,522.4625,59,0.06666666666666667,1,1
13298.0,1,360.0,2011-12-08 13:11:00,2011-12-08 13:11:00,1,360.0,0,1.0,2,0
13299.0,1,142.5,2011-03-16 12:55:00,2011-03-16 12:55:00,268,142.5,0,1.0,2,0
13300.0,1,371.89,2011-06-23 13:09:00,2011-06-23 13:09:00,169,371.89,0,1.0,2,0
13301.0,4,618.09,2011-08-28 11:25:00,2011-02-20 13:13:00,104,154.5225,188,0.021164021164021163,2,0
13302.0,1,63.75,2011-07-07 17:56:00,2011-07-07 17:56:00,155,63.75,0,1.0,2,0
13304.0,1,300.42,2010-12-23 14:35:00,2010-12-23 14:35:00,351,300.42,0,1.0,2,0
13305.0,10,2000.86,2011-12-05 15:15:00,2010-12-02 12:10:00,4,200.08599999999998,368,0.02710027100271003,1,1
13307.0,1,15.0,2011-08-11 17:14:00,2011-08-11 17:14:00,120,15.0,0,1.0,2,0
13308.0,3,1385.51,2011-11-17 09:31:00,2011-05-20 13:13:00,23,461.83666666666664,180,0.016574585635359115,2,0
13309.0,5,1456.79,2011-12-02 16:34:00,2011-02-04 12:29:00,7,291.358,301,0.016556291390728478,1,1
13310.0,3,1132.03,2011-11-11 17:23:00,2011-01-19 14:50:00,28,377.3433333333333,296,0.010101010101010102,2,0
13311.0,2,598.57,2011-12-05 12:55:00,2011-07-12 14:26:00,4,299.285,145,0.0136986301369863,2,0
13313.0,5,1555.3200000000002,2011-11-17 16:48:00,2011-01-04 10:00:00,22,311.064,317,0.015723270440251572,1,1
13314.0,3,775.94,2011-12-08 12:29:00,2011-09-27 10:20:00,2,258.6466666666667,72,0.0410958904109589,2,0
13316.0,4,5977.73,2011-11-02 13:40:00,2011-03-30 13:01:00,37,1494.4325,217,0.01834862385321101,0,2
13317.0,6,2273.68,2011-10-04 13:35:00,2010-12-16 09:22:00,66,378.94666666666666,292,0.020477815699658702,1,1
13318.0,3,640.76,2011-12-08 18:51:00,2011-11-02 13:26:00,1,213.58666666666667,36,0.08108108108108109,2,0
13319.0,26,10845.550000000001,2011-12-04 13:34:00,2010-12-09 10:04:00,5,417.1365384615385,360,0.07202216066481995,0,2
13320.0,4,1548.7,2011-09-22 18:07:00,2011-05-10 10:29:00,78,387.175,135,0.029411764705882353,2,0
13321.0,2,567.36,2011-09-28 15:24:00,2011-09-14 15:18:00,72,283.68,14,0.13333333333333333,2,0
13322.0,1,199.48000000000002,2011-11-22 14:21:00,2011-11-22 14:21:00,17,199.48000000000002,0,1.0,2,0
13323.0,5,787.85,2011-12-06 17:12:00,2011-09-16 13:23:00,3,157.57,81,0.06097560975609756,2,0
13324.0,10,7121.95,2011-11-03 16:28:00,2010-12-14 09:50:00,36,712.1949999999999,324,0.03076923076923077,0,2
13325.0,1,675.3,2011-09-19 10:36:00,2011-09-19 10:36:00,82,675.3,0,1.0,2,0
13327.0,8,3627.77,2011-11-01 10:21:00,2010-12-09 15:32:00,39,453.47125,326,0.024464831804281346,1,1
13328.0,1,1308.48,2011-01-27 15:22:00,2011-01-27 15:22:00,316,1308.48,0,1.0,2,0
13329.0,2,789.0,2011-11-08 10:29:00,2010-12-08 10:11:00,32,394.5,335,0.005952380952380952,2,0
13330.0,3,1140.93,2011-09-08 12:27:00,2011-01-28 10:08:00,93,380.31,223,0.013392857142857142,2,0
13332.0,1,350.90000000000003,2011-11-25 13:30:00,2011-11-25 13:30:00,14,350.90000000000003,0,1.0,2,0
13334.0,3,3536.82,2011-09-18 15:21:00,2011-02-07 11:42:00,82,1178.94,223,0.013392857142857142,1,1
13336.0,1,795.12,2011-09-23 14:05:00,2011-09-23 14:05:00,77,795.12,0,1.0,2,0
13338.0,1,487.02,2011-07-05 09:06:00,2011-07-05 09:06:00,158,487.02,0,1.0,2,0
13339.0,1,860.12,2011-05-23 08:31:00,2011-05-23 08:31:00,201,860.12,0,1.0,2,0
13340.0,7,10736.48,2011-10-25 13:15:00,2011-03-08 11:39:00,45,1533.782857142857,231,0.03017241379310345,0,2
13341.0,1,775.85,2011-03-24 09:50:00,2011-03-24 09:50:00,261,775.85,0,1.0,2,0
13343.0,1,353.43,2011-06-15 12:24:00,2011-06-15 12:24:00,178,353.43,0,1.0,2,0
13344.0,3,2543.7200000000003,2011-10-03 09:45:00,2011-03-07 10:28:00,68,847.9066666666668,209,0.014285714285714285,1,1
13345.0,1,389.5,2011-02-25 09:01:00,2011-02-25 09:01:00,288,389.5,0,1.0,2,0
13347.0,1,341.36,2011-09-30 13:28:00,2011-09-30 13:28:00,70,341.36,0,1.0,2,0
13348.0,1,233.76000000000002,2011-10-06 17:28:00,2011-10-06 17:28:00,64,233.76000000000002,0,1.0,2,0
13349.0,1,247.32,2011-11-29 08:07:00,2011-11-29 08:07:00,11,247.32,0,1.0,2,0
13350.0,2,979.12,2011-11-23 16:33:00,2011-09-21 13:33:00,16,489.56,63,0.03125,2,0
13351.0,1,373.94,2011-10-04 12:55:00,2011-10-04 12:55:00,66,373.94,0,1.0,2,0
13352.0,1,397.98,2011-10-10 13:55:00,2011-10-10 13:55:00,60,397.98,0,1.0,2,0
13354.0,1,743.53,2011-09-29 13:17:00,2011-09-29 13:17:00,71,743.53,0,1.0,2,0
13355.0,1,674.7,2011-08-09 14:48:00,2011-08-09 14:48:00,122,674.7,0,1.0,2,0
13356.0,1,768.24,2011-09-20 14:33:00,2011-09-20 14:33:00,80,768.24,0,1.0,2,0
13357.0,1,609.95,2011-03-27 13:56:00,2011-03-27 13:56:00,257,609.95,0,1.0,2,0
13358.0,1,439.03000000000003,2011-03-16 11:52:00,2011-03-16 11:52:00,269,439.03000000000003,0,1.0,2,0
13359.0,1,439.56,2011-10-07 09:30:00,2011-10-07 09:30:00,64,439.56,0,1.0,2,0
13362.0,4,3090.7400000000002,2011-11-30 14:41:00,2011-02-25 11:33:00,9,772.6850000000001,278,0.014336917562724014,1,1
13363.0,2,992.5,2011-11-22 12:40:00,2011-10-27 10:46:00,18,496.25,26,0.07407407407407407,2,0
13364.0,1,134.96,2011-09-29 18:13:00,2011-09-29 18:13:00,71,134.96,0,1.0,2,0
13365.0,2,2225.37,2011-11-06 12:36:00,2011-05-06 12:00:00,34,1112.685,184,0.010810810810810811,1,1
13366.0,1,56.16,2011-10-20 13:37:00,2011-10-20 13:37:00,50,56.16,0,1.0,2,0
13368.0,2,623.4,2011-03-28 09:59:00,2011-01-06 12:32:00,257,311.7,80,0.024691358024691357,2,0
13369.0,1,308.28000000000003,2010-12-09 11:30:00,2010-12-09 11:30:00,366,308.28000000000003,0,1.0,2,0
13370.0,1,754.87,2010-12-03 10:26:00,2010-12-03 10:26:00,372,754.87,0,1.0,2,0
13372.0,1,378.64,2011-09-11 12:46:00,2011-09-11 12:46:00,90,378.64,0,1.0,2,0
13373.0,3,3312.25,2011-10-10 10:51:00,2011-03-08 14:35:00,61,1104.0833333333333,215,0.013888888888888888,1,1
13375.0,1,778.65,2011-09-12 10:19:00,2011-09-12 10:19:00,89,778.65,0,1.0,2,0
13376.0,3,1019.76,2011-09-01 16:16:00,2011-04-19 13:03:00,99,339.92,135,0.022058823529411766,2,0
13379.0,3,572.56,2011-11-13 13:45:00,2011-07-26 12:26:00,26,190.85333333333332,110,0.02702702702702703,2,0
13381.0,6,3639.31,2011-11-08 11:58:00,2011-02-14 10:10:00,32,606.5516666666666,267,0.022388059701492536,1,1
13382.0,1,222.99,2011-03-04 10:03:00,2011-03-04 10:03:00,281,222.99,0,1.0,2,0
13384.0,7,4151.93,2011-11-09 11:04:00,2011-06-14 12:47:00,31,593.1328571428572,147,0.0472972972972973,1,1
13385.0,1,534.57,2011-01-14 09:52:00,2011-01-14 09:52:00,330,534.57,0,1.0,2,0
13388.0,2,677.1,2011-07-31 12:52:00,2011-07-31 12:52:00,131,338.55,0,2.0,2,0
13389.0,3,797.96,2011-11-28 14:01:00,2011-04-21 12:12:00,11,265.9866666666667,221,0.013513513513513514,2,0
13390.0,1,544.08,2011-09-26 08:38:00,2011-09-26 08:38:00,75,544.08,0,1.0,2,0
13391.0,1,59.8,2011-05-20 10:50:00,2011-05-20 10:50:00,204,59.8,0,1.0,2,0
13394.0,8,2520.02,2011-12-08 11:36:00,2011-02-03 10:39:00,2,315.0025,308,0.025889967637540454,1,1
13395.0,1,307.72,2011-06-07 15:04:00,2011-06-07 15:04:00,185,307.72,0,1.0,2,0
13396.0,2,1360.99,2011-11-10 16:59:00,2011-01-24 13:37:00,29,680.495,290,0.006872852233676976,1,1
13397.0,5,1544.13,2011-09-28 10:56:00,2011-01-04 13:50:00,73,308.826,266,0.018726591760299626,1,1
13398.0,1,457.34000000000003,2011-05-31 13:17:00,2011-05-31 13:17:00,192,457.34000000000003,0,1.0,2,0
13402.0,2,621.23,2011-08-04 15:51:00,2010-12-02 17:12:00,127,310.615,244,0.00816326530612245,2,0
13403.0,1,75.0,2011-11-22 08:28:00,2011-11-22 08:28:00,18,75.0,0,1.0,2,0
13404.0,2,252.49,2011-12-08 15:37:00,2011-05-11 11:57:00,1,126.245,211,0.009433962264150943,2,0
13405.0,3,572.451,2011-09-26 17:01:00,2011-01-26 09:27:00,74,190.817,243,0.012295081967213115,2,0
13410.0,5,1003.06,2011-11-15 15:33:00,2011-02-21 14:38:00,24,200.612,267,0.018656716417910446,2,0
13411.0,1,213.55,2011-08-24 13:57:00,2011-08-24 13:57:00,107,213.55,0,1.0,2,0
13414.0,3,1390.5,2011-07-29 11:45:00,2011-02-16 12:13:00,134,463.5,162,0.018404907975460124,2,0
13416.0,2,712.5,2011-10-27 08:56:00,2011-09-19 14:43:00,44,356.25,37,0.05263157894736842,2,0
13417.0,2,640.83,2011-12-05 08:49:00,2011-05-18 16:26:00,5,320.415,200,0.009950248756218905,2,0
13418.0,18,6127.43,2011-11-28 10:23:00,2010-12-02 10:45:00,12,340.4127777777778,360,0.04986149584487535,0,2
13419.0,1,221.06,2011-10-07 12:49:00,2011-10-07 12:49:00,64,221.06,0,1.0,2,0
13420.0,2,159.85,2011-07-13 08:48:00,2011-06-22 11:35:00,150,79.925,20,0.09523809523809523,2,0
13421.0,2,1851.08,2011-10-30 14:21:00,2011-02-22 15:46:00,40,925.54,249,0.008,1,1
13422.0,1,2626.3,2011-10-06 13:42:00,2011-10-06 13:42:00,64,2626.3,0,1.0,1,1
13425.0,3,1624.21,2011-08-23 17:13:00,2011-02-18 08:34:00,108,541.4033333333333,186,0.016042780748663103,2,0
13426.0,10,3641.32,2011-12-09 08:59:00,2010-12-15 12:43:00,1,364.132,358,0.027855153203342618,1,1
13427.0,3,582.6,2011-11-20 13:02:00,2011-05-08 15:58:00,19,194.20000000000002,195,0.015306122448979591,2,0
13428.0,1,218.47,2011-11-29 14:20:00,2011-11-29 14:20:00,10,218.47,0,1.0,2,0
13429.0,4,1006.8,2011-11-29 09:10:00,2011-09-25 15:59:00,11,251.7,64,0.06153846153846154,2,0
13430.0,2,679.45,2011-11-21 08:19:00,2011-09-14 14:26:00,19,339.725,67,0.029411764705882353,2,0
13431.0,2,1269.1,2011-10-03 13:49:00,2011-09-12 11:25:00,67,634.55,21,0.09090909090909091,2,0
13434.0,2,534.24,2011-09-26 14:30:00,2011-09-04 10:35:00,74,267.12,22,0.08695652173913043,2,0
13435.0,7,3809.89,2011-12-04 14:45:00,2011-06-03 17:07:00,5,544.27,183,0.03804347826086957,1,1
13436.0,1,196.89,2011-12-08 10:33:00,2011-12-08 10:33:00,2,196.89,0,1.0,2,0
13437.0,7,3408.06,2011-11-25 14:00:00,2011-06-02 14:30:00,14,486.86571428571426,175,0.03977272727272727,1,1
13439.0,1,283.71,2011-03-29 14:20:00,2011-03-29 14:20:00,255,283.71,0,1.0,2,0
13441.0,1,296.64,2011-09-09 09:38:00,2011-09-09 09:38:00,92,296.64,0,1.0,2,0
13447.0,3,1129.14,2011-11-16 13:38:00,2011-11-04 10:10:00,23,376.38000000000005,12,0.23076923076923078,2,0
13448.0,6,3539.3700000000003,2011-11-23 12:33:00,2010-12-01 10:52:00,17,589.8950000000001,357,0.01675977653631285,1,1
13449.0,1,291.88,2011-11-16 08:28:00,2011-11-16 08:28:00,24,291.88,0,1.0,2,0
13450.0,6,2043.72,2011-11-13 11:54:00,2011-05-05 19:48:00,27,340.62,191,0.03125,1,1
13451.0,5,2976.15,2011-11-13 15:58:00,2011-01-09 15:35:00,26,595.23,308,0.016181229773462782,1,1
13452.0,2,590.0,2011-03-25 14:19:00,2011-03-14 11:38:00,259,295.0,11,0.16666666666666666,2,0
13453.0,2,356.98,2011-06-27 09:34:00,2011-02-23 09:44:00,166,178.49,123,0.016129032258064516,2,0
13455.0,2,1058.34,2011-11-15 11:21:00,2010-12-08 13:11:00,25,529.17,341,0.005847953216374269,2,0
13456.0,6,1766.72,2011-11-22 09:18:00,2011-05-16 15:34:00,18,294.4533333333333,189,0.031578947368421054,1,1
13458.0,14,9646.57,2011-12-02 15:29:00,2010-12-15 12:05:00,7,689.0407142857142,352,0.039660056657223795,0,2
13460.0,2,183.44,2011-11-10 17:17:00,2011-10-21 09:50:00,29,91.72,20,0.09523809523809523,2,0
13461.0,3,1445.0,2011-11-01 09:01:00,2011-06-29 10:23:00,39,481.6666666666667,124,0.024,2,0
13462.0,1,151.5,2011-04-01 11:20:00,2011-04-01 11:20:00,253,151.5,0,1.0,2,0
13464.0,1,674.68,2011-10-12 15:01:00,2011-10-12 15:01:00,58,674.68,0,1.0,2,0
13466.0,1,307.90000000000003,2011-06-08 16:39:00,2011-06-08 16:39:00,184,307.90000000000003,0,1.0,2,0
13467.0,2,1083.71,2011-11-29 10:01:00,2011-11-03 16:56:00,11,541.855,25,0.07692307692307693,2,0
13470.0,2,165.0,2011-09-01 14:57:00,2011-08-16 17:06:00,99,82.5,15,0.125,2,0
13471.0,4,2531.58,2011-12-08 15:44:00,2011-10-23 13:10:00,1,632.895,46,0.0851063829787234,1,1
13473.0,2,422.64,2011-10-10 11:20:00,2011-01-11 08:45:00,61,211.32,272,0.007326007326007326,2,0
13474.0,1,229.59,2011-04-17 13:53:00,2011-04-17 13:53:00,236,229.59,0,1.0,2,0
13475.0,4,1431.78,2011-06-01 13:52:00,2011-02-14 12:36:00,191,357.945,107,0.037037037037037035,2,0
13476.0,2,1238.47,2011-06-14 12:00:00,2011-03-03 14:43:00,179,619.235,102,0.019417475728155338,2,0
13477.0,6,1454.58,2011-11-02 12:04:00,2011-02-21 12:29:00,38,242.42999999999998,253,0.023622047244094488,1,1
13479.0,2,300.95,2011-05-23 10:45:00,2011-04-19 11:27:00,201,150.475,33,0.058823529411764705,2,0
13481.0,5,1804.56,2011-10-25 09:07:00,2011-03-28 09:07:00,46,360.912,211,0.02358490566037736,1,1
13482.0,1,184.64000000000001,2011-04-21 17:03:00,2011-04-21 17:03:00,232,184.64000000000001,0,1.0,2,0
13483.0,1,140.34,2011-10-05 11:53:00,2011-10-05 11:53:00,66,140.34,0,1.0,2,0
13484.0,1,313.8,2011-04-12 16:30:00,2011-04-12 16:30:00,241,313.8,0,1.0,2,0
13485.0,1,454.24,2011-04-20 13:58:00,2011-04-20 13:58:00,233,454.24,0,1.0,2,0
13486.0,3,1122.41,2011-09-22 13:13:00,2011-07-07 17:19:00,78,374.1366666666667,76,0.03896103896103896,2,0
13487.0,3,575.4,2011-10-13 12:07:00,2010-12-21 14:54:00,58,191.79999999999998,295,0.010135135135135136,2,0
13488.0,13,8968.31,2011-11-22 14:41:00,2010-12-07 13:01:00,17,689.87,350,0.037037037037037035,0,2
13489.0,4,449.52,2011-08-26 13:16:00,2011-02-18 10:42:00,105,112.38,189,0.021052631578947368,2,0
13491.0,10,1215.82,2011-10-19 08:32:00,2010-12-02 14:30:00,52,121.582,320,0.03115264797507788,1,1
13492.0,3,1269.84,2011-07-26 14:25:00,2011-05-09 10:06:00,136,423.28,78,0.0379746835443038,2,0
13493.0,2,618.63,2011-03-09 15:35:00,2011-02-25 16:42:00,275,309.315,11,0.16666666666666666,2,0
13494.0,1,316.26000000000005,2011-02-01 11:58:00,2011-02-01 11:58:00,312,316.26000000000005,0,1.0,2,0
13495.0,5,2044.8700000000001,2011-12-02 11:21:00,2010-12-06 15:14:00,8,408.97400000000005,360,0.013850415512465374,1,1
13496.0,2,653.33,2011-11-29 10:58:00,2010-12-15 10:17:00,11,326.665,349,0.005714285714285714,2,0
13497.0,2,348.05,2011-03-02 09:04:00,2010-12-06 11:37:00,283,174.025,85,0.023255813953488372,2,0
13499.0,5,1159.1100000000001,2011-11-22 11:21:00,2011-03-15 08:52:00,18,231.82200000000003,252,0.019762845849802372,1,1
13500.0,3,1166.77,2011-11-16 15:35:00,2011-08-09 12:20:00,23,388.92333333333335,99,0.03,2,0
13501.0,1,1340.32,2011-02-24 18:59:00,2011-02-24 18:59:00,288,1340.32,0,1.0,2,0
13502.0,3,292.0,2011-11-23 10:39:00,2011-01-20 09:03:00,17,97.33333333333333,307,0.00974025974025974,2,0
13503.0,1,216.85,2011-09-29 13:23:00,2011-09-29 13:23:00,71,216.85,0,1.0,2,0
13504.0,1,295.93,2011-10-06 13:20:00,2011-10-06 13:20:00,64,295.93,0,1.0,2,0
13505.0,4,4393.63,2011-09-28 11:56:00,2011-04-21 12:07:00,73,1098.4075,159,0.025,1,1
13506.0,2,458.52,2011-01-27 13:53:00,2010-12-05 12:15:00,316,229.26,53,0.037037037037037035,2,0
13507.0,4,2479.16,2011-12-06 13:13:00,2011-07-17 11:50:00,3,619.79,142,0.027972027972027972,1,1
13508.0,1,110.97,2011-04-10 11:58:00,2011-04-10 11:58:00,244,110.97,0,1.0,2,0
13509.0,7,979.72,2011-12-01 10:10:00,2011-02-28 13:27:00,9,139.96,275,0.025362318840579712,1,1
13510.0,4,1791.56,2011-12-08 13:46:00,2011-06-09 09:32:00,1,447.89,182,0.02185792349726776,1,1
13512.0,1,251.21,2011-03-24 10:03:00,2011-03-24 10:03:00,261,251.21,0,1.0,2,0
13513.0,1,205.1,2011-08-05 11:50:00,2011-08-05 11:50:00,127,205.1,0,1.0,2,0
13514.0,1,152.20000000000002,2011-09-27 09:39:00,2011-09-27 09:39:00,74,152.20000000000002,0,1.0,2,0
13515.0,4,891.12,2011-09-28 11:26:00,2011-04-06 10:33:00,73,222.78,175,0.022727272727272728,2,0
13516.0,3,1389.41,2011-11-18 13:15:00,2011-04-15 11:06:00,21,463.1366666666667,217,0.013761467889908258,2,0
13517.0,3,2128.42,2011-10-11 11:43:00,2011-06-13 08:44:00,60,709.4733333333334,120,0.024793388429752067,1,1
13518.0,1,659.44,2011-09-15 10:29:00,2011-09-15 10:29:00,86,659.44,0,1.0,2,0
13519.0,1,122.75,2011-09-22 18:24:00,2011-09-22 18:24:00,78,122.75,0,1.0,2,0
13520.0,6,3624.35,2011-10-12 10:20:00,2010-12-03 10:36:00,59,604.0583333333333,312,0.019169329073482427,1,1
13521.0,3,1093.65,2011-12-08 13:50:00,2011-11-29 15:09:00,1,364.55,8,0.3333333333333333,2,0
13522.0,1,125.80000000000001,2011-11-09 15:11:00,2011-11-09 15:11:00,30,125.80000000000001,0,1.0,2,0
13523.0,5,3964.88,2011-11-06 15:11:00,2010-12-08 14:22:00,33,792.976,333,0.014970059880239521,1,1
13524.0,5,680.1800000000001,2011-10-30 12:34:00,2011-05-04 12:26:00,41,136.036,179,0.027777777777777776,2,0
13525.0,2,628.78,2011-11-25 12:01:00,2011-04-05 15:36:00,15,314.39,233,0.008547008547008548,2,0
13527.0,7,2287.51,2011-11-06 12:04:00,2011-01-17 11:17:00,34,326.7871428571429,293,0.023809523809523808,1,1
13529.0,2,307.76,2011-09-22 09:15:00,2011-05-19 11:50:00,79,153.88,125,0.015873015873015872,2,0
13531.0,2,483.8,2011-05-18 16:56:00,2010-12-08 15:03:00,205,241.9,161,0.012345679012345678,2,0
13532.0,1,210.31,2011-11-06 12:25:00,2011-11-06 12:25:00,34,210.31,0,1.0,2,0
13533.0,3,270.79,2011-06-10 11:54:00,2011-03-17 12:47:00,183,90.26333333333334,84,0.03529411764705882,2,0
13534.0,25,5870.08,2011-12-07 14:52:00,2010-12-16 15:23:00,2,234.8032,355,0.0702247191011236,0,2
13536.0,7,3448.29,2011-12-08 16:38:00,2011-09-25 13:30:00,1,492.61285714285714,74,0.09333333333333334,1,1
13538.0,7,1280.85,2011-10-27 16:34:00,2011-01-28 10:40:00,43,182.97857142857143,272,0.02564102564102564,1,1
13539.0,3,631.34,2011-09-15 10:18:00,2011-02-03 15:23:00,86,210.4466666666667,223,0.013392857142857142,2,0
13544.0,2,291.41,2011-10-31 11:57:00,2011-04-13 12:09:00,40,145.705,200,0.009950248756218905,2,0
13546.0,3,626.99,2011-11-27 14:50:00,2011-05-23 12:14:00,12,208.99666666666667,188,0.015873015873015872,2,0
13548.0,2,682.41,2011-09-04 14:50:00,2011-04-10 11:35:00,96,341.205,147,0.013513513513513514,2,0
13549.0,7,918.2,2011-11-14 09:20:00,2011-04-11 13:42:00,26,131.17142857142858,216,0.03225806451612903,1,1
13551.0,1,91.80000000000001,2011-01-24 14:46:00,2011-01-24 14:46:00,319,91.80000000000001,0,1.0,2,0
13552.0,12,3740.07,2011-10-04 15:19:00,2011-01-28 10:10:00,66,311.6725,249,0.048,1,1
13555.0,4,4149.28,2011-09-27 12:36:00,2011-05-22 11:06:00,74,1037.32,128,0.031007751937984496,1,1
13557.0,2,584.0600000000001,2011-11-11 15:24:00,2011-03-04 12:14:00,28,292.03000000000003,252,0.007905138339920948,2,0
13558.0,4,605.06,2011-12-04 11:24:00,2011-10-02 13:01:00,6,151.265,62,0.06349206349206349,2,0
13560.0,1,174.37,2011-12-02 13:11:00,2011-12-02 13:11:00,7,174.37,0,1.0,2,0
13561.0,1,141.85999999999999,2011-05-08 12:39:00,2011-05-08 12:39:00,216,141.85999999999999,0,1.0,2,0
13562.0,3,1799.3300000000002,2011-09-19 10:51:00,2011-04-08 12:42:00,82,599.7766666666668,163,0.018292682926829267,1,1
13563.0,2,777.53,2011-09-16 14:45:00,2011-07-22 17:21:00,84,388.765,55,0.03571428571428571,2,0
13564.0,3,1749.02,2011-07-18 14:33:00,2010-12-06 17:26:00,144,583.0066666666667,223,0.013392857142857142,1,1
13565.0,2,240.22,2011-11-20 14:33:00,2011-01-09 14:28:00,19,120.11,315,0.006329113924050633,2,0
13566.0,2,874.71,2011-10-30 11:59:00,2011-09-18 12:40:00,41,437.355,41,0.047619047619047616,2,0
13568.0,1,192.85,2011-06-19 14:42:00,2011-06-19 14:42:00,173,192.85,0,1.0,2,0
13569.0,2,373.75,2011-11-22 13:07:00,2010-12-07 12:29:00,17,186.875,350,0.005698005698005698,2,0
13570.0,1,239.49,2011-04-10 13:36:00,2011-04-10 13:36:00,243,239.49,0,1.0,2,0
13571.0,12,2092.32,2011-11-27 10:47:00,2011-03-31 12:43:00,13,174.36,240,0.04979253112033195,1,1
13572.0,1,1384.25,2011-05-18 11:59:00,2011-05-18 11:59:00,206,1384.25,0,1.0,2,0
13573.0,2,294.40000000000003,2011-10-20 14:33:00,2011-03-31 14:47:00,50,147.20000000000002,202,0.009852216748768473,2,0
13575.0,5,732.07,2011-11-16 13:14:00,2011-06-16 14:24:00,23,146.41400000000002,152,0.032679738562091505,2,0
13576.0,18,6717.34,2011-11-29 15:34:00,2010-12-01 17:24:00,10,373.18555555555554,362,0.049586776859504134,0,2
13577.0,4,1687.6000000000001,2011-11-14 15:19:00,2011-04-12 10:33:00,25,421.90000000000003,216,0.018433179723502304,1,1
13579.0,2,467.04,2011-11-25 08:41:00,2010-12-05 16:10:00,15,233.52,354,0.005633802816901409,2,0
13581.0,1,118.0,2011-02-03 14:41:00,2011-02-03 14:41:00,309,118.0,0,1.0,2,0
13583.0,1,781.03,2011-07-07 10:40:00,2011-07-07 10:40:00,156,781.03,0,1.0,2,0
13584.0,1,142.4,2011-02-06 12:49:00,2011-02-06 12:49:00,307,142.4,0,1.0,2,0
13587.0,1,712.4,2011-10-07 12:31:00,2011-10-07 12:31:00,64,712.4,0,1.0,2,0
13588.0,9,2478.95,2011-11-24 10:42:00,2011-03-29 15:53:00,16,275.43888888888887,239,0.0375,1,1
13589.0,2,379.65,2011-11-25 12:10:00,2011-06-13 12:44:00,15,189.825,164,0.012121212121212121,2,0
13590.0,6,1981.92,2011-11-28 12:54:00,2011-02-09 13:25:00,11,330.32,291,0.02054794520547945,1,1
13591.0,3,1117.13,2011-10-06 12:26:00,2011-03-18 12:18:00,65,372.3766666666667,202,0.014778325123152709,2,0
13592.0,4,247.95999999999998,2011-11-04 09:49:00,2011-03-20 14:01:00,36,61.989999999999995,228,0.017467248908296942,2,0
13593.0,5,2037.0800000000002,2011-08-23 13:35:00,2011-01-07 16:32:00,108,407.41600000000005,227,0.021929824561403508,1,1
13594.0,1,396.97,2011-10-18 10:19:00,2011-10-18 10:19:00,53,396.97,0,1.0,2,0
13596.0,2,697.04,2011-12-04 12:01:00,2011-11-27 11:57:00,6,348.52,7,0.25,2,0
13598.0,1,180.17000000000002,2011-10-23 14:28:00,2011-10-23 14:28:00,47,180.17000000000002,0,1.0,2,0
13599.0,21,5153.67,2011-12-08 16:10:00,2010-12-08 10:11:00,1,245.41285714285715,365,0.05737704918032787,0,2
13600.0,1,219.52,2011-01-31 15:27:00,2011-01-31 15:27:00,312,219.52,0,1.0,2,0
13601.0,2,693.32,2011-10-25 17:31:00,2011-05-12 16:52:00,45,346.66,166,0.011976047904191617,2,0
13602.0,1,428.89,2011-10-06 11:47:00,2011-10-06 11:47:00,65,428.89,0,1.0,2,0
13603.0,1,164.34,2011-11-13 15:57:00,2011-11-13 15:57:00,26,164.34,0,1.0,2,0
13606.0,3,280.54,2011-11-10 17:46:00,2011-02-01 11:42:00,29,93.51333333333334,282,0.01060070671378092,2,0
13607.0,1,678.01,2011-10-30 16:17:00,2011-10-30 16:17:00,40,678.01,0,1.0,2,0
13610.0,7,1131.88,2011-11-27 15:38:00,2011-02-27 14:44:00,12,161.69714285714286,273,0.025547445255474453,1,1
13611.0,3,1171.8,2011-09-11 14:51:00,2010-12-15 10:31:00,89,390.59999999999997,270,0.01107011070110701,2,0
13614.0,4,1610.46,2011-11-15 14:47:00,2011-01-13 12:37:00,24,402.615,306,0.013029315960912053,1,1
13615.0,1,417.69,2011-01-25 08:21:00,2011-01-25 08:21:00,319,417.69,0,1.0,2,0
13617.0,3,544.18,2011-10-30 13:50:00,2011-06-12 12:55:00,40,181.39333333333332,140,0.02127659574468085,2,0
13618.0,1,177.34,2011-06-19 11:09:00,2011-06-19 11:09:00,174,177.34,0,1.0,2,0
13621.0,1,213.85,2011-08-15 08:26:00,2011-08-15 08:26:00,117,213.85,0,1.0,2,0
13623.0,5,747.78,2011-11-09 12:00:00,2011-02-15 13:08:00,31,149.55599999999998,266,0.018726591760299626,2,0
13626.0,1,257.23,2011-04-01 10:05:00,2011-04-01 10:05:00,253,257.23,0,1.0,2,0
13627.0,5,1638.47,2011-10-11 14:20:00,2010-12-17 09:52:00,59,327.694,298,0.016722408026755852,1,1
13629.0,11,7792.36,2011-11-16 13:21:00,2011-01-05 12:09:00,23,708.3963636363636,315,0.03481012658227848,0,2
13630.0,7,2031.78,2011-12-04 15:16:00,2011-02-27 12:49:00,5,290.2542857142857,280,0.02491103202846975,1,1
13631.0,11,3070.42,2011-09-01 09:57:00,2011-03-17 17:13:00,100,279.1290909090909,167,0.06547619047619048,1,1
13632.0,5,2121.27,2011-11-15 10:51:00,2011-04-10 15:07:00,25,424.254,218,0.0228310502283105,1,1
13634.0,5,1575.16,2011-11-06 13:40:00,2011-01-16 15:30:00,33,315.03200000000004,293,0.017006802721088437,1,1
13635.0,1,1071.03,2011-10-03 10:55:00,2011-10-03 10:55:00,68,1071.03,0,1.0,2,0
13636.0,5,949.12,2011-11-03 10:30:00,2011-02-27 14:29:00,37,189.824,248,0.020080321285140562,2,0
13637.0,3,810.5,2011-10-18 13:32:00,2011-04-27 13:06:00,52,270.1666666666667,174,0.017142857142857144,2,0
13638.0,1,122.64,2011-11-24 10:38:00,2011-11-24 10:38:00,16,122.64,0,1.0,2,0
13639.0,1,1033.34,2011-09-26 13:36:00,2011-09-26 13:36:00,74,1033.34,0,1.0,2,0
13642.0,1,354.8,2011-05-08 12:34:00,2011-05-08 12:34:00,216,354.8,0,1.0,2,0
13643.0,3,519.44,2011-11-08 15:37:00,2011-06-07 11:40:00,31,173.14666666666668,154,0.01935483870967742,2,0
13644.0,4,2624.26,2011-11-23 14:07:00,2011-08-26 11:53:00,16,656.065,89,0.044444444444444446,1,1
13645.0,1,252.1,2011-08-11 16:11:00,2011-08-11 16:11:00,120,252.1,0,1.0,2,0
13647.0,4,1678.1200000000001,2011-11-30 12:00:00,2011-04-19 09:49:00,10,419.53000000000003,225,0.017699115044247787,1,1
13649.0,2,346.6,2011-03-28 11:51:00,2010-12-08 14:46:00,257,173.3,109,0.01818181818181818,2,0
13650.0,6,1836.3400000000001,2011-11-23 12:22:00,2011-03-17 12:37:00,17,306.0566666666667,250,0.02390438247011952,1,1
13651.0,2,94.2,2011-11-04 14:59:00,2011-10-31 12:11:00,35,47.1,4,0.4,2,0
13652.0,3,1095.08,2011-10-25 08:51:00,2010-12-06 09:21:00,46,365.02666666666664,322,0.009287925696594427,2,0
13654.0,6,2707.33,2011-10-27 16:24:00,2011-03-11 12:54:00,43,451.22166666666664,230,0.025974025974025976,1,1
13655.0,2,932.97,2011-08-17 14:25:00,2011-04-12 09:53:00,114,466.485,127,0.015625,2,0
13656.0,2,379.65,2011-06-28 10:31:00,2011-01-06 15:42:00,165,189.825,172,0.011560693641618497,2,0
13657.0,2,382.14,2011-11-29 12:32:00,2011-05-22 12:35:00,11,191.07,190,0.010471204188481676,2,0
13658.0,5,2639.17,2011-11-30 10:13:00,2011-05-19 17:15:00,10,527.8340000000001,194,0.02564102564102564,1,1
13659.0,2,1573.2,2011-05-18 12:37:00,2011-01-23 12:08:00,206,786.6,115,0.017241379310344827,2,0
13662.0,3,897.76,2011-09-15 12:04:00,2011-03-25 13:23:00,86,299.25333333333333,173,0.017241379310344827,2,0
13663.0,1,189.47,2011-06-13 15:44:00,2011-06-13 15:44:00,179,189.47,0,1.0,2,0
13666.0,3,84.65,2011-10-10 15:39:00,2011-02-25 13:05:00,60,28.21666666666667,227,0.013157894736842105,2,0
13667.0,1,305.02,2011-07-13 15:42:00,2011-07-13 15:42:00,149,305.02,0,1.0,2,0
13668.0,21,6363.59,2011-12-07 12:11:00,2010-12-12 12:35:00,3,303.02809523809526,359,0.058333333333333334,0,2
13669.0,2,218.55,2011-10-20 09:32:00,2011-07-13 11:44:00,51,109.275,98,0.020202020202020204,2,0
13670.0,1,349.7,2011-09-25 15:25:00,2011-09-25 15:25:00,75,349.7,0,1.0,2,0
13672.0,2,186.39000000000001,2011-02-11 13:53:00,2011-01-11 13:54:00,301,93.19500000000001,30,0.06451612903225806,2,0
13673.0,2,396.92,2011-11-21 12:11:00,2011-11-07 15:40:00,19,198.46,13,0.14285714285714285,2,0
13675.0,2,486.82000000000005,2011-07-11 12:57:00,2011-02-28 12:14:00,151,243.41000000000003,133,0.014925373134328358,2,0
13678.0,1,232.6,2011-07-11 10:14:00,2011-07-11 10:14:00,152,232.6,0,1.0,2,0
13680.0,4,3722.42,2011-12-08 13:47:00,2011-01-04 14:12:00,1,930.605,337,0.011834319526627219,1,1
13681.0,4,827.83,2011-11-22 11:13:00,2011-07-07 15:21:00,18,206.9575,137,0.028985507246376812,2,0
13682.0,1,59.5,2011-06-05 14:06:00,2011-06-05 14:06:00,187,59.5,0,1.0,2,0
13684.0,1,67.23,2011-02-27 10:13:00,2011-02-27 10:13:00,286,67.23,0,1.0,2,0
13685.0,7,3119.44,2011-12-07 11:41:00,2011-10-10 12:59:00,3,445.63428571428574,57,0.1206896551724138,1,1
13686.0,1,72.0,2011-06-10 09:10:00,2011-06-10 09:10:00,183,72.0,0,1.0,2,0
13689.0,1,910.0,2011-10-07 13:21:00,2011-10-07 13:21:00,63,910.0,0,1.0,2,0
13690.0,1,172.25,2011-10-11 15:03:00,2011-10-11 15:03:00,59,172.25,0,1.0,2,0
13692.0,3,1488.32,2011-11-15 11:17:00,2011-04-17 12:57:00,25,496.1066666666666,211,0.014150943396226415,1,1
13695.0,15,2504.13,2011-11-08 14:26:00,2011-03-25 11:31:00,31,166.942,228,0.06550218340611354,1,1
13697.0,1,151.3,2011-11-01 09:14:00,2011-11-01 09:14:00,39,151.3,0,1.0,2,0
13699.0,1,308.58000000000004,2011-07-07 16:51:00,2011-07-07 16:51:00,155,308.58000000000004,0,1.0,2,0
13700.0,10,2265.12,2011-11-13 13:00:00,2011-01-16 13:18:00,26,226.512,300,0.03322259136212625,1,1
13703.0,1,99.5,2011-01-25 13:10:00,2011-01-25 13:10:00,318,99.5,0,1.0,2,0
13704.0,9,2308.06,2011-12-04 15:13:00,2011-09-12 14:40:00,5,256.4511111111111,83,0.10714285714285714,1,1
13705.0,3,711.86,2011-12-02 12:32:00,2010-12-01 10:29:00,8,237.28666666666666,366,0.008174386920980926,2,0
13706.0,1,330.79,2011-02-10 09:21:00,2011-02-10 09:21:00,303,330.79,0,1.0,2,0
13707.0,2,806.41,2011-03-17 18:03:00,2011-01-28 13:27:00,267,403.205,48,0.04081632653061224,2,0
13708.0,1,296.88,2011-03-13 13:46:00,2011-03-13 13:46:00,271,296.88,0,1.0,2,0
13709.0,13,6328.05,2011-12-06 10:28:00,2011-01-28 14:57:00,4,486.7730769230769,311,0.041666666666666664,0,2
13710.0,1,180.48,2011-11-08 08:16:00,2011-11-08 08:16:00,32,180.48,0,1.0,2,0
13711.0,2,252.06,2011-05-05 10:31:00,2011-05-05 10:29:00,219,126.03,0,2.0,2,0
13712.0,1,228.84,2011-04-07 12:33:00,2011-04-07 12:33:00,247,228.84,0,1.0,2,0
13715.0,5,1079.34,2011-03-03 19:21:00,2010-12-02 08:52:00,281,215.868,91,0.05434782608695652,2,0
13716.0,1,138.28,2011-03-15 13:49:00,2011-03-15 13:49:00,269,138.28,0,1.0,2,0
13717.0,6,1445.01,2011-11-07 14:13:00,2011-02-14 13:21:00,32,240.835,266,0.02247191011235955,1,1
13718.0,2,306.55,2011-04-07 13:24:00,2011-02-17 11:58:00,246,153.275,49,0.04,2,0
13719.0,5,1041.68,2011-11-24 15:26:00,2011-04-19 13:56:00,15,208.336,219,0.022727272727272728,2,0
13720.0,4,799.9,2011-08-15 12:46:00,2011-03-30 09:17:00,117,199.975,138,0.02877697841726619,2,0
13721.0,1,524.14,2011-11-03 14:05:00,2011-11-03 14:05:00,36,524.14,0,1.0,2,0
13722.0,3,2375.41,2011-07-31 12:44:00,2011-03-02 11:43:00,132,791.8033333333333,151,0.019736842105263157,1,1
13723.0,1,199.85000000000002,2011-05-06 17:04:00,2011-05-06 17:04:00,217,199.85000000000002,0,1.0,2,0
13725.0,8,1980.56,2011-10-21 10:03:00,2011-02-04 12:18:00,50,247.57,258,0.03088803088803089,1,1
13726.0,2,1079.66,2011-11-01 10:49:00,2011-08-31 11:06:00,39,539.83,61,0.03225806451612903,2,0
13727.0,2,333.48,2011-11-11 09:46:00,2011-11-06 12:16:00,29,166.74,4,0.4,2,0
13728.0,6,1016.14,2011-11-03 10:49:00,2011-02-02 12:09:00,37,169.35666666666665,273,0.021897810218978103,1,1
13730.0,2,752.6,2011-07-27 08:35:00,2011-07-01 12:47:00,136,376.3,25,0.07692307692307693,2,0
13731.0,2,610.59,2011-05-04 14:33:00,2011-04-07 10:10:00,219,305.295,27,0.07142857142857142,2,0
13732.0,1,491.86,2011-11-11 15:49:00,2011-11-11 15:49:00,28,491.86,0,1.0,2,0
13735.0,4,2885.2400000000002,2011-11-15 11:14:00,2011-04-19 13:49:00,25,721.3100000000001,209,0.01904761904761905,1,1
13736.0,2,731.9,2011-12-04 15:19:00,2011-03-24 13:04:00,5,365.95,255,0.0078125,2,0
13737.0,1,339.6,2011-05-23 16:32:00,2011-05-23 16:32:00,200,339.6,0,1.0,2,0
13739.0,1,216.9,2011-11-21 13:35:00,2011-11-21 13:35:00,18,216.9,0,1.0,2,0
13740.0,1,350.75,2011-04-13 10:32:00,2011-04-13 10:32:00,241,350.75,0,1.0,2,0
13741.0,3,668.4300000000001,2011-09-29 09:19:00,2011-05-06 13:43:00,72,222.81000000000003,145,0.02054794520547945,2,0
13742.0,12,3131.02,2011-11-23 11:07:00,2011-01-23 14:59:00,17,260.91833333333335,303,0.039473684210526314,1,1
13743.0,7,1341.6,2011-12-07 10:09:00,2011-03-25 14:46:00,3,191.65714285714284,256,0.027237354085603113,1,1
13744.0,2,1156.36,2011-09-05 15:19:00,2011-02-20 14:08:00,95,578.18,197,0.010101010101010102,2,0
13745.0,1,300.04,2011-06-30 16:43:00,2011-06-30 16:43:00,162,300.04,0,1.0,2,0
13747.0,1,79.6,2010-12-01 10:37:00,2010-12-01 10:37:00,374,79.6,0,1.0,2,0
13748.0,5,948.25,2011-09-05 09:45:00,2010-12-01 09:00:00,96,189.65,278,0.017921146953405017,2,0
13750.0,5,1647.26,2011-10-17 12:16:00,2011-01-07 11:49:00,54,329.452,283,0.017605633802816902,1,1
13751.0,1,296.25,2011-02-24 15:56:00,2011-02-24 15:56:00,288,296.25,0,1.0,2,0
13752.0,6,1186.28,2011-08-07 14:16:00,2011-04-07 12:04:00,124,197.71333333333334,122,0.04878048780487805,2,0
13753.0,1,741.26,2011-02-25 12:48:00,2011-02-25 12:48:00,288,741.26,0,1.0,2,0
13754.0,2,282.6,2011-07-11 11:51:00,2011-01-26 14:58:00,152,141.3,165,0.012048192771084338,2,0
13755.0,9,2161.35,2011-12-06 12:26:00,2011-10-07 15:45:00,4,240.14999999999998,59,0.15,1,1
13756.0,14,5189.52,2011-12-07 16:44:00,2010-12-07 11:41:00,2,370.68,365,0.03825136612021858,1,1
13758.0,7,3190.55,2011-11-28 11:11:00,2010-12-01 12:08:00,12,455.79285714285714,361,0.019337016574585635,1,1
13759.0,2,659.4100000000001,2011-11-06 14:47:00,2011-09-29 15:40:00,33,329.70500000000004,37,0.05263157894736842,2,0
13760.0,2,286.79,2011-10-16 16:13:00,2011-03-28 12:52:00,54,143.395,202,0.009852216748768473,2,0
13761.0,2,1070.65,2011-10-20 14:01:00,2011-06-13 08:43:00,50,535.325,129,0.015384615384615385,2,0
13762.0,1,306.72,2011-05-05 09:15:00,2011-05-05 09:15:00,219,306.72,0,1.0,2,0
13763.0,1,1714.96,2011-10-07 15:13:00,2011-10-07 15:13:00,63,1714.96,0,1.0,1,1
13764.0,3,1521.76,2011-09-30 12:03:00,2011-01-06 14:53:00,71,507.25333333333333,266,0.011235955056179775,1,1
13769.0,10,2796.51,2011-12-07 15:08:00,2010-12-07 13:28:00,2,279.651,365,0.0273224043715847,1,1
13771.0,4,2634.45,2011-10-06 14:18:00,2011-04-06 15:47:00,64,658.6125,182,0.02185792349726776,1,1
13772.0,3,1132.13,2011-11-06 11:43:00,2011-04-14 12:31:00,34,377.3766666666667,205,0.014563106796116505,2,0
13774.0,1,345.0,2011-09-19 12:06:00,2011-09-19 12:06:00,82,345.0,0,1.0,2,0
13778.0,1,178.7,2011-08-28 15:25:00,2011-08-28 15:25:00,103,178.7,0,1.0,2,0
13780.0,2,360.01,2011-12-02 13:49:00,2011-06-22 11:43:00,7,180.005,163,0.012195121951219513,2,0
13781.0,1,127.84,2011-04-03 12:08:00,2011-04-03 12:08:00,251,127.84,0,1.0,2,0
13782.0,6,912.0,2011-11-27 11:54:00,2011-01-16 11:08:00,13,152.0,315,0.0189873417721519,1,1
13784.0,11,2462.79,2011-11-30 09:33:00,2011-01-11 14:38:00,10,223.89,322,0.034055727554179564,1,1
13786.0,1,230.4,2010-12-07 13:53:00,2010-12-07 13:53:00,367,230.4,0,1.0,2,0
13787.0,2,309.04,2011-09-25 12:06:00,2010-12-10 14:45:00,76,154.52,288,0.006920415224913495,2,0
13790.0,1,348.79999999999995,2011-12-05 15:48:00,2011-12-05 15:48:00,4,348.79999999999995,0,1.0,2,0
13791.0,2,1516.0,2011-08-04 11:44:00,2011-06-24 16:38:00,128,758.0,40,0.04878048780487805,2,0
13792.0,2,195.55,2011-10-04 14:31:00,2011-02-25 14:03:00,66,97.775,221,0.009009009009009009,2,0
13799.0,2,688.86,2011-08-15 12:07:00,2011-02-18 14:18:00,117,344.43,177,0.011235955056179775,2,0
13800.0,1,558.32,2011-02-03 12:27:00,2011-02-03 12:27:00,310,558.32,0,1.0,2,0
13801.0,1,324.8,2011-10-04 10:15:00,2011-10-04 10:15:00,67,324.8,0,1.0,2,0
13802.0,3,4599.42,2011-07-24 10:54:00,2011-02-01 12:03:00,139,1533.14,172,0.017341040462427744,1,1
13803.0,1,277.07,2011-03-29 12:57:00,2011-03-29 12:57:00,255,277.07,0,1.0,2,0
13804.0,7,2635.79,2011-11-09 12:32:00,2011-02-23 09:09:00,31,376.5414285714286,259,0.026923076923076925,1,1
13805.0,2,924.5999999999999,2011-10-18 14:50:00,2011-08-02 15:29:00,52,462.29999999999995,76,0.025974025974025976,2,0
13806.0,1,256.38,2011-10-07 11:43:00,2011-10-07 11:43:00,64,256.38,0,1.0,2,0
13807.0,1,112.6,2010-12-07 15:48:00,2010-12-07 15:48:00,367,112.6,0,1.0,2,0
13808.0,5,1747.66,2011-12-04 12:18:00,2011-09-04 12:07:00,6,349.53200000000004,91,0.05434782608695652,1,1
13809.0,1,155.05,2011-02-07 13:15:00,2011-02-07 13:15:00,305,155.05,0,1.0,2,0
13810.0,3,1499.01,2011-11-11 08:33:00,2011-10-14 12:57:00,29,499.67,27,0.10714285714285714,2,0
13811.0,3,814.5,2011-06-09 09:54:00,2011-04-14 18:40:00,184,271.5,55,0.05357142857142857,2,0
13812.0,3,539.0,2011-10-28 14:27:00,2011-08-26 12:54:00,42,179.66666666666666,63,0.046875,2,0
13813.0,4,1366.8600000000001,2011-10-31 10:38:00,2011-07-28 10:33:00,40,341.71500000000003,95,0.041666666666666664,2,0
13814.0,2,1579.12,2011-09-08 13:48:00,2011-07-25 13:54:00,92,789.56,44,0.044444444444444446,2,0
13815.0,4,4027.36,2011-11-17 14:19:00,2011-01-25 12:16:00,22,1006.84,296,0.013468013468013467,1,1
13816.0,2,571.6700000000001,2011-11-16 08:38:00,2011-10-06 14:37:00,24,285.83500000000004,40,0.04878048780487805,2,0
13817.0,2,382.98,2011-11-10 17:49:00,2010-12-23 11:46:00,29,191.49,322,0.006191950464396285,2,0
13819.0,3,1140.35,2011-02-11 10:38:00,2011-01-24 10:38:00,302,380.1166666666666,18,0.15789473684210525,2,0
13821.0,2,385.64,2011-07-18 09:49:00,2011-03-23 11:30:00,145,192.82,116,0.017094017094017096,2,0
13822.0,2,632.0,2011-12-04 12:13:00,2011-10-30 15:55:00,6,316.0,34,0.05714285714285714,2,0
13823.0,2,957.66,2011-11-21 10:22:00,2011-09-09 10:42:00,19,478.83,72,0.0273972602739726,2,0
13824.0,5,1698.94,2011-11-07 12:41:00,2011-02-02 13:07:00,33,339.788,277,0.017985611510791366,1,1
13826.0,1,189.5,2011-06-16 13:48:00,2011-06-16 13:48:00,176,189.5,0,1.0,2,0
13827.0,3,412.05,2011-10-13 12:38:00,2011-07-19 15:38:00,58,137.35,85,0.03488372093023256,2,0
13828.0,1,209.49,2011-11-17 16:02:00,2011-11-17 16:02:00,22,209.49,0,1.0,2,0
13831.0,6,2202.99,2011-11-23 15:41:00,2010-12-05 12:13:00,16,367.16499999999996,353,0.01694915254237288,1,1
13832.0,1,52.2,2011-11-20 15:36:00,2011-11-20 15:36:00,19,52.2,0,1.0,2,0
13833.0,1,384.8,2011-07-03 13:27:00,2011-07-03 13:27:00,159,384.8,0,1.0,2,0
13835.0,4,834.57,2011-11-14 15:37:00,2011-05-08 15:22:00,25,208.6425,190,0.020942408376963352,2,0
13837.0,2,271.24,2011-05-12 12:10:00,2011-01-26 12:15:00,212,135.62,105,0.018867924528301886,2,0
13838.0,4,691.73,2011-12-04 11:00:00,2010-12-05 10:45:00,6,172.9325,364,0.010958904109589041,2,0
13841.0,1,85.0,2011-04-01 12:10:00,2011-04-01 12:10:00,253,85.0,0,1.0,2,0
13842.0,9,3385.62,2011-10-12 10:51:00,2010-12-08 10:39:00,59,376.18,308,0.02912621359223301,1,1
13844.0,1,361.62,2011-11-28 13:21:00,2011-11-28 13:21:00,11,361.62,0,1.0,2,0
13845.0,1,312.98,2011-10-06 08:25:00,2011-10-06 08:25:00,65,312.98,0,1.0,2,0
13846.0,3,865.0600000000001,2011-11-15 12:07:00,2010-12-14 16:07:00,25,288.35333333333335,335,0.008928571428571428,2,0
13848.0,3,1255.0,2011-09-08 12:58:00,2010-12-08 15:10:00,92,418.3333333333333,273,0.010948905109489052,2,0
13849.0,2,1537.95,2011-10-19 10:59:00,2011-06-22 10:11:00,52,768.975,119,0.016666666666666666,2,0
13850.0,1,1595.48,2011-08-02 14:04:00,2011-08-02 14:04:00,129,1595.48,0,1.0,1,1
13851.0,3,2651.46,2011-09-05 12:36:00,2011-02-24 17:18:00,96,883.82,192,0.015544041450777202,1,1
13853.0,1,1090.1399999999999,2011-10-13 14:18:00,2011-10-13 14:18:00,57,1090.1399999999999,0,1.0,2,0
13854.0,25,8109.5199999999995,2011-12-01 09:06:00,2010-12-09 10:48:00,9,324.38079999999997,356,0.0700280112044818,0,2
13856.0,3,388.5,2011-06-24 10:03:00,2011-05-20 13:13:00,169,129.5,34,0.08571428571428572,2,0
13858.0,1,216.17000000000002,2011-10-13 16:17:00,2011-10-13 16:17:00,57,216.17000000000002,0,1.0,2,0
13859.0,1,201.16,2011-01-17 16:14:00,2011-01-17 16:14:00,326,201.16,0,1.0,2,0
13860.0,5,1245.9,2011-12-08 12:57:00,2011-09-14 09:27:00,1,249.18,85,0.05813953488372093,2,0
13862.0,8,2209.36,2011-11-21 16:24:00,2011-01-11 15:13:00,18,276.17,314,0.025396825396825397,1,1
13863.0,1,305.78,2011-04-06 10:20:00,2011-04-06 10:20:00,248,305.78,0,1.0,2,0
13865.0,4,501.56,2011-10-12 13:31:00,2011-02-23 12:04:00,58,125.39,231,0.017241379310344827,2,0
13866.0,1,145.67,2011-09-26 14:54:00,2011-09-26 14:54:00,74,145.67,0,1.0,2,0
13867.0,3,1015.29,2011-11-08 15:48:00,2011-05-05 17:28:00,31,338.43,186,0.016042780748663103,2,0
13868.0,2,3192.54,2011-12-02 16:32:00,2011-11-01 12:45:00,7,1596.27,31,0.0625,1,1
13869.0,4,3104.9500000000003,2011-08-08 13:53:00,2010-12-17 15:14:00,123,776.2375000000001,233,0.017094017094017096,1,1
13870.0,8,2770.94,2011-12-07 13:23:00,2011-02-25 09:09:00,2,346.3675,285,0.027972027972027972,1,1
13871.0,13,6403.25,2011-11-17 10:49:00,2011-02-04 09:30:00,23,492.5576923076923,286,0.04529616724738676,0,2
13873.0,3,389.6,2011-08-12 10:08:00,2011-02-03 09:37:00,120,129.86666666666667,190,0.015706806282722512,2,0
13874.0,1,540.45,2010-12-16 18:20:00,2010-12-16 18:20:00,358,540.45,0,1.0,2,0
13875.0,5,1786.79,2011-10-17 09:36:00,2011-02-11 15:39:00,54,357.358,247,0.020161290322580645,1,1
13876.0,1,122.7,2011-10-07 10:22:00,2011-10-07 10:22:00,64,122.7,0,1.0,2,0
13877.0,1,117.24,2011-09-14 15:49:00,2011-09-14 15:49:00,86,117.24,0,1.0,2,0
13878.0,1,1281.53,2011-10-16 12:19:00,2011-10-16 12:19:00,55,1281.53,0,1.0,2,0
13880.0,13,3219.77,2011-11-18 13:44:00,2010-12-07 14:00:00,21,247.67461538461538,345,0.03757225433526012,1,1
13881.0,20,17159.52,2011-12-06 12:50:00,2011-02-01 10:14:00,4,857.976,308,0.06472491909385113,0,2
13882.0,5,1191.13,2011-12-07 11:16:00,2011-10-06 15:28:00,3,238.22600000000003,61,0.08064516129032258,2,0
13883.0,5,2674.48,2011-11-29 10:45:00,2011-03-31 17:17:00,11,534.896,242,0.0205761316872428,1,1
13884.0,5,787.6,2011-12-02 16:30:00,2011-03-01 13:40:00,7,157.52,276,0.018050541516245487,2,0
13885.0,2,506.8,2011-06-03 15:07:00,2011-05-23 08:52:00,189,253.4,11,0.16666666666666666,2,0
13886.0,1,243.56,2011-09-29 13:17:00,2011-09-29 13:17:00,71,243.56,0,1.0,2,0
13887.0,1,349.55,2011-05-19 17:22:00,2011-05-19 17:22:00,204,349.55,0,1.0,2,0
13888.0,2,605.63,2011-08-12 10:13:00,2011-05-05 14:41:00,120,302.815,98,0.020202020202020204,2,0
13889.0,1,416.90000000000003,2011-09-08 09:13:00,2011-09-08 09:13:00,93,416.90000000000003,0,1.0,2,0
13890.0,10,1883.81,2011-12-08 15:36:00,2010-12-16 09:31:00,1,188.381,357,0.027932960893854747,1,1
13892.0,4,632.97,2011-11-13 11:50:00,2011-04-07 12:04:00,27,158.2425,219,0.01818181818181818,2,0
13893.0,1,821.1,2011-02-15 11:30:00,2011-02-15 11:30:00,298,821.1,0,1.0,2,0
13894.0,3,564.62,2011-11-16 09:44:00,2011-02-02 12:54:00,24,188.20666666666668,286,0.010452961672473868,2,0
13895.0,4,2593.07,2011-11-11 16:57:00,2011-06-28 10:17:00,28,648.2675,136,0.029197080291970802,1,1
13897.0,1,311.16,2011-10-20 14:30:00,2011-10-20 14:30:00,50,311.16,0,1.0,2,0
13898.0,1,155.93,2011-01-18 10:28:00,2011-01-18 10:28:00,326,155.93,0,1.0,2,0
13899.0,2,388.52,2011-11-23 13:40:00,2011-03-10 09:30:00,16,194.26,258,0.007722007722007722,2,0
13900.0,3,740.95,2011-06-09 19:26:00,2011-03-22 10:13:00,183,246.98333333333335,79,0.0375,2,0
13901.0,5,2867.2000000000003,2011-09-28 14:48:00,2011-01-25 09:01:00,72,573.44,246,0.020242914979757085,1,1
13904.0,2,332.64,2011-11-02 13:41:00,2011-02-18 11:18:00,37,166.32,257,0.007751937984496124,2,0
13908.0,4,2369.55,2011-09-21 11:49:00,2011-03-08 12:04:00,80,592.3875,196,0.02030456852791878,1,1
13911.0,9,2580.91,2011-10-13 15:43:00,2011-02-04 14:46:00,57,286.7677777777778,251,0.03571428571428571,1,1
13914.0,2,626.45,2011-11-28 10:35:00,2011-11-03 16:28:00,12,313.225,24,0.08,2,0
13917.0,2,272.04,2011-10-21 09:56:00,2011-06-01 12:46:00,50,136.02,141,0.014084507042253521,2,0
13918.0,2,1212.8400000000001,2011-10-21 12:25:00,2011-03-31 18:05:00,50,606.4200000000001,203,0.00980392156862745,2,0
13919.0,2,384.81,2011-10-11 14:24:00,2011-08-10 10:15:00,59,192.405,62,0.031746031746031744,2,0
13922.0,1,172.25,2010-12-23 10:38:00,2010-12-23 10:38:00,352,172.25,0,1.0,2,0
13923.0,1,351.13,2011-10-17 12:33:00,2011-10-17 12:33:00,54,351.13,0,1.0,2,0
13924.0,6,1838.8500000000001,2011-12-08 09:39:00,2011-09-28 15:07:00,2,306.475,70,0.08450704225352113,1,1
13925.0,4,678.25,2011-09-08 12:47:00,2011-07-28 12:09:00,93,169.5625,42,0.09302325581395349,2,0
13926.0,1,223.85000000000002,2011-11-16 13:16:00,2011-11-16 13:16:00,23,223.85000000000002,0,1.0,2,0
13927.0,1,348.99,2011-09-26 12:00:00,2011-09-26 12:00:00,75,348.99,0,1.0,2,0
13928.0,4,464.57,2011-11-29 10:33:00,2011-07-29 15:59:00,11,116.1425,122,0.032520325203252036,2,0
13929.0,2,842.65,2011-06-23 15:26:00,2011-01-17 15:11:00,169,421.325,157,0.012658227848101266,2,0
13930.0,2,337.34,2011-10-13 09:45:00,2011-07-26 11:00:00,58,168.67,78,0.02531645569620253,2,0
13931.0,2,1237.53,2011-09-05 10:12:00,2011-03-04 08:43:00,96,618.765,185,0.010752688172043012,2,0
13932.0,1,307.4,2011-02-18 12:02:00,2011-02-18 12:02:00,295,307.4,0,1.0,2,0
13933.0,2,608.79,2011-08-22 14:03:00,2011-07-14 13:35:00,109,304.395,39,0.05,2,0
13934.0,1,922.1,2011-03-21 08:39:00,2011-03-21 08:39:00,264,922.1,0,1.0,2,0
13936.0,1,376.58,2011-06-13 08:47:00,2011-06-13 08:47:00,180,376.58,0,1.0,2,0
13937.0,1,158.85,2011-06-23 16:35:00,2011-06-23 16:35:00,169,158.85,0,1.0,2,0
13938.0,1,71.66,2011-11-04 14:37:00,2011-11-04 14:37:00,35,71.66,0,1.0,2,0
13939.0,3,568.55,2011-11-16 13:33:00,2011-02-01 11:30:00,23,189.51666666666665,288,0.010380622837370242,2,0
13940.0,4,839.14,2011-11-22 15:15:00,2011-07-18 16:05:00,17,209.785,126,0.031496062992125984,2,0
13941.0,5,5112.96,2011-11-18 09:43:00,2010-12-02 10:17:00,22,1022.592,350,0.014245014245014245,1,1
13946.0,3,561.57,2011-09-21 13:33:00,2011-03-17 10:02:00,79,187.19000000000003,188,0.015873015873015872,2,0
13947.0,1,90.60000000000001,2011-10-05 14:42:00,2011-10-05 14:42:00,65,90.60000000000001,0,1.0,2,0
13948.0,1,102.0,2010-12-14 10:18:00,2010-12-14 10:18:00,361,102.0,0,1.0,2,0
13949.0,6,2427.32,2011-12-07 09:35:00,2011-09-06 11:55:00,3,404.55333333333334,91,0.06521739130434782,1,1
13950.0,4,745.0600000000001,2011-11-28 14:44:00,2011-04-07 11:29:00,11,186.26500000000001,235,0.01694915254237288,2,0
13951.0,3,674.45,2011-06-16 16:43:00,2011-02-18 15:21:00,176,224.8166666666667,118,0.025210084033613446,2,0
13952.0,2,3251.071,2011-05-06 09:00:00,2011-04-15 09:27:00,218,1625.5355,20,0.09523809523809523,1,1
13953.0,7,3515.68,2011-12-02 16:04:00,2010-12-22 10:29:00,7,502.23999999999995,345,0.02023121387283237,1,1
13954.0,2,439.92,2011-12-08 12:50:00,2011-09-30 10:52:00,2,219.96,69,0.02857142857142857,2,0
13955.0,2,322.96,2011-07-08 17:19:00,2011-02-07 12:24:00,154,161.48,151,0.013157894736842105,2,0
13956.0,5,1026.42,2011-12-04 13:20:00,2011-03-13 12:51:00,5,205.28400000000002,266,0.018726591760299626,2,0
13959.0,3,598.2,2011-09-21 15:06:00,2010-12-12 13:56:00,79,199.4,283,0.01056338028169014,2,0
13960.0,2,230.22,2011-11-18 15:27:00,2011-09-29 12:39:00,21,115.11,50,0.0392156862745098,2,0
13962.0,2,169.54999999999998,2011-11-18 08:47:00,2011-04-08 11:21:00,22,84.77499999999999,223,0.008928571428571428,2,0
13963.0,4,664.54,2011-02-04 14:43:00,2010-12-07 09:21:00,308,166.135,59,0.06666666666666667,2,0
13967.0,1,80.7,2011-07-17 12:02:00,2011-07-17 12:02:00,146,80.7,0,1.0,2,0
13969.0,18,9053.94,2011-12-02 15:11:00,2010-12-09 19:32:00,7,502.99666666666667,357,0.05027932960893855,0,2
13971.0,8,2758.26,2011-11-21 12:06:00,2011-02-27 12:27:00,19,344.7825,266,0.0299625468164794,1,1
13972.0,2,190.25,2011-09-30 11:54:00,2011-05-22 11:34:00,71,95.125,131,0.015151515151515152,2,0
13973.0,1,264.7,2011-02-25 15:21:00,2011-02-25 15:21:00,287,264.7,0,1.0,2,0
13974.0,1,413.59000000000003,2011-10-21 14:41:00,2011-10-21 14:41:00,49,413.59000000000003,0,1.0,2,0
13975.0,6,2526.28,2011-11-08 13:19:00,2011-03-08 12:19:00,31,421.0466666666667,245,0.024390243902439025,1,1
13976.0,1,357.98,2011-05-17 09:13:00,2011-05-17 09:13:00,207,357.98,0,1.0,2,0
13978.0,2,196.79,2011-11-25 11:36:00,2011-10-25 15:04:00,15,98.395,30,0.06451612903225806,2,0
13979.0,1,869.87,2011-09-27 13:32:00,2011-09-27 13:32:00,73,869.87,0,1.0,2,0
13980.0,1,200.14,2011-10-10 13:34:00,2011-10-10 13:34:00,60,200.14,0,1.0,2,0
13982.0,4,1871.81,2011-10-31 16:24:00,2010-12-09 13:57:00,39,467.9525,326,0.012232415902140673,1,1
13983.0,12,2603.43,2011-11-10 11:06:00,2010-12-08 10:38:00,30,216.9525,337,0.03550295857988166,1,1
13984.0,5,920.51,2011-11-13 12:38:00,2010-12-08 15:58:00,27,184.102,339,0.014705882352941176,2,0
13985.0,15,7060.13,2011-12-05 17:06:00,2011-03-20 13:48:00,4,470.67533333333336,260,0.05747126436781609,0,2
13986.0,1,320.46,2011-11-22 15:00:00,2011-11-22 15:00:00,17,320.46,0,1.0,2,0
13988.0,6,4147.96,2011-11-20 10:15:00,2011-03-30 11:48:00,20,691.3266666666667,234,0.02553191489361702,1,1
13989.0,2,1266.08,2011-10-05 09:47:00,2011-04-14 15:39:00,66,633.04,173,0.011494252873563218,2,0
13990.0,1,311.3,2011-05-10 15:19:00,2011-05-10 15:19:00,213,311.3,0,1.0,2,0
13991.0,6,855.97,2011-11-27 16:18:00,2011-07-19 12:58:00,12,142.66166666666666,131,0.045454545454545456,2,0
13992.0,1,76.8,2011-11-09 15:23:00,2011-11-09 15:23:00,30,76.8,0,1.0,2,0
13993.0,9,3466.36,2011-10-28 09:06:00,2011-01-13 10:43:00,43,385.1511111111111,287,0.03125,1,1
13994.0,6,2313.14,2011-12-06 11:05:00,2011-07-14 18:28:00,4,385.5233333333333,144,0.041379310344827586,1,1
13995.0,5,1393.69,2011-11-24 14:22:00,2011-04-08 08:20:00,15,278.738,230,0.021645021645021644,1,1
13999.0,12,3901.81,2011-11-29 13:40:00,2010-12-13 11:23:00,10,325.1508333333333,351,0.03409090909090909,1,1
14000.0,1,635.66,2011-05-12 16:50:00,2011-05-12 16:50:00,211,635.66,0,1.0,2,0
14001.0,3,2043.0800000000002,2011-10-25 10:31:00,2010-12-01 12:58:00,46,681.0266666666668,327,0.009146341463414634,1,1
14002.0,2,529.73,2011-07-28 15:55:00,2011-07-06 14:59:00,134,264.865,22,0.08695652173913043,2,0
14004.0,7,4582.64,2011-10-27 14:40:00,2011-02-24 09:28:00,43,654.6628571428572,245,0.028455284552845527,1,1
14005.0,5,2874.72,2011-11-30 12:41:00,2011-05-08 10:33:00,10,574.944,206,0.024154589371980676,1,1
14006.0,3,962.19,2011-08-16 09:39:00,2011-01-31 15:11:00,116,320.73,196,0.015228426395939087,2,0
14009.0,2,695.61,2011-05-25 15:47:00,2011-05-18 13:00:00,198,347.805,7,0.25,2,0
14012.0,1,328.8,2011-03-07 12:26:00,2011-03-07 12:26:00,278,328.8,0,1.0,2,0
14013.0,3,473.02,2011-08-21 15:01:00,2011-03-09 08:59:00,110,157.67333333333332,165,0.018072289156626505,2,0
14014.0,1,505.18,2011-09-23 13:18:00,2011-09-23 13:18:00,77,505.18,0,1.0,2,0
14015.0,1,917.34,2011-10-18 10:02:00,2011-10-18 10:02:00,53,917.34,0,1.0,2,0
14016.0,4,4341.21,2011-07-01 11:29:00,2010-12-17 14:21:00,162,1085.3025,195,0.02040816326530612,1,1
14019.0,3,1421.6100000000001,2011-10-24 10:13:00,2011-07-24 15:39:00,47,473.87000000000006,91,0.03260869565217391,2,0
14020.0,2,642.8,2011-11-23 09:22:00,2011-09-12 15:32:00,17,321.4,71,0.027777777777777776,2,0
14021.0,3,631.9,2011-07-07 15:46:00,2011-03-28 15:10:00,155,210.63333333333333,101,0.029411764705882353,2,0
14022.0,1,440.0,2011-04-28 14:39:00,2011-04-28 14:39:00,225,440.0,0,1.0,2,0
14023.0,2,584.07,2011-12-02 13:58:00,2011-04-03 15:50:00,7,292.035,242,0.00823045267489712,2,0
14024.0,2,327.7,2011-08-10 11:30:00,2011-08-07 13:31:00,122,163.85,2,0.6666666666666666,2,0
14027.0,1,104.82,2011-10-10 09:01:00,2011-10-10 09:01:00,61,104.82,0,1.0,2,0
14029.0,2,467.66,2011-10-07 14:46:00,2011-07-18 16:57:00,63,233.83,80,0.024691358024691357,2,0
14030.0,8,2360.09,2011-11-21 16:48:00,2010-12-08 16:11:00,18,295.01125,348,0.022922636103151862,1,1
14031.0,19,17286.86,2011-12-02 17:13:00,2010-12-02 16:34:00,7,909.8347368421053,365,0.05191256830601093,0,2
14032.0,11,2975.59,2011-12-07 15:23:00,2010-12-08 10:53:00,2,270.5081818181818,364,0.030136986301369864,1,1
14034.0,3,651.8199999999999,2011-11-17 14:02:00,2011-07-05 13:06:00,22,217.2733333333333,135,0.022058823529411766,2,0
14035.0,5,1428.02,2011-11-11 10:03:00,2011-02-15 12:48:00,29,285.604,268,0.01858736059479554,1,1
14036.0,1,626.65,2011-02-28 09:26:00,2011-02-28 09:26:00,285,626.65,0,1.0,2,0
14037.0,2,147.20000000000002,2011-06-16 13:57:00,2010-12-10 11:39:00,176,73.60000000000001,188,0.010582010582010581,2,0
14038.0,3,1560.38,2011-09-22 13:37:00,2011-05-16 14:05:00,78,520.1266666666667,128,0.023255813953488372,2,0
14039.0,1,152.2,2011-11-06 13:48:00,2011-11-06 13:48:00,33,152.2,0,1.0,2,0
14040.0,12,3614.92,2011-10-30 12:42:00,2011-01-12 14:57:00,41,301.24333333333334,290,0.041237113402061855,1,1
14041.0,1,141.41,2011-03-18 13:25:00,2011-03-18 13:25:00,266,141.41,0,1.0,2,0
14044.0,4,652.82,2011-11-13 12:05:00,2011-02-03 11:39:00,27,163.205,283,0.014084507042253521,2,0
14045.0,4,1659.75,2011-08-22 15:27:00,2010-12-01 11:32:00,109,414.9375,264,0.01509433962264151,1,1
14046.0,1,154.99,2011-02-28 14:48:00,2011-02-28 14:48:00,284,154.99,0,1.0,2,0
14047.0,5,1308.6100000000001,2011-12-01 11:43:00,2010-12-02 10:09:00,9,261.72200000000004,364,0.0136986301369863,1,1
14048.0,1,409.93,2011-02-07 14:53:00,2011-02-07 14:53:00,305,409.93,0,1.0,2,0
14049.0,4,5681.72,2011-11-23 12:20:00,2011-01-26 11:27:00,17,1420.43,301,0.013245033112582781,1,1
14050.0,2,746.36,2011-11-08 10:00:00,2011-08-25 13:46:00,32,373.18,74,0.02666666666666667,2,0
14051.0,23,15610.390000000001,2011-12-09 10:20:00,2010-12-08 12:49:00,1,678.7126086956522,365,0.06284153005464481,0,2
14052.0,1,225.35999999999999,2011-11-20 12:30:00,2011-11-20 12:30:00,20,225.35999999999999,0,1.0,2,0
14053.0,2,260.25,2011-08-07 14:27:00,2011-07-03 12:21:00,124,130.125,35,0.05555555555555555,2,0
14054.0,1,92.46000000000001,2011-10-05 15:49:00,2011-10-05 15:49:00,65,92.46000000000001,0,1.0,2,0
14055.0,1,725.6400000000001,2011-08-25 15:04:00,2011-08-25 15:04:00,106,725.6400000000001,0,1.0,2,0
14056.0,23,8214.65,2011-12-08 13:36:00,2011-02-28 15:19:00,1,357.1586956521739,282,0.0812720848056537,0,2
14057.0,17,6217.96,2011-11-16 10:32:00,2010-12-14 12:11:00,24,365.76235294117646,336,0.050445103857566766,0,2
14059.0,1,183.6,2011-03-18 10:06:00,2011-03-18 10:06:00,267,183.6,0,1.0,2,0
14060.0,19,6140.42,2011-12-05 12:29:00,2010-12-02 12:11:00,5,323.18,368,0.051490514905149054,0,2
14062.0,12,10464.85,2011-11-30 10:04:00,2010-12-10 15:56:00,10,872.0708333333333,354,0.03380281690140845,0,2
14064.0,5,1353.74,2011-11-10 13:14:00,2011-03-10 12:59:00,29,270.748,245,0.02032520325203252,1,1
14066.0,1,152.55,2011-03-18 12:21:00,2011-03-18 12:21:00,267,152.55,0,1.0,2,0
14067.0,2,374.7,2011-10-07 10:21:00,2011-09-04 12:00:00,64,187.35,32,0.06060606060606061,2,0
14068.0,1,265.85,2011-01-23 16:02:00,2011-01-23 16:02:00,320,265.85,0,1.0,2,0
14071.0,8,1438.82,2011-12-06 12:27:00,2011-03-20 11:33:00,4,179.8525,261,0.030534351145038167,1,1
14073.0,1,151.04,2011-11-07 15:49:00,2011-11-07 15:49:00,32,151.04,0,1.0,2,0
14075.0,3,942.26,2011-12-05 08:38:00,2011-03-23 16:35:00,5,314.08666666666664,256,0.011673151750972763,2,0
14076.0,1,122.47,2011-08-02 15:19:00,2011-08-02 15:19:00,129,122.47,0,1.0,2,0
14077.0,5,499.42,2011-10-30 12:35:00,2011-03-10 15:52:00,41,99.884,233,0.021367521367521368,2,0
14078.0,6,1049.37,2011-08-30 12:16:00,2010-12-01 12:54:00,102,174.89499999999998,271,0.022058823529411766,2,0
14079.0,1,375.1,2011-08-07 12:10:00,2011-08-07 12:10:00,125,375.1,0,1.0,2,0
14080.0,1,45.599999999999994,2011-11-07 11:09:00,2011-11-07 11:09:00,33,45.599999999999994,0,1.0,2,0
14081.0,2,934.52,2011-02-10 16:17:00,2010-12-05 15:47:00,302,467.26,67,0.029411764705882353,2,0
14082.0,1,182.25,2010-12-10 11:02:00,2010-12-10 11:02:00,365,182.25,0,1.0,2,0
14083.0,9,1018.43,2011-12-05 13:14:00,2010-12-03 12:24:00,4,113.15888888888888,367,0.024456521739130436,1,1
14085.0,18,4448.54,2011-12-07 13:46:00,2010-12-06 12:39:00,2,247.14111111111112,366,0.04904632152588556,1,1
14087.0,1,194.42,2011-12-07 12:41:00,2011-12-07 12:41:00,3,194.42,0,1.0,2,0
14089.0,1,161.0,2011-10-14 10:38:00,2011-10-14 10:38:00,57,161.0,0,1.0,2,0
14090.0,1,76.32000000000001,2011-01-19 10:51:00,2011-01-19 10:51:00,325,76.32000000000001,0,1.0,2,0
14092.0,14,4076.9100000000003,2011-12-02 12:13:00,2010-12-16 15:47:00,8,291.20785714285716,350,0.039886039886039885,1,1
14093.0,1,442.85,2011-11-27 16:27:00,2011-11-27 16:27:00,12,442.85,0,1.0,2,0
14098.0,1,147.35,2011-11-03 10:13:00,2011-11-03 10:13:00,37,147.35,0,1.0,2,0
14099.0,11,3104.17,2011-11-23 13:53:00,2010-12-20 11:14:00,16,282.1972727272727,338,0.032448377581120944,1,1
14100.0,1,194.9,2011-07-25 11:01:00,2011-07-25 11:01:00,138,194.9,0,1.0,2,0
14101.0,6,5976.79,2011-09-27 12:28:00,2011-01-17 13:09:00,74,996.1316666666667,252,0.023715415019762844,1,1
14102.0,5,1360.28,2011-12-04 15:38:00,2011-10-26 12:46:00,5,272.056,39,0.125,2,0
14104.0,2,216.21,2011-07-08 12:50:00,2011-06-27 12:49:00,155,108.105,11,0.16666666666666666,2,0
14105.0,1,1266.23,2011-04-14 17:58:00,2011-04-14 17:58:00,239,1266.23,0,1.0,2,0
14107.0,7,2703.23,2011-10-19 12:12:00,2010-12-10 13:29:00,52,386.17571428571426,312,0.022364217252396165,1,1
14108.0,2,597.91,2011-11-09 10:41:00,2011-08-30 11:32:00,31,298.955,70,0.028169014084507043,2,0
14109.0,1,144.2,2011-09-28 10:18:00,2011-09-28 10:18:00,73,144.2,0,1.0,2,0
14110.0,12,5683.15,2011-12-06 12:26:00,2011-03-18 09:59:00,4,473.5958333333333,263,0.045454545454545456,1,1
14111.0,4,692.85,2011-11-25 13:44:00,2011-04-12 11:36:00,14,173.2125,227,0.017543859649122806,2,0
14112.0,7,2915.15,2011-11-17 12:30:00,2011-03-09 11:28:00,23,416.45,253,0.027559055118110236,1,1
14113.0,4,1840.42,2011-12-06 12:18:00,2010-12-20 12:14:00,4,460.105,351,0.011363636363636364,1,1
14114.0,2,386.53,2011-03-11 09:42:00,2011-01-13 11:05:00,274,193.265,56,0.03508771929824561,2,0
14116.0,5,1382.74,2011-11-20 10:29:00,2011-08-10 12:44:00,20,276.548,101,0.049019607843137254,1,1
14117.0,1,90.0,2011-07-19 09:49:00,2011-07-19 09:49:00,144,90.0,0,1.0,2,0
14121.0,4,2780.15,2011-12-06 12:19:00,2011-10-11 10:39:00,4,695.0375,56,0.07017543859649122,1,1
14124.0,1,419.58,2011-09-16 13:32:00,2011-09-16 13:32:00,84,419.58,0,1.0,2,0
14125.0,3,2740.43,2011-11-29 12:47:00,2011-09-22 15:40:00,11,913.4766666666666,67,0.04411764705882353,1,1
14126.0,3,706.1300000000001,2011-12-02 11:45:00,2011-11-29 12:21:00,8,235.3766666666667,2,1.0,2,0
14127.0,3,709.71,2011-08-09 10:49:00,2011-02-02 12:26:00,123,236.57000000000002,187,0.015957446808510637,2,0
14128.0,2,637.5,2011-10-10 12:00:00,2011-03-29 10:49:00,61,318.75,195,0.01020408163265306,2,0
14129.0,5,1123.8600000000001,2011-12-08 11:02:00,2011-03-24 08:44:00,2,224.77200000000002,259,0.019230769230769232,1,1
14130.0,1,483.86,2011-01-24 16:05:00,2011-01-24 16:05:00,319,483.86,0,1.0,2,0
14132.0,11,3586.03,2011-12-07 13:35:00,2011-06-09 12:04:00,2,326.00272727272727,181,0.06043956043956044,1,1
14133.0,3,605.64,2011-08-02 11:34:00,2011-01-28 11:27:00,130,201.88,186,0.016042780748663103,2,0
14135.0,15,4690.31,2011-12-08 11:38:00,2010-12-02 10:27:00,2,312.68733333333336,371,0.04032258064516129,1,1
14138.0,2,982.38,2011-12-08 12:44:00,2011-10-07 09:38:00,2,491.19,62,0.031746031746031744,2,0
14139.0,1,415.82,2011-10-24 13:34:00,2011-10-24 13:34:00,46,415.82,0,1.0,2,0
14140.0,2,935.05,2011-12-06 09:05:00,2011-11-08 11:20:00,4,467.525,27,0.07142857142857142,2,0
14141.0,4,915.13,2011-12-07 09:53:00,2011-08-26 14:40:00,3,228.7825,102,0.038834951456310676,2,0
14142.0,1,311.81,2010-12-01 16:33:00,2010-12-01 16:33:00,373,311.81,0,1.0,2,0
14143.0,1,115.8,2011-07-29 09:48:00,2011-07-29 09:48:00,134,115.8,0,1.0,2,0
14145.0,4,3742.2,2011-10-24 12:10:00,2011-05-06 13:01:00,47,935.55,170,0.023391812865497075,1,1
14146.0,5,4191.0,2011-12-01 10:18:00,2010-12-17 15:52:00,9,838.2,348,0.014326647564469915,1,1
14147.0,2,483.4,2011-09-22 18:10:00,2011-02-27 11:42:00,78,241.7,207,0.009615384615384616,2,0
14148.0,1,157.2,2011-04-20 12:02:00,2011-04-20 12:02:00,234,157.2,0,1.0,2,0
14149.0,1,446.62,2011-05-03 09:44:00,2011-05-03 09:44:00,221,446.62,0,1.0,2,0
14150.0,2,658.64,2011-11-04 10:05:00,2010-12-15 10:04:00,36,329.32,324,0.006153846153846154,2,0
14152.0,2,621.29,2011-09-25 12:54:00,2011-04-19 15:46:00,75,310.645,158,0.012578616352201259,2,0
14154.0,2,1345.62,2011-04-14 16:26:00,2011-04-14 15:58:00,239,672.81,0,2.0,2,0
14155.0,1,118.75,2011-03-18 14:13:00,2011-03-18 14:13:00,266,118.75,0,1.0,2,0
14157.0,2,432.88,2011-11-20 11:32:00,2011-02-27 13:04:00,20,216.44,265,0.007518796992481203,2,0
14158.0,1,507.65999999999997,2011-10-30 15:08:00,2011-10-30 15:08:00,40,507.65999999999997,0,1.0,2,0
14159.0,11,4693.01,2011-11-20 12:36:00,2010-12-12 11:17:00,20,426.6372727272728,343,0.03197674418604651,1,1
14161.0,3,1110.52,2011-05-08 11:41:00,2010-12-05 13:18:00,216,370.17333333333335,153,0.01948051948051948,2,0
14162.0,2,289.36,2011-06-19 11:36:00,2011-02-20 12:32:00,174,144.68,118,0.01680672268907563,2,0
14163.0,4,2445.91,2011-09-13 15:18:00,2011-04-14 17:33:00,87,611.4775,151,0.02631578947368421,1,1
14164.0,2,1631.77,2011-09-30 12:24:00,2011-09-20 12:18:00,71,815.885,10,0.18181818181818182,2,0
14165.0,1,122.53999999999999,2011-03-09 12:39:00,2011-03-09 12:39:00,276,122.53999999999999,0,1.0,2,0
14167.0,4,574.84,2011-10-31 14:29:00,2011-01-12 15:44:00,39,143.71,291,0.0136986301369863,2,0
14171.0,1,363.79,2011-09-02 16:43:00,2011-09-02 16:43:00,98,363.79,0,1.0,2,0
14173.0,4,450.84,2011-11-29 11:54:00,2011-05-04 14:03:00,11,112.71,208,0.019138755980861243,2,0
14174.0,1,134.46,2011-11-06 13:17:00,2011-11-06 13:17:00,33,134.46,0,1.0,2,0
14175.0,3,3222.3,2011-10-11 11:55:00,2011-01-14 12:22:00,60,1074.1000000000001,269,0.011111111111111112,1,1
14176.0,4,576.9000000000001,2011-02-15 13:12:00,2010-12-07 11:45:00,297,144.22500000000002,70,0.056338028169014086,2,0
14177.0,4,559.41,2011-09-14 15:11:00,2011-06-13 11:10:00,86,139.8525,93,0.0425531914893617,2,0
14178.0,7,1620.93,2011-12-01 12:01:00,2011-06-10 12:51:00,9,231.5614285714286,173,0.040229885057471264,1,1
14179.0,2,719.78,2011-10-30 12:07:00,2011-10-18 14:00:00,41,359.89,11,0.16666666666666666,2,0
14180.0,25,4748.52,2011-11-29 10:56:00,2010-12-02 13:08:00,11,189.94080000000002,361,0.06906077348066299,0,2
14184.0,1,452.89,2011-10-04 12:43:00,2011-10-04 12:43:00,67,452.89,0,1.0,2,0
14185.0,1,197.65,2011-01-12 13:52:00,2011-01-12 13:52:00,331,197.65,0,1.0,2,0
14188.0,6,2054.36,2011-11-09 12:45:00,2011-02-02 13:46:00,31,342.3933333333334,279,0.02142857142857143,1,1
14189.0,15,4654.08,2011-12-07 15:55:00,2010-12-06 11:42:00,2,310.272,366,0.04087193460490463,1,1
14191.0,13,4684.76,2011-12-08 09:23:00,2011-05-03 10:30:00,2,360.36615384615385,218,0.0593607305936073,1,1
14193.0,2,853.39,2011-10-03 09:34:00,2011-03-15 11:38:00,68,426.695,201,0.009900990099009901,2,0
14194.0,21,11349.52,2011-12-05 10:38:00,2011-02-04 14:51:00,5,540.4533333333334,303,0.06907894736842106,0,2
14195.0,2,1012.0,2011-05-22 10:29:00,2011-04-01 16:50:00,202,506.0,50,0.0392156862745098,2,0
14196.0,1,335.52,2011-08-25 10:25:00,2011-08-25 10:25:00,107,335.52,0,1.0,2,0
14198.0,4,701.4,2011-11-21 16:35:00,2011-04-14 14:54:00,18,175.35,221,0.018018018018018018,2,0
14199.0,1,185.39999999999998,2011-05-05 13:44:00,2011-05-05 13:44:00,218,185.39999999999998,0,1.0,2,0
14201.0,7,747.44,2011-10-10 13:27:00,2010-12-15 13:25:00,60,106.77714285714286,299,0.023333333333333334,1,1
14204.0,1,161.03,2011-12-07 13:38:00,2011-12-07 13:38:00,2,161.03,0,1.0,2,0
14205.0,2,466.7,2011-11-23 10:55:00,2011-03-20 15:07:00,17,233.35,247,0.008064516129032258,2,0
14206.0,1,328.15999999999997,2011-04-14 16:38:00,2011-04-14 16:38:00,239,328.15999999999997,0,1.0,2,0
14208.0,1,151.74,2011-09-06 12:48:00,2011-09-06 12:48:00,95,151.74,0,1.0,2,0
14209.0,6,2073.43,2011-11-29 10:18:00,2011-01-11 12:56:00,11,345.57166666666666,321,0.018633540372670808,1,1
14210.0,6,1905.8400000000001,2011-08-26 12:36:00,2010-12-03 12:43:00,106,317.64000000000004,265,0.022556390977443608,1,1
14211.0,9,2241.1,2011-10-17 13:23:00,2011-02-17 15:50:00,53,249.0111111111111,241,0.0371900826446281,1,1
14212.0,1,1070.48,2011-09-11 12:45:00,2011-09-11 12:45:00,90,1070.48,0,1.0,2,0
14214.0,5,1004.38,2011-11-09 10:31:00,2011-03-07 12:26:00,31,200.876,246,0.020242914979757085,2,0
14215.0,6,1789.72,2011-11-28 12:19:00,2010-12-06 15:34:00,12,298.2866666666667,356,0.01680672268907563,1,1
14216.0,4,1839.3,2011-12-06 14:56:00,2011-11-02 10:51:00,3,459.825,34,0.11428571428571428,1,1
14217.0,17,2004.98,2011-12-08 11:53:00,2010-12-08 13:28:00,2,117.94,364,0.04657534246575343,1,1
14218.0,1,169.48000000000002,2011-10-28 10:00:00,2011-10-28 10:00:00,43,169.48000000000002,0,1.0,2,0
14219.0,1,89.94,2011-12-05 16:23:00,2011-12-05 16:23:00,4,89.94,0,1.0,2,0
14220.0,2,632.4000000000001,2011-04-06 13:23:00,2010-12-16 18:18:00,247,316.20000000000005,110,0.018018018018018018,2,0
14221.0,9,3432.8,2011-10-28 13:42:00,2011-01-04 15:33:00,42,381.4222222222222,296,0.030303030303030304,1,1
14222.0,1,683.17,2011-06-15 16:42:00,2011-06-15 16:42:00,177,683.17,0,1.0,2,0
14223.0,3,991.13,2011-09-08 13:38:00,2011-03-20 16:02:00,92,330.37666666666667,171,0.01744186046511628,2,0
14224.0,4,1050.1200000000001,2011-08-21 13:24:00,2011-01-23 13:58:00,110,262.53000000000003,209,0.01904761904761905,2,0
14226.0,5,2232.19,2011-11-11 11:34:00,2011-03-15 15:36:00,29,446.438,240,0.02074688796680498,1,1
14227.0,10,3350.96,2011-11-13 15:48:00,2011-02-28 12:27:00,26,335.096,258,0.03861003861003861,1,1
14229.0,3,1547.2,2011-10-19 10:04:00,2011-01-10 12:03:00,52,515.7333333333333,281,0.010638297872340425,1,1
14231.0,3,925.71,2011-06-09 11:05:00,2011-02-24 11:55:00,184,308.57,104,0.02857142857142857,2,0
14232.0,5,2048.07,2011-10-28 11:09:00,2011-03-20 12:44:00,43,409.61400000000003,221,0.02252252252252252,1,1
14233.0,4,1462.72,2011-10-21 15:54:00,2011-01-26 12:43:00,49,365.68,268,0.01486988847583643,1,1
14234.0,4,775.46,2011-11-17 17:53:00,2011-10-13 13:58:00,22,193.865,35,0.1111111111111111,2,0
14235.0,5,3144.86,2011-09-25 14:37:00,2011-03-24 13:23:00,75,628.972,185,0.026881720430107527,1,1
14236.0,2,490.86,2011-09-20 09:13:00,2010-12-02 18:49:00,81,245.43,291,0.00684931506849315,2,0
14237.0,1,161.0,2010-12-01 13:20:00,2010-12-01 13:20:00,373,161.0,0,1.0,2,0
14238.0,1,146.85,2011-01-17 14:40:00,2011-01-17 14:40:00,326,146.85,0,1.0,2,0
14239.0,11,2380.85,2011-10-27 14:40:00,2011-01-27 14:45:00,43,216.4409090909091,272,0.040293040293040296,1,1
14240.0,2,890.34,2011-11-09 13:45:00,2011-04-28 11:40:00,30,445.17,195,0.01020408163265306,2,0
14241.0,1,213.70000000000002,2011-06-09 11:46:00,2011-06-09 11:46:00,184,213.70000000000002,0,1.0,2,0
14242.0,2,280.55,2011-04-19 11:46:00,2011-01-18 08:53:00,235,140.275,91,0.021739130434782608,2,0
14243.0,10,2588.77,2011-12-01 11:12:00,2010-12-09 08:34:00,9,258.877,357,0.027932960893854747,1,1
14245.0,2,1693.45,2011-05-04 08:40:00,2011-03-21 10:41:00,220,846.725,43,0.045454545454545456,2,0
14246.0,3,1474.06,2011-08-21 11:50:00,2011-04-08 08:25:00,111,491.3533333333333,135,0.022058823529411766,2,0
14247.0,1,136.77,2011-03-06 15:21:00,2011-03-06 15:21:00,278,136.77,0,1.0,2,0
14248.0,1,302.58,2011-01-25 14:45:00,2011-01-25 14:45:00,318,302.58,0,1.0,2,0
14250.0,3,1904.05,2011-12-02 14:30:00,2011-09-11 13:44:00,7,634.6833333333333,82,0.03614457831325301,1,1
14251.0,5,2879.7000000000003,2011-12-08 08:32:00,2011-10-13 12:46:00,2,575.94,55,0.08928571428571429,1,1
14256.0,2,969.0600000000001,2011-03-24 13:17:00,2010-12-10 11:44:00,260,484.53000000000003,104,0.01904761904761905,2,0
14257.0,5,3099.7200000000003,2011-10-06 16:54:00,2011-01-25 10:49:00,64,619.9440000000001,254,0.0196078431372549,1,1
14258.0,9,12669.98,2011-11-30 15:27:00,2011-01-06 12:18:00,9,1407.7755555555555,328,0.02735562310030395,0,2
14259.0,1,120.0,2011-07-21 10:44:00,2011-07-21 10:44:00,142,120.0,0,1.0,2,0
14261.0,2,1163.45,2011-10-20 10:04:00,2011-09-22 10:47:00,51,581.725,27,0.07142857142857142,2,0
14262.0,8,2618.23,2011-12-01 14:17:00,2011-04-13 12:23:00,8,327.27875,232,0.034334763948497854,1,1
14264.0,2,333.97,2011-07-08 10:20:00,2011-04-08 12:20:00,155,166.985,90,0.02197802197802198,2,0
14265.0,2,530.18,2011-08-22 13:32:00,2011-07-14 09:10:00,109,265.09,39,0.05,2,0
14267.0,3,1516.24,2011-06-30 10:09:00,2011-03-24 11:38:00,163,505.41333333333336,97,0.030612244897959183,2,0
14270.0,1,492.65000000000003,2011-01-12 09:33:00,2011-01-12 09:33:00,332,492.65000000000003,0,1.0,2,0
14271.0,1,112.32000000000001,2011-04-28 12:47:00,2011-04-28 12:47:00,226,112.32000000000001,0,1.0,2,0
14272.0,2,437.96,2011-09-27 10:08:00,2011-03-30 13:57:00,74,218.98,180,0.011049723756906077,2,0
14273.0,4,559.97,2011-10-19 13:20:00,2011-04-11 13:24:00,51,139.9925,190,0.020942408376963352,2,0
14276.0,3,1119.74,2011-09-02 09:45:00,2011-02-23 09:38:00,99,373.24666666666667,191,0.015625,2,0
14277.0,3,4216.2,2011-11-24 15:01:00,2011-05-11 13:20:00,15,1405.3999999999999,197,0.015151515151515152,1,1
14280.0,1,134.04,2011-05-27 10:37:00,2011-05-27 10:37:00,197,134.04,0,1.0,2,0
14282.0,15,3729.34,2011-12-06 17:04:00,2010-12-07 12:21:00,3,248.62266666666667,364,0.0410958904109589,1,1
14284.0,2,595.25,2011-11-09 08:11:00,2011-09-14 13:04:00,31,297.625,55,0.03571428571428571,2,0
14285.0,4,1910.01,2011-11-18 14:50:00,2011-06-16 12:36:00,21,477.5025,155,0.02564102564102564,1,1
14286.0,3,4628.75,2011-11-16 10:34:00,2011-04-11 08:16:00,24,1542.9166666666667,219,0.013636363636363636,1,1
14287.0,3,176.63,2011-12-01 13:25:00,2011-05-25 11:41:00,8,58.876666666666665,190,0.015706806282722512,2,0
14288.0,1,426.6,2011-05-10 13:22:00,2011-05-10 13:22:00,213,426.6,0,1.0,2,0
14289.0,6,911.26,2011-12-01 11:44:00,2011-02-23 12:33:00,9,151.87666666666667,280,0.021352313167259787,1,1
14290.0,5,2314.65,2011-11-28 14:02:00,2010-12-13 10:24:00,11,462.93,350,0.014245014245014245,1,1
14291.0,11,3883.25,2011-12-08 10:26:00,2011-03-09 15:20:00,2,353.02272727272725,273,0.040145985401459854,1,1
14292.0,9,4871.93,2011-12-02 11:50:00,2011-03-02 08:26:00,8,541.3255555555556,275,0.03260869565217391,1,1
14293.0,4,1046.56,2011-12-06 15:17:00,2010-12-06 10:18:00,3,261.64,365,0.01092896174863388,2,0
14295.0,1,166.20000000000002,2011-10-30 15:50:00,2011-10-30 15:50:00,40,166.20000000000002,0,1.0,2,0
14297.0,4,1305.33,2011-11-22 09:06:00,2011-03-10 08:31:00,18,326.3325,257,0.015503875968992248,1,1
14299.0,9,3965.62,2011-12-01 16:05:00,2010-12-09 10:30:00,8,440.6244444444444,357,0.025139664804469275,1,1
14300.0,1,43.2,2011-11-21 08:57:00,2011-11-21 08:57:00,19,43.2,0,1.0,2,0
14301.0,1,640.14,2011-08-14 15:33:00,2011-08-14 15:33:00,117,640.14,0,1.0,2,0
14304.0,1,383.45,2011-05-01 11:50:00,2011-05-01 11:50:00,223,383.45,0,1.0,2,0
14305.0,3,1858.96,2011-09-29 15:29:00,2011-07-27 14:14:00,71,619.6533333333333,64,0.046153846153846156,1,1
14306.0,2,2093.32,2011-10-19 13:23:00,2011-09-15 10:31:00,51,1046.66,34,0.05714285714285714,1,1
14307.0,6,2995.7200000000003,2011-09-12 09:38:00,2010-12-01 11:41:00,89,499.2866666666667,284,0.021052631578947368,1,1
14309.0,9,2352.53,2011-12-01 13:33:00,2010-12-16 13:05:00,8,261.39222222222224,350,0.02564102564102564,1,1
14311.0,1,310.26,2011-04-11 10:14:00,2011-04-11 10:14:00,243,310.26,0,1.0,2,0
14312.0,6,1611.5900000000001,2011-10-24 09:46:00,2011-01-06 16:35:00,47,268.59833333333336,290,0.020618556701030927,1,1
14314.0,1,120.0,2011-08-25 10:39:00,2011-08-25 10:39:00,107,120.0,0,1.0,2,0
14315.0,6,2481.13,2011-10-26 12:06:00,2011-03-18 12:59:00,45,413.5216666666667,221,0.02702702702702703,1,1
14317.0,1,508.58,2011-10-06 10:44:00,2011-10-06 10:44:00,65,508.58,0,1.0,2,0
14320.0,2,477.79,2011-05-17 09:24:00,2011-01-11 09:12:00,207,238.895,126,0.015748031496062992,2,0
14321.0,5,1530.75,2011-11-29 09:47:00,2011-01-10 11:35:00,11,306.15,322,0.015479876160990712,1,1
14323.0,2,605.0600000000001,2011-08-17 11:37:00,2011-04-15 11:44:00,115,302.53000000000003,123,0.016129032258064516,2,0
14326.0,1,183.85,2011-04-11 15:04:00,2011-04-11 15:04:00,242,183.85,0,1.0,2,0
14327.0,1,311.65000000000003,2011-06-29 13:58:00,2011-06-29 13:58:00,163,311.65000000000003,0,1.0,2,0
14329.0,7,5014.84,2011-11-22 15:50:00,2011-01-14 13:42:00,17,716.4057142857143,312,0.022364217252396165,1,1
14331.0,2,462.66,2011-08-07 13:17:00,2011-07-27 15:14:00,124,231.33,10,0.18181818181818182,2,0
14332.0,3,866.3100000000001,2011-11-17 11:54:00,2011-07-15 10:33:00,23,288.77000000000004,125,0.023809523809523808,2,0
14333.0,1,415.2,2011-10-03 10:38:00,2011-10-03 10:38:00,68,415.2,0,1.0,2,0
14334.0,8,2552.21,2011-11-23 10:01:00,2010-12-16 17:37:00,17,319.02625,341,0.023391812865497075,1,1
14335.0,2,468.26,2011-11-23 13:41:00,2011-09-04 13:07:00,16,234.13,80,0.024691358024691357,2,0
14336.0,4,1614.91,2011-11-23 11:40:00,2011-03-08 16:48:00,17,403.7275,259,0.015384615384615385,1,1
14338.0,2,588.22,2011-07-01 14:08:00,2011-05-27 13:30:00,161,294.11,35,0.05555555555555555,2,0
14339.0,1,309.52000000000004,2011-04-11 11:06:00,2011-04-11 11:06:00,243,309.52000000000004,0,1.0,2,0
14340.0,1,134.7,2011-05-05 09:44:00,2011-05-05 09:44:00,219,134.7,0,1.0,2,0
14341.0,8,2182.28,2011-10-25 15:48:00,2011-01-25 13:55:00,45,272.785,273,0.029197080291970802,1,1
14342.0,4,668.5600000000001,2011-11-18 13:21:00,2011-05-13 13:50:00,21,167.14000000000001,188,0.021164021164021163,2,0
14344.0,8,889.9300000000001,2011-08-04 13:51:00,2010-12-06 11:58:00,127,111.24125000000001,241,0.03305785123966942,1,1
14345.0,1,108.98,2011-11-01 09:51:00,2011-11-01 09:51:00,39,108.98,0,1.0,2,0
14346.0,2,1021.58,2011-08-11 09:47:00,2011-02-15 13:52:00,121,510.79,176,0.011299435028248588,2,0
14348.0,1,409.57,2011-03-24 16:23:00,2011-03-24 16:23:00,260,409.57,0,1.0,2,0
14349.0,1,133.5,2011-11-29 15:39:00,2011-11-29 15:39:00,10,133.5,0,1.0,2,0
14350.0,1,282.93,2011-03-10 14:14:00,2011-03-10 14:14:00,274,282.93,0,1.0,2,0
14351.0,1,51.0,2011-06-28 11:56:00,2011-06-28 11:56:00,165,51.0,0,1.0,2,0
14352.0,4,1078.96,2011-07-05 15:41:00,2011-03-11 14:58:00,157,269.74,116,0.03418803418803419,2,0
14353.0,1,90.6,2011-05-08 16:06:00,2011-05-08 16:06:00,215,90.6,0,1.0,2,0
14354.0,2,163.62,2011-12-04 11:32:00,2011-11-09 15:36:00,6,81.81,24,0.08,2,0
14355.0,1,174.4,2010-12-09 12:16:00,2010-12-09 12:16:00,366,174.4,0,1.0,2,0
14356.0,2,701.23,2011-09-21 09:18:00,2011-09-19 14:43:00,80,350.615,1,1.0,2,0
14357.0,1,225.77,2011-10-27 16:23:00,2011-10-27 16:23:00,43,225.77,0,1.0,2,0
14359.0,3,912.1800000000001,2011-11-20 13:17:00,2011-09-13 09:03:00,19,304.06,68,0.043478260869565216,2,0
14360.0,4,2128.23,2011-11-08 09:12:00,2011-09-06 11:58:00,32,532.0575,62,0.06349206349206349,1,1
14362.0,1,161.2,2011-11-17 15:08:00,2011-11-17 15:08:00,22,161.2,0,1.0,2,0
14364.0,8,3717.35,2011-08-23 11:01:00,2011-05-12 12:56:00,109,464.66875,102,0.07766990291262135,1,1
14367.0,16,9261.52,2011-12-01 13:19:00,2011-03-08 14:12:00,8,578.845,267,0.05970149253731343,0,2
14368.0,1,155.0,2011-01-24 09:52:00,2011-01-24 09:52:00,320,155.0,0,1.0,2,0
14371.0,1,100.5,2011-02-17 16:35:00,2011-02-17 16:35:00,295,100.5,0,1.0,2,0
14373.0,1,76.55,2010-12-16 15:40:00,2010-12-16 15:40:00,358,76.55,0,1.0,2,0
14375.0,1,257.68,2011-06-07 13:44:00,2011-06-07 13:44:00,185,257.68,0,1.0,2,0
14377.0,2,617.05,2011-06-01 13:32:00,2011-03-22 13:38:00,191,308.525,70,0.028169014084507043,2,0
14379.0,2,348.1,2011-10-26 16:43:00,2011-02-17 15:03:00,44,174.05,251,0.007936507936507936,2,0
14381.0,1,202.68,2011-10-18 17:10:00,2011-10-18 17:10:00,52,202.68,0,1.0,2,0
14382.0,1,626.07,2011-11-13 16:18:00,2011-11-13 16:18:00,26,626.07,0,1.0,2,0
14383.0,3,1247.69,2011-11-01 15:53:00,2011-06-29 10:18:00,38,415.8966666666667,125,0.023809523809523808,2,0
14385.0,3,202.10999999999999,2011-11-30 15:36:00,2011-11-16 11:55:00,9,67.36999999999999,14,0.2,2,0
14386.0,1,142.4,2011-02-16 09:45:00,2011-02-16 09:45:00,297,142.4,0,1.0,2,0
14387.0,3,1770.56,2011-11-07 12:29:00,2011-08-22 14:13:00,33,590.1866666666666,76,0.03896103896103896,1,1
14388.0,8,3212.84,2011-11-29 13:32:00,2010-12-02 11:02:00,10,401.605,362,0.02203856749311295,1,1
14389.0,2,1043.46,2011-10-05 15:17:00,2011-06-02 12:04:00,65,521.73,125,0.015873015873015872,2,0
14390.0,9,4652.82,2011-11-29 13:49:00,2010-12-02 11:57:00,10,516.98,362,0.024793388429752067,1,1
14393.0,1,67.95,2011-05-05 18:16:00,2011-05-05 18:16:00,218,67.95,0,1.0,2,0
14395.0,9,3507.71,2011-12-07 14:34:00,2010-12-02 18:15:00,2,389.74555555555554,369,0.024324324324324326,1,1
14396.0,2,487.99,2011-10-05 16:09:00,2010-12-03 15:19:00,65,243.995,306,0.006514657980456026,2,0
14397.0,19,2612.96,2011-12-07 09:22:00,2011-05-10 12:25:00,3,137.52421052631578,210,0.09004739336492891,1,1
14400.0,1,574.7,2011-07-13 15:50:00,2011-07-13 15:50:00,149,574.7,0,1.0,2,0
14401.0,13,4051.48,2011-12-05 13:30:00,2010-12-15 09:07:00,4,311.6523076923077,355,0.03651685393258427,1,1
14403.0,4,1475.81,2011-08-01 12:57:00,2011-04-06 14:23:00,130,368.9525,116,0.03418803418803419,2,0
14404.0,6,1474.32,2011-11-06 12:30:00,2010-12-05 16:00:00,34,245.72,335,0.017857142857142856,1,1
14406.0,1,156.75,2011-08-12 16:54:00,2011-08-12 16:54:00,119,156.75,0,1.0,2,0
14407.0,6,2157.73,2011-08-24 14:02:00,2011-03-08 11:59:00,107,359.62166666666667,169,0.03529411764705882,1,1
14408.0,7,2606.53,2011-11-29 11:41:00,2011-03-20 14:41:00,11,372.3614285714286,253,0.027559055118110236,1,1
14409.0,6,2059.4500000000003,2011-09-29 18:18:00,2010-12-06 15:03:00,71,343.24166666666673,297,0.020134228187919462,1,1
14410.0,9,1105.07,2011-09-08 15:08:00,2011-02-07 09:36:00,92,122.78555555555555,213,0.04205607476635514,1,1
14411.0,1,1063.0,2011-02-02 10:56:00,2011-02-02 10:56:00,311,1063.0,0,1.0,2,0
14412.0,2,770.03,2011-10-28 10:45:00,2011-09-28 08:48:00,43,385.015,30,0.06451612903225806,2,0
14413.0,1,122.7,2010-12-12 13:37:00,2010-12-12 13:37:00,362,122.7,0,1.0,2,0
14414.0,7,1496.98,2011-09-09 12:09:00,2010-12-16 11:11:00,92,213.8542857142857,267,0.026119402985074626,1,1
14415.0,13,5900.28,2011-12-08 14:38:00,2010-12-14 13:31:00,1,453.86769230769227,359,0.03611111111111111,1,1
14416.0,2,490.22,2011-11-17 15:22:00,2011-10-28 15:10:00,22,245.11,20,0.09523809523809523,2,0
14418.0,3,1937.25,2011-12-06 11:39:00,2011-08-23 17:18:00,4,645.75,104,0.02857142857142857,1,1
14419.0,6,1058.06,2011-11-29 11:22:00,2010-12-10 10:56:00,11,176.34333333333333,354,0.016901408450704224,1,1
14420.0,1,387.52,2011-09-01 18:07:00,2011-09-01 18:07:00,99,387.52,0,1.0,2,0
14421.0,2,813.11,2011-10-13 13:24:00,2011-05-12 10:49:00,57,406.555,154,0.012903225806451613,2,0
14422.0,6,4263.64,2011-12-09 11:26:00,2011-03-17 17:26:00,1,710.6066666666667,266,0.02247191011235955,1,1
14423.0,1,265.2,2011-05-05 15:12:00,2011-05-05 15:12:00,218,265.2,0,1.0,2,0
14424.0,1,322.08,2011-11-22 11:48:00,2011-11-22 11:48:00,18,322.08,0,1.0,2,0
14426.0,10,4481.67,2011-11-16 12:25:00,2011-01-31 09:51:00,24,448.16700000000003,289,0.034482758620689655,1,1
14427.0,2,363.34000000000003,2011-10-20 14:23:00,2011-10-07 09:10:00,50,181.67000000000002,13,0.14285714285714285,2,0
14428.0,5,1244.83,2011-12-02 13:17:00,2011-01-18 16:39:00,7,248.96599999999998,317,0.015723270440251572,1,1
14431.0,1,470.36,2011-02-10 10:40:00,2011-02-10 10:40:00,303,470.36,0,1.0,2,0
14432.0,6,2255.51,2011-11-30 08:04:00,2011-09-11 14:09:00,10,375.91833333333335,79,0.075,1,1
14434.0,6,1372.8,2011-11-18 08:56:00,2011-09-28 15:31:00,22,228.79999999999998,50,0.11764705882352941,1,1
14436.0,1,89.06,2011-09-02 10:13:00,2011-09-02 10:13:00,99,89.06,0,1.0,2,0
14437.0,1,63.0,2010-12-09 09:27:00,2010-12-09 09:27:00,366,63.0,0,1.0,2,0
14438.0,1,131.9,2011-02-06 14:56:00,2011-02-06 14:56:00,306,131.9,0,1.0,2,0
14439.0,1,2661.24,2011-01-24 11:39:00,2011-01-24 11:39:00,320,2661.24,0,1.0,1,1
14440.0,5,2357.68,2011-12-01 15:42:00,2010-12-09 12:49:00,8,471.53599999999994,357,0.013966480446927373,1,1
14441.0,4,1712.89,2011-12-09 09:07:00,2011-03-29 12:01:00,1,428.2225,254,0.01568627450980392,1,1
14442.0,2,1589.82,2011-05-19 11:36:00,2011-01-27 09:33:00,205,794.91,112,0.017699115044247787,2,0
14443.0,4,1420.2,2011-10-17 10:10:00,2010-12-06 11:03:00,54,355.05,314,0.012698412698412698,1,1
14446.0,4,1039.58,2011-12-09 11:34:00,2011-04-07 12:10:00,1,259.895,245,0.016260162601626018,2,0
14447.0,5,1163.23,2011-11-21 08:28:00,2011-03-04 10:49:00,19,232.64600000000002,261,0.019083969465648856,1,1
14448.0,2,375.35,2011-11-30 13:50:00,2010-12-10 17:26:00,9,187.675,354,0.005633802816901409,2,0
14449.0,4,907.1,2011-11-21 12:06:00,2010-12-02 14:09:00,19,226.775,353,0.011299435028248588,2,0
14450.0,3,483.25,2011-06-12 10:46:00,2011-01-23 11:53:00,181,161.08333333333334,139,0.02142857142857143,2,0
14451.0,2,662.59,2011-10-10 13:38:00,2011-05-29 12:35:00,60,331.295,134,0.014814814814814815,2,0
14452.0,2,264.44,2011-11-29 12:06:00,2011-09-07 11:32:00,11,132.22,83,0.023809523809523808,2,0
14453.0,1,119.93,2011-06-02 14:15:00,2011-06-02 14:15:00,190,119.93,0,1.0,2,0
14456.0,9,3062.4,2011-12-04 13:59:00,2011-07-20 13:06:00,5,340.26666666666665,137,0.06521739130434782,1,1
14457.0,1,113.64,2011-02-02 09:39:00,2011-02-02 09:39:00,311,113.64,0,1.0,2,0
14459.0,1,1837.92,2011-07-07 13:35:00,2011-07-07 13:35:00,155,1837.92,0,1.0,1,1
14460.0,3,434.34,2011-08-21 14:19:00,2011-02-02 11:55:00,110,144.78,200,0.014925373134328358,2,0
14461.0,3,2103.06,2011-07-14 17:11:00,2011-03-23 12:15:00,148,701.02,113,0.02631578947368421,1,1
14462.0,11,2004.02,2011-10-04 15:55:00,2011-01-04 12:45:00,66,182.18363636363637,273,0.040145985401459854,1,1
14463.0,3,529.62,2011-09-02 15:20:00,2011-05-18 14:42:00,98,176.54,107,0.027777777777777776,2,0
14465.0,3,1058.6200000000001,2011-04-07 12:38:00,2011-02-10 12:13:00,247,352.8733333333334,56,0.05263157894736842,2,0
14466.0,7,2272.4,2011-11-10 14:07:00,2010-12-02 13:36:00,29,324.62857142857143,343,0.020348837209302327,1,1
14467.0,4,598.76,2011-11-22 12:48:00,2011-01-31 12:35:00,18,149.69,295,0.013513513513513514,2,0
14470.0,2,461.19,2011-11-28 10:31:00,2011-02-25 11:56:00,12,230.595,275,0.007246376811594203,2,0
14472.0,8,1936.84,2011-08-28 11:01:00,2010-12-19 14:03:00,104,242.105,251,0.031746031746031744,1,1
14473.0,2,234.34,2011-09-26 15:10:00,2011-03-02 13:56:00,74,117.17,208,0.009569377990430622,2,0
14474.0,1,547.66,2011-10-24 13:26:00,2011-10-24 13:26:00,46,547.66,0,1.0,2,0
14475.0,3,925.85,2011-09-29 10:46:00,2011-02-08 10:12:00,72,308.6166666666667,233,0.01282051282051282,2,0
14476.0,1,215.7,2011-03-27 15:39:00,2011-03-27 15:39:00,257,215.7,0,1.0,2,0
14477.0,4,1309.6,2011-11-20 11:11:00,2011-02-15 15:44:00,20,327.4,277,0.014388489208633094,1,1
14479.0,2,316.25,2011-03-31 09:07:00,2010-12-09 12:59:00,254,158.125,111,0.017857142857142856,2,0
14480.0,1,279.05,2011-11-28 16:35:00,2011-11-28 16:35:00,11,279.05,0,1.0,2,0
14481.0,2,636.51,2011-06-28 10:38:00,2011-02-25 13:53:00,165,318.255,122,0.016260162601626018,2,0
14482.0,6,2068.15,2011-11-21 13:14:00,2011-04-14 16:41:00,18,344.69166666666666,220,0.027149321266968326,1,1
14483.0,1,137.1,2011-03-03 10:26:00,2011-03-03 10:26:00,282,137.1,0,1.0,2,0
14484.0,1,321.92,2011-10-20 14:11:00,2011-10-20 14:11:00,50,321.92,0,1.0,2,0
14485.0,1,165.75,2011-11-01 12:25:00,2011-11-01 12:25:00,39,165.75,0,1.0,2,0
14487.0,6,1196.33,2011-11-13 12:17:00,2010-12-06 13:22:00,27,199.38833333333332,341,0.017543859649122806,1,1
14488.0,1,1064.28,2011-10-03 09:30:00,2011-10-03 09:30:00,68,1064.28,0,1.0,2,0
14489.0,1,463.38,2011-05-16 14:51:00,2011-05-16 14:51:00,207,463.38,0,1.0,2,0
14491.0,2,340.93,2011-06-17 15:22:00,2010-12-02 12:10:00,175,170.465,197,0.010101010101010102,2,0
14493.0,5,2383.2400000000002,2011-12-02 16:14:00,2011-07-07 16:59:00,7,476.648,147,0.033783783783783786,1,1
14494.0,1,139.56,2011-11-14 09:21:00,2011-11-14 09:21:00,26,139.56,0,1.0,2,0
14495.0,2,123.80000000000001,2011-10-20 12:28:00,2011-08-10 14:13:00,51,61.900000000000006,70,0.028169014084507043,2,0
14496.0,2,538.8100000000001,2011-02-01 09:01:00,2010-12-01 15:35:00,312,269.40500000000003,61,0.03225806451612903,2,0
14497.0,1,475.37,2011-02-03 17:01:00,2011-02-03 17:01:00,309,475.37,0,1.0,2,0
14498.0,5,1957.32,2011-10-28 12:09:00,2010-12-13 11:29:00,43,391.464,319,0.015625,1,1
14499.0,3,815.32,2011-11-13 13:01:00,2011-03-06 11:55:00,26,271.77333333333337,252,0.011857707509881422,2,0
14500.0,3,356.85,2011-09-12 16:45:00,2011-06-03 10:08:00,88,118.95,101,0.029411764705882353,2,0
14501.0,2,251.21,2011-06-09 12:02:00,2011-01-24 10:43:00,184,125.605,136,0.014598540145985401,2,0
14502.0,11,2470.67,2011-11-20 11:50:00,2011-01-30 15:52:00,20,224.60636363636365,293,0.03741496598639456,1,1
14503.0,6,3543.26,2011-12-06 13:30:00,2011-06-14 10:00:00,3,590.5433333333334,175,0.03409090909090909,1,1
14504.0,4,673.26,2011-10-23 16:00:00,2011-03-06 14:38:00,47,168.315,231,0.017241379310344827,2,0
14505.0,8,5905.64,2011-11-22 15:45:00,2010-12-12 16:14:00,17,738.205,344,0.02318840579710145,1,1
14506.0,5,2012.17,2011-11-22 13:02:00,2010-12-05 14:25:00,17,402.434,351,0.014204545454545454,1,1
14507.0,6,1383.18,2011-11-16 12:21:00,2011-03-08 17:23:00,24,230.53,252,0.023715415019762844,1,1
14508.0,2,276.42,2011-11-17 19:48:00,2011-09-11 11:29:00,22,138.21,67,0.029411764705882353,2,0
14511.0,5,1314.81,2011-11-28 17:05:00,2011-07-29 12:13:00,11,262.962,122,0.04065040650406504,1,1
14512.0,2,275.28,2011-06-05 12:39:00,2011-04-21 19:05:00,188,137.64,44,0.044444444444444446,2,0
14513.0,3,455.59000000000003,2011-08-31 11:25:00,2011-02-24 09:36:00,101,151.86333333333334,188,0.015873015873015872,2,0
14514.0,3,1055.35,2011-10-09 16:05:00,2011-01-12 15:22:00,61,351.7833333333333,270,0.01107011070110701,2,0
14515.0,6,2102.09,2011-11-22 11:37:00,2011-05-05 12:13:00,18,350.34833333333336,200,0.029850746268656716,1,1
14517.0,2,330.45,2011-11-06 14:20:00,2011-07-21 11:42:00,33,165.225,108,0.01834862385321101,2,0
14518.0,1,174.37,2011-10-06 14:43:00,2011-10-06 14:43:00,64,174.37,0,1.0,2,0
14520.0,2,270.6,2011-12-08 09:46:00,2011-02-22 09:15:00,2,135.3,289,0.006896551724137931,2,0
14522.0,4,974.54,2011-11-15 13:24:00,2011-05-25 16:01:00,24,243.635,173,0.022988505747126436,2,0
14523.0,1,241.09,2011-08-23 13:13:00,2011-08-23 13:13:00,108,241.09,0,1.0,2,0
14524.0,9,1867.68,2011-11-08 12:29:00,2010-12-14 11:01:00,32,207.52,329,0.02727272727272727,1,1
14525.0,9,4332.2,2011-11-20 11:37:00,2010-12-13 17:40:00,20,481.35555555555555,341,0.02631578947368421,1,1
14528.0,1,364.21999999999997,2011-11-02 17:09:00,2011-11-02 17:09:00,37,364.21999999999997,0,1.0,2,0
14529.0,3,620.04,2011-10-10 15:27:00,2011-08-21 14:10:00,60,206.67999999999998,50,0.058823529411764705,2,0
14530.0,6,2925.91,2011-11-14 10:38:00,2011-02-16 10:47:00,26,487.65166666666664,270,0.02214022140221402,1,1
14532.0,4,932.85,2011-04-17 13:05:00,2010-12-22 13:48:00,236,233.2125,115,0.034482758620689655,2,0
14533.0,7,1949.72,2011-11-15 12:05:00,2010-12-22 11:07:00,25,278.5314285714286,328,0.02127659574468085,1,1
14534.0,18,4447.05,2011-12-07 12:19:00,2011-01-25 12:33:00,3,247.05833333333334,315,0.056962025316455694,1,1
14535.0,3,2864.19,2011-10-10 15:39:00,2011-04-05 12:50:00,60,954.73,188,0.015873015873015872,1,1
14536.0,1,171.8,2011-03-25 12:21:00,2011-03-25 12:21:00,260,171.8,0,1.0,2,0
14537.0,1,355.56,2011-10-13 10:54:00,2011-10-13 10:54:00,58,355.56,0,1.0,2,0
14538.0,2,388.25,2011-10-06 10:31:00,2011-03-28 14:57:00,65,194.125,191,0.010416666666666666,2,0
14539.0,2,537.48,2011-11-24 09:50:00,2011-10-26 12:03:00,16,268.74,28,0.06896551724137931,2,0
14540.0,3,996.26,2011-11-30 10:15:00,2011-02-03 15:02:00,10,332.08666666666664,299,0.01,2,0
14541.0,8,1461.65,2011-10-12 10:08:00,2011-01-24 14:16:00,59,182.70625,260,0.03065134099616858,1,1
14542.0,1,103.25,2011-06-07 08:19:00,2011-06-07 08:19:00,186,103.25,0,1.0,2,0
14543.0,16,3630.33,2011-11-11 12:45:00,2010-12-10 11:51:00,29,226.895625,336,0.04747774480712166,1,1
14544.0,2,2024.45,2011-11-15 15:06:00,2010-12-13 12:50:00,24,1012.225,337,0.005917159763313609,1,1
14546.0,5,2578.09,2011-12-04 13:00:00,2011-04-05 12:37:00,5,515.618,243,0.020491803278688523,1,1
14547.0,8,4007.54,2011-12-06 11:06:00,2011-10-16 14:35:00,4,500.9425,50,0.1568627450980392,1,1
14548.0,2,652.8,2011-07-12 12:19:00,2011-01-26 08:38:00,151,326.4,167,0.011904761904761904,2,0
14549.0,1,289.24,2011-02-01 13:47:00,2011-02-01 13:47:00,311,289.24,0,1.0,2,0
14550.0,2,765.62,2011-11-29 12:12:00,2011-10-26 12:14:00,11,382.81,33,0.058823529411764705,2,0
14551.0,2,186.23,2011-11-21 13:36:00,2011-05-19 18:21:00,18,93.115,185,0.010752688172043012,2,0
14552.0,1,165.07,2011-07-11 12:49:00,2011-07-11 12:49:00,152,165.07,0,1.0,2,0
14553.0,5,859.27,2011-11-20 13:20:00,2011-01-04 15:40:00,19,171.85399999999998,319,0.015625,2,0
14554.0,4,2381.04,2011-11-29 16:44:00,2011-10-18 13:04:00,10,595.26,42,0.09302325581395349,1,1
14555.0,2,324.14,2011-10-13 16:24:00,2011-02-10 17:19:00,57,162.07,244,0.00816326530612245,2,0
14557.0,1,788.38,2011-09-15 15:48:00,2011-09-15 15:48:00,85,788.38,0,1.0,2,0
14560.0,22,2237.77,2011-12-02 15:22:00,2010-12-17 09:22:00,7,101.71681818181818,350,0.06267806267806268,1,1
14561.0,3,1080.76,2011-09-25 12:39:00,2011-06-08 13:26:00,76,360.25333333333333,108,0.027522935779816515,2,0
14562.0,18,5074.77,2011-12-06 11:05:00,2011-02-08 14:45:00,4,281.9316666666667,300,0.059800664451827246,1,1
14565.0,4,3099.12,2011-09-05 09:07:00,2010-12-13 13:25:00,96,774.78,265,0.015037593984962405,1,1
14566.0,1,1432.0,2011-08-21 11:05:00,2011-08-21 11:05:00,111,1432.0,0,1.0,1,1
14567.0,2,1530.3600000000001,2011-10-14 10:21:00,2011-08-01 13:48:00,57,765.1800000000001,73,0.02702702702702703,2,0
14569.0,1,227.39,2011-12-08 14:58:00,2011-12-08 14:58:00,1,227.39,0,1.0,2,0
14570.0,2,218.06,2011-03-04 10:58:00,2011-03-04 10:39:00,281,109.03,0,2.0,2,0
14572.0,7,2832.84,2011-12-06 14:40:00,2011-01-19 17:23:00,3,404.6914285714286,320,0.021806853582554516,1,1
14573.0,9,1653.42,2011-06-13 11:15:00,2010-12-02 19:59:00,180,183.71333333333334,192,0.046632124352331605,1,1
14576.0,1,35.400000000000006,2010-12-02 17:51:00,2010-12-02 17:51:00,372,35.400000000000006,0,1.0,2,0
14577.0,4,859.71,2011-11-27 12:47:00,2010-12-12 11:26:00,13,214.9275,350,0.011396011396011397,2,0
14578.0,1,168.63,2011-12-06 17:18:00,2011-12-06 17:18:00,3,168.63,0,1.0,2,0
14581.0,1,138.6,2011-11-23 12:39:00,2011-11-23 12:39:00,17,138.6,0,1.0,2,0
14582.0,1,114.11,2011-10-30 11:56:00,2011-10-30 11:56:00,41,114.11,0,1.0,2,0
14583.0,5,1052.55,2011-12-04 12:32:00,2011-05-18 11:28:00,6,210.51,200,0.024875621890547265,2,0
14584.0,4,1042.26,2011-06-23 18:33:00,2011-05-25 17:31:00,169,260.565,29,0.13333333333333333,2,0
14585.0,1,157.05,2011-10-20 14:33:00,2011-10-20 14:33:00,50,157.05,0,1.0,2,0
14586.0,1,237.35999999999999,2011-03-08 10:04:00,2011-03-08 10:04:00,277,237.35999999999999,0,1.0,2,0
14587.0,9,1601.14,2011-11-21 11:34:00,2011-01-12 13:16:00,19,177.90444444444447,312,0.02875399361022364,1,1
14589.0,1,39.75,2010-12-03 11:42:00,2010-12-03 11:42:00,372,39.75,0,1.0,2,0
14591.0,4,1447.14,2011-11-24 13:57:00,2011-05-10 14:09:00,15,361.785,197,0.020202020202020204,1,1
14592.0,3,570.46,2011-11-04 16:35:00,2011-10-06 18:08:00,35,190.15333333333334,28,0.10344827586206896,2,0
14593.0,3,617.99,2011-11-18 12:48:00,2011-05-25 11:14:00,22,205.99666666666667,177,0.016853932584269662,2,0
14594.0,2,379.83,2011-12-02 13:28:00,2010-12-01 13:54:00,7,189.915,365,0.00546448087431694,2,0
14595.0,6,1740.6000000000001,2011-11-20 12:12:00,2011-01-30 13:36:00,20,290.1,293,0.02040816326530612,1,1
14597.0,2,883.15,2011-11-28 13:13:00,2011-06-01 12:33:00,11,441.575,180,0.011049723756906077,2,0
14598.0,1,221.97,2011-10-26 13:19:00,2011-10-26 13:19:00,44,221.97,0,1.0,2,0
14600.0,1,393.33000000000004,2011-02-07 09:48:00,2011-02-07 09:48:00,306,393.33000000000004,0,1.0,2,0
14601.0,1,213.96,2011-11-29 09:48:00,2011-11-29 09:48:00,11,213.96,0,1.0,2,0
14603.0,1,660.0,2011-03-10 10:27:00,2011-03-10 10:27:00,275,660.0,0,1.0,2,0
14607.0,14,16569.5,2011-11-24 10:35:00,2011-03-23 15:22:00,16,1183.5357142857142,245,0.056910569105691054,0,2
14608.0,4,1785.15,2011-12-05 16:52:00,2010-12-12 14:49:00,4,446.2875,358,0.011142061281337047,1,1
14609.0,4,601.56,2011-09-28 12:54:00,2011-02-16 12:10:00,72,150.39,224,0.017777777777777778,2,0
14616.0,3,406.08000000000004,2011-04-11 09:54:00,2011-01-26 12:42:00,243,135.36,74,0.04,2,0
14618.0,3,553.44,2011-11-30 13:45:00,2011-01-06 11:59:00,9,184.48000000000002,328,0.00911854103343465,2,0
14619.0,1,394.44,2011-04-08 07:37:00,2011-04-08 07:37:00,246,394.44,0,1.0,2,0
14620.0,2,412.78000000000003,2011-05-18 11:58:00,2011-03-01 08:30:00,206,206.39000000000001,78,0.02531645569620253,2,0
14621.0,5,1788.3600000000001,2011-12-08 16:22:00,2010-12-16 13:00:00,1,357.672,357,0.013966480446927373,1,1
14622.0,1,320.58000000000004,2011-06-08 12:42:00,2011-06-08 12:42:00,185,320.58000000000004,0,1.0,2,0
14623.0,5,889.25,2011-11-07 13:56:00,2011-04-18 13:54:00,32,177.85,203,0.024509803921568627,2,0
14624.0,2,225.85,2011-10-13 13:44:00,2011-10-11 14:39:00,57,112.925,1,1.0,2,0
14625.0,2,899.63,2011-05-27 15:32:00,2010-12-13 15:36:00,196,449.815,164,0.012121212121212121,2,0
14626.0,4,2791.27,2011-11-16 10:37:00,2011-04-20 13:18:00,24,697.8175,209,0.01904761904761905,1,1
14628.0,2,671.96,2011-09-09 14:58:00,2011-04-11 14:43:00,91,335.98,151,0.013157894736842105,2,0
14629.0,2,959.01,2011-12-05 16:55:00,2011-10-23 16:13:00,4,479.505,43,0.045454545454545456,2,0
14631.0,3,1006.98,2011-10-20 11:17:00,2011-02-14 09:31:00,51,335.66,248,0.012048192771084338,2,0
14632.0,1,114.56,2011-03-22 08:49:00,2011-03-22 08:49:00,263,114.56,0,1.0,2,0
14633.0,1,344.90000000000003,2011-03-18 17:07:00,2011-03-18 17:07:00,266,344.90000000000003,0,1.0,2,0
14636.0,2,609.85,2011-11-03 16:12:00,2011-03-16 09:52:00,36,304.925,232,0.008583690987124463,2,0
14638.0,1,443.6,2011-10-20 10:10:00,2011-10-20 10:10:00,51,443.6,0,1.0,2,0
14639.0,6,2984.4900000000002,2011-10-18 15:06:00,2010-12-13 13:50:00,52,497.415,309,0.01935483870967742,1,1
14640.0,6,2125.08,2011-11-15 13:07:00,2011-04-26 12:31:00,24,354.18,203,0.029411764705882353,1,1
14641.0,1,110.46000000000001,2011-11-18 10:42:00,2011-11-18 10:42:00,22,110.46000000000001,0,1.0,2,0
14642.0,1,96.12,2011-10-12 11:08:00,2011-10-12 11:08:00,59,96.12,0,1.0,2,0
14643.0,2,693.8100000000001,2011-06-22 14:41:00,2010-12-16 17:53:00,170,346.90500000000003,187,0.010638297872340425,2,0
14644.0,2,830.76,2011-10-03 08:30:00,2011-02-14 14:14:00,68,415.38,230,0.008658008658008658,2,0
14645.0,2,597.09,2011-07-06 09:15:00,2011-03-09 09:52:00,157,298.545,118,0.01680672268907563,2,0
14647.0,1,243.22,2011-05-22 13:40:00,2011-05-22 13:40:00,201,243.22,0,1.0,2,0
14649.0,4,1417.29,2011-12-05 12:30:00,2011-05-11 14:37:00,5,354.3225,207,0.019230769230769232,1,1
14651.0,2,654.6,2011-10-03 15:52:00,2011-05-12 16:29:00,67,327.3,143,0.013888888888888888,2,0
14652.0,1,114.18,2011-09-23 14:21:00,2011-09-23 14:21:00,77,114.18,0,1.0,2,0
14653.0,7,1947.55,2011-12-08 13:45:00,2011-01-05 13:40:00,1,278.2214285714286,337,0.020710059171597635,1,1
14655.0,4,1932.23,2011-12-01 16:28:00,2011-05-01 14:59:00,8,483.0575,214,0.018604651162790697,1,1
14656.0,2,291.05,2011-06-23 13:51:00,2011-03-01 13:19:00,169,145.525,114,0.017391304347826087,2,0
14657.0,4,848.22,2011-11-22 12:47:00,2011-01-17 15:19:00,18,212.055,308,0.012944983818770227,2,0
14658.0,2,247.15,2011-12-04 15:35:00,2011-08-14 15:42:00,5,123.575,111,0.017857142857142856,2,0
14659.0,9,2529.93,2011-12-01 12:17:00,2011-01-28 12:43:00,9,281.1033333333333,306,0.029315960912052116,1,1
14660.0,2,285.74,2011-09-14 11:34:00,2011-08-31 10:40:00,87,142.87,14,0.13333333333333333,2,0
14661.0,1,107.95,2011-11-13 11:51:00,2011-11-13 11:51:00,27,107.95,0,1.0,2,0
14662.0,4,771.17,2011-11-11 12:13:00,2011-01-27 17:41:00,29,192.7925,287,0.013888888888888888,2,0
14664.0,2,637.89,2011-11-20 10:59:00,2011-11-06 14:56:00,20,318.945,13,0.14285714285714285,2,0
14665.0,5,1835.7,2011-10-10 09:14:00,2011-02-02 09:08:00,61,367.14,250,0.0199203187250996,1,1
14666.0,1,195.25,2011-11-15 12:57:00,2011-11-15 12:57:00,24,195.25,0,1.0,2,0
14667.0,25,9241.2,2011-11-29 11:30:00,2010-12-06 13:13:00,11,369.648,357,0.06983240223463687,0,2
14669.0,3,1269.99,2011-04-12 11:43:00,2011-01-11 12:30:00,242,423.33,90,0.03296703296703297,2,0
14670.0,2,411.53,2011-03-04 14:13:00,2011-03-04 13:58:00,280,205.765,0,2.0,2,0
14672.0,2,765.5500000000001,2011-04-19 10:19:00,2011-01-07 15:48:00,235,382.77500000000003,101,0.0196078431372549,2,0
14673.0,5,1736.4,2011-12-06 14:31:00,2010-12-07 12:49:00,3,347.28000000000003,364,0.0136986301369863,1,1
14675.0,1,604.75,2011-11-23 12:58:00,2011-11-23 12:58:00,16,604.75,0,1.0,2,0
14676.0,6,2548.2400000000002,2011-11-08 13:29:00,2011-03-01 14:26:00,31,424.7066666666667,251,0.023809523809523808,1,1
14680.0,16,28754.11,2011-11-14 16:59:00,2010-12-03 12:05:00,25,1797.131875,346,0.04610951008645533,0,2
14681.0,3,498.95,2011-09-29 15:52:00,2011-05-12 10:45:00,71,166.31666666666666,140,0.02127659574468085,2,0
14682.0,2,52.0,2011-06-05 12:12:00,2011-05-22 12:51:00,188,26.0,13,0.14285714285714285,2,0
14684.0,5,1236.28,2011-11-14 11:33:00,2010-12-12 12:44:00,26,247.256,336,0.01483679525222552,1,1
14687.0,1,628.38,2011-08-25 11:59:00,2011-08-25 11:59:00,107,628.38,0,1.0,2,0
14688.0,21,5630.87,2011-12-02 12:26:00,2010-12-01 09:37:00,8,268.13666666666666,366,0.05722070844686648,0,2
14689.0,1,112.80000000000001,2011-05-15 11:22:00,2011-05-15 11:22:00,209,112.80000000000001,0,1.0,2,0
14690.0,2,371.7,2011-10-26 15:39:00,2011-07-11 11:58:00,44,185.85,107,0.018518518518518517,2,0
14691.0,5,2114.33,2011-11-09 12:30:00,2011-05-11 09:55:00,31,422.866,182,0.0273224043715847,1,1
14692.0,4,591.55,2011-07-25 15:08:00,2011-01-21 13:47:00,137,147.8875,185,0.021505376344086023,2,0
14693.0,1,172.9,2011-03-20 12:50:00,2011-03-20 12:50:00,265,172.9,0,1.0,2,0
14696.0,7,2078.95,2011-12-05 13:43:00,2010-12-01 15:37:00,4,296.99285714285713,368,0.018970189701897018,1,1
14697.0,2,188.61,2011-05-05 15:39:00,2011-05-05 15:29:00,218,94.305,0,2.0,2,0
14698.0,5,1250.76,2011-12-08 12:26:00,2011-10-19 12:54:00,2,250.152,49,0.1,2,0
14699.0,1,109.13000000000001,2011-05-09 14:54:00,2011-05-09 14:54:00,214,109.13000000000001,0,1.0,2,0
14700.0,3,2235.3,2011-11-07 14:40:00,2011-04-15 13:16:00,32,745.1,206,0.014492753623188406,1,1
14701.0,9,2549.37,2011-11-29 12:38:00,2011-01-27 12:40:00,11,283.2633333333333,305,0.029411764705882353,1,1
14702.0,17,3292.14,2011-12-08 19:29:00,2010-12-09 19:23:00,1,193.65529411764706,364,0.04657534246575343,1,1
14703.0,1,318.17,2011-11-25 09:23:00,2011-11-25 09:23:00,15,318.17,0,1.0,2,0
14704.0,9,1546.91,2011-11-28 12:51:00,2011-06-12 13:59:00,11,171.8788888888889,168,0.05325443786982249,1,1
14705.0,1,179.0,2011-05-25 12:39:00,2011-05-25 12:39:00,199,179.0,0,1.0,2,0
14708.0,3,1126.3700000000001,2011-12-07 08:21:00,2010-12-06 12:23:00,3,375.4566666666667,365,0.00819672131147541,2,0
14709.0,13,4921.04,2011-11-24 15:41:00,2010-12-16 13:43:00,15,378.54153846153844,343,0.0377906976744186,1,1
14710.0,4,606.13,2011-11-25 14:53:00,2011-10-11 13:49:00,14,151.5325,45,0.08695652173913043,2,0
14711.0,11,2868.8,2011-11-29 14:58:00,2011-03-22 13:32:00,10,260.8,252,0.043478260869565216,1,1
14712.0,3,917.07,2011-11-10 12:59:00,2011-08-19 13:33:00,29,305.69,82,0.03614457831325301,2,0
14713.0,11,2666.36,2011-11-30 16:26:00,2010-12-09 18:58:00,9,242.39636363636365,355,0.03089887640449438,1,1
14714.0,1,160.19,2011-11-15 13:07:00,2011-11-15 13:07:00,24,160.19,0,1.0,2,0
14715.0,4,867.38,2011-11-15 12:10:00,2011-01-12 13:27:00,25,216.845,306,0.013029315960912053,2,0
14716.0,2,329.68,2011-10-27 17:29:00,2011-07-14 12:42:00,43,164.84,105,0.018867924528301886,2,0
14719.0,5,1602.13,2011-12-08 12:43:00,2011-04-04 14:17:00,2,320.42600000000004,247,0.020161290322580645,1,1
14720.0,3,663.81,2011-12-04 12:02:00,2011-08-05 12:06:00,6,221.26999999999998,120,0.024793388429752067,2,0
14722.0,1,187.92,2011-07-15 14:58:00,2011-07-15 14:58:00,147,187.92,0,1.0,2,0
14723.0,6,1158.3,2011-11-29 15:23:00,2010-12-03 14:18:00,10,193.04999999999998,361,0.016574585635359115,1,1
14725.0,1,718.08,2011-11-15 12:42:00,2011-11-15 12:42:00,25,718.08,0,1.0,2,0
14727.0,1,268.58,2011-03-10 14:45:00,2011-03-10 14:45:00,274,268.58,0,1.0,2,0
14729.0,1,313.49,2010-12-01 12:43:00,2010-12-01 12:43:00,374,313.49,0,1.0,2,0
14730.0,8,2005.06,2011-12-08 14:39:00,2011-03-08 12:49:00,1,250.6325,275,0.028985507246376812,1,1
14731.0,3,380.02,2011-10-23 15:54:00,2011-05-11 13:06:00,47,126.67333333333333,165,0.018072289156626505,2,0
14732.0,8,2702.4900000000002,2011-12-01 14:34:00,2011-01-04 14:40:00,8,337.81125000000003,330,0.02416918429003021,1,1
14733.0,12,9585.91,2011-11-23 15:39:00,2010-12-07 11:30:00,16,798.8258333333333,351,0.03409090909090909,0,2
14737.0,3,1164.55,2011-12-06 10:16:00,2010-12-21 13:49:00,4,388.18333333333334,349,0.008571428571428572,2,0
14738.0,7,1314.45,2011-10-28 08:56:00,2011-01-27 14:10:00,43,187.77857142857144,273,0.025547445255474453,1,1
14739.0,7,3902.28,2011-12-05 16:54:00,2010-12-07 14:58:00,4,557.4685714285714,363,0.019230769230769232,1,1
14740.0,3,1448.21,2011-05-26 18:17:00,2011-03-01 08:35:00,197,482.7366666666667,86,0.034482758620689655,2,0
14741.0,6,1400.3400000000001,2011-11-28 08:48:00,2010-12-02 08:43:00,12,233.39000000000001,361,0.016574585635359115,1,1
14744.0,7,1099.98,2011-11-23 12:51:00,2010-12-08 10:21:00,16,157.14000000000001,350,0.019943019943019943,1,1
14745.0,5,1220.26,2011-08-19 10:05:00,2011-02-27 15:25:00,113,244.052,172,0.028901734104046242,2,0
14747.0,1,328.2,2011-04-04 14:09:00,2011-04-04 14:09:00,249,328.2,0,1.0,2,0
14748.0,5,1415.75,2011-11-10 18:33:00,2010-12-06 10:19:00,29,283.15,339,0.014705882352941176,1,1
14752.0,1,389.64000000000004,2011-10-27 11:55:00,2011-10-27 11:55:00,44,389.64000000000004,0,1.0,2,0
14753.0,1,563.15,2011-09-13 14:50:00,2011-09-13 14:50:00,87,563.15,0,1.0,2,0
14754.0,2,638.05,2011-10-26 12:01:00,2011-02-17 12:21:00,45,319.025,250,0.00796812749003984,2,0
14755.0,11,5010.28,2011-11-30 11:24:00,2011-01-09 14:02:00,10,455.47999999999996,324,0.033846153846153845,1,1
14756.0,1,738.96,2011-11-24 18:13:00,2011-11-24 18:13:00,15,738.96,0,1.0,2,0
14757.0,1,420.5,2011-09-25 14:36:00,2011-09-25 14:36:00,75,420.5,0,1.0,2,0
14758.0,4,1484.06,2011-07-18 08:21:00,2011-03-25 12:10:00,145,371.015,114,0.034782608695652174,2,0
14759.0,3,1625.97,2011-12-05 12:03:00,2011-04-21 10:55:00,5,541.99,228,0.013100436681222707,1,1
14760.0,1,89.2,2011-02-15 16:27:00,2011-02-15 16:27:00,297,89.2,0,1.0,2,0
14761.0,2,255.9,2011-10-12 12:10:00,2011-01-09 12:03:00,59,127.95,276,0.007220216606498195,2,0
14762.0,1,300.52,2011-03-21 08:20:00,2011-03-21 08:20:00,264,300.52,0,1.0,2,0
14764.0,1,278.3,2011-10-24 11:54:00,2011-10-24 11:54:00,47,278.3,0,1.0,2,0
14765.0,3,254.11,2011-11-10 19:53:00,2011-06-16 19:49:00,29,84.70333333333333,147,0.02027027027027027,2,0
14766.0,6,2473.37,2011-12-01 16:05:00,2010-12-08 15:33:00,8,412.2283333333333,358,0.016713091922005572,1,1
14768.0,2,192.60000000000002,2011-11-22 12:54:00,2011-08-04 13:25:00,17,96.30000000000001,109,0.01818181818181818,2,0
14769.0,8,10674.75,2011-12-07 10:24:00,2010-12-17 11:40:00,3,1334.34375,354,0.022535211267605635,0,2
14770.0,2,876.4200000000001,2011-04-21 14:21:00,2011-01-20 15:00:00,232,438.21000000000004,90,0.02197802197802198,2,0
14772.0,1,139.26,2011-08-19 15:04:00,2011-08-19 15:04:00,112,139.26,0,1.0,2,0
14775.0,3,1011.9,2011-10-12 15:27:00,2010-12-02 16:38:00,58,337.3,313,0.009554140127388535,2,0
14776.0,11,2538.2999999999997,2011-10-19 15:34:00,2011-01-31 13:17:00,51,230.75454545454542,261,0.04198473282442748,1,1
14778.0,2,730.86,2011-08-04 15:23:00,2011-02-04 11:43:00,127,365.43,181,0.01098901098901099,2,0
14779.0,3,386.15,2011-03-04 12:42:00,2011-01-20 12:04:00,281,128.71666666666667,43,0.06818181818181818,2,0
14780.0,2,447.68,2011-10-16 12:46:00,2011-09-21 15:15:00,55,223.84,24,0.08,2,0
14782.0,1,200.10000000000002,2011-01-24 11:12:00,2011-01-24 11:12:00,320,200.10000000000002,0,1.0,2,0
14784.0,2,289.99,2011-11-13 13:30:00,2011-01-20 09:25:00,26,144.995,297,0.006711409395973154,2,0
14785.0,2,77.4,2011-11-29 13:21:00,2011-11-24 13:40:00,10,38.7,4,0.4,2,0
14788.0,2,679.44,2011-12-02 17:06:00,2011-11-13 15:52:00,7,339.72,19,0.1,2,0
14789.0,1,197.64,2011-11-11 08:59:00,2011-11-11 08:59:00,29,197.64,0,1.0,2,0
14790.0,4,745.06,2011-11-23 09:28:00,2011-03-31 11:49:00,17,186.265,236,0.016877637130801686,2,0
14792.0,1,6.2,2011-10-07 09:19:00,2011-10-07 09:19:00,64,6.2,0,1.0,2,0
14793.0,1,228.99,2011-11-18 14:50:00,2011-11-18 14:50:00,21,228.99,0,1.0,2,0
14794.0,7,1319.91,2011-12-07 10:11:00,2011-01-09 16:11:00,3,188.55857142857144,331,0.02108433734939759,1,1
14795.0,1,131.45000000000002,2011-06-26 13:04:00,2011-06-26 13:04:00,166,131.45000000000002,0,1.0,2,0
14796.0,17,8022.49,2011-12-08 15:31:00,2010-12-08 10:40:00,1,471.9111764705882,365,0.04644808743169399,0,2
14798.0,3,173.74,2011-10-18 10:58:00,2011-02-02 15:26:00,53,57.913333333333334,257,0.011627906976744186,2,0
14799.0,1,157.7,2011-10-19 16:16:00,2011-10-19 16:16:00,51,157.7,0,1.0,2,0
14800.0,12,4339.74,2011-10-23 12:46:00,2010-12-05 11:10:00,48,361.645,322,0.03715170278637771,1,1
14801.0,1,193.14,2011-10-09 15:24:00,2011-10-09 15:24:00,61,193.14,0,1.0,2,0
14803.0,3,845.5500000000001,2011-06-30 13:58:00,2011-02-20 13:21:00,162,281.85,130,0.022900763358778626,2,0
14804.0,1,353.27,2011-12-01 11:20:00,2011-12-01 11:20:00,9,353.27,0,1.0,2,0
14805.0,4,554.65,2011-11-24 16:20:00,2011-01-30 10:43:00,15,138.6625,298,0.013377926421404682,2,0
14806.0,1,193.39000000000001,2011-09-25 15:32:00,2011-09-25 15:32:00,75,193.39000000000001,0,1.0,2,0
14808.0,8,2741.17,2011-10-31 12:21:00,2011-06-20 12:53:00,40,342.64625,132,0.06015037593984962,1,1
14810.0,11,2087.88,2011-10-30 11:19:00,2010-12-05 12:08:00,41,189.80727272727273,328,0.03343465045592705,1,1
14813.0,2,155.43,2010-12-05 11:57:00,2010-12-05 11:54:00,370,77.715,0,2.0,2,0
14815.0,2,778.5,2011-11-03 11:36:00,2011-10-03 11:36:00,37,389.25,31,0.0625,2,0
14816.0,1,271.85,2011-05-26 13:16:00,2011-05-26 13:16:00,197,271.85,0,1.0,2,0
14817.0,2,1110.34,2011-05-23 13:35:00,2011-03-07 13:51:00,200,555.17,76,0.025974025974025976,2,0
14818.0,3,657.8,2011-09-27 11:01:00,2011-03-31 12:28:00,74,219.26666666666665,179,0.016666666666666666,2,0
14819.0,2,272.07,2011-10-06 13:41:00,2011-05-31 13:50:00,64,136.035,127,0.015625,2,0
14820.0,4,507.29,2011-11-18 15:41:00,2011-06-19 14:56:00,21,126.8225,152,0.026143790849673203,2,0
14821.0,1,48.800000000000004,2010-12-08 08:43:00,2010-12-08 08:43:00,367,48.800000000000004,0,1.0,2,0
14823.0,3,321.43,2011-06-12 13:12:00,2011-05-29 12:48:00,180,107.14333333333333,14,0.2,2,0
14824.0,4,1127.71,2011-11-29 14:20:00,2011-09-09 14:12:00,10,281.9275,81,0.04878048780487805,2,0
14825.0,12,2226.9100000000003,2011-12-06 11:38:00,2010-12-06 12:30:00,4,185.57583333333335,364,0.03287671232876712,1,1
14828.0,3,2139.76,2011-05-27 10:16:00,2011-01-07 09:50:00,197,713.2533333333334,140,0.02127659574468085,1,1
14829.0,4,697.55,2011-11-10 16:16:00,2010-12-02 16:12:00,29,174.3875,343,0.011627906976744186,2,0
14830.0,1,197.13,2011-10-17 14:29:00,2011-10-17 14:29:00,53,197.13,0,1.0,2,0
14834.0,6,1720.3,2011-11-22 10:30:00,2011-04-13 15:00:00,18,286.71666666666664,222,0.026905829596412557,1,1
14836.0,3,102.45,2011-11-29 16:45:00,2011-11-09 13:26:00,10,34.15,20,0.14285714285714285,2,0
14837.0,4,1649.5,2011-09-11 10:58:00,2011-05-22 12:49:00,90,412.375,111,0.03571428571428571,2,0
14840.0,1,62.85,2011-03-17 12:00:00,2011-03-17 12:00:00,268,62.85,0,1.0,2,0
14841.0,6,3295.76,2011-10-17 15:03:00,2010-12-16 10:28:00,53,549.2933333333334,305,0.0196078431372549,1,1
14842.0,4,2824.69,2011-10-27 12:37:00,2011-02-04 15:32:00,44,706.1725,264,0.01509433962264151,1,1
14844.0,4,3189.81,2011-10-07 10:41:00,2011-04-12 13:10:00,64,797.4525,177,0.02247191011235955,1,1
14847.0,1,309.40000000000003,2011-07-14 10:52:00,2011-07-14 10:52:00,149,309.40000000000003,0,1.0,2,0
14849.0,25,7930.54,2011-11-18 10:58:00,2010-12-01 12:22:00,22,317.2216,351,0.07102272727272728,0,2
14850.0,1,325.75,2011-02-01 11:21:00,2011-02-01 11:21:00,312,325.75,0,1.0,2,0
14851.0,2,511.35,2011-11-16 14:20:00,2011-03-28 14:59:00,23,255.675,232,0.008583690987124463,2,0
14852.0,6,2836.69,2011-10-12 13:20:00,2011-04-01 13:22:00,58,472.7816666666667,193,0.030927835051546393,1,1
14853.0,2,475.8,2011-11-15 16:56:00,2011-05-12 15:17:00,24,237.9,187,0.010638297872340425,2,0
14854.0,7,2759.83,2011-09-22 17:00:00,2011-03-10 12:22:00,78,394.26142857142855,196,0.03553299492385787,1,1
14855.0,2,645.65,2011-08-12 14:02:00,2011-07-28 12:06:00,119,322.825,15,0.125,2,0
14856.0,3,1311.38,2011-11-03 14:53:00,2011-10-14 09:35:00,36,437.1266666666667,20,0.14285714285714285,2,0
14857.0,2,1173.1200000000001,2011-10-11 09:23:00,2011-07-14 15:03:00,60,586.5600000000001,88,0.02247191011235955,2,0
14859.0,4,1353.74,2011-11-27 11:18:00,2011-05-19 14:42:00,13,338.435,191,0.020833333333333332,2,0
14860.0,1,170.32,2011-11-20 14:17:00,2011-11-20 14:17:00,19,170.32,0,1.0,2,0
14861.0,1,125.79,2011-10-18 12:54:00,2011-10-18 12:54:00,52,125.79,0,1.0,2,0
14862.0,2,841.2,2011-11-14 10:01:00,2011-07-14 11:20:00,26,420.6,122,0.016260162601626018,2,0
14863.0,1,266.76,2011-11-10 15:04:00,2011-11-10 15:04:00,29,266.76,0,1.0,2,0
14865.0,2,52.2,2011-12-02 16:25:00,2010-12-02 18:23:00,7,26.1,364,0.005479452054794521,2,0
14866.0,12,14389.9,2011-11-29 11:45:00,2010-12-08 14:58:00,11,1199.1583333333333,355,0.033707865168539325,0,2
14867.0,3,710.28,2011-06-07 11:39:00,2011-01-07 16:34:00,186,236.76,150,0.019867549668874173,2,0
14868.0,8,2953.59,2011-12-06 14:49:00,2011-04-20 13:36:00,3,369.19875,230,0.03463203463203463,1,1
14869.0,2,725.7,2011-12-01 12:36:00,2011-08-28 16:09:00,9,362.85,94,0.021052631578947368,2,0
14870.0,1,327.25,2011-03-23 10:51:00,2011-03-23 10:51:00,262,327.25,0,1.0,2,0
14871.0,4,522.38,2011-12-06 13:42:00,2010-12-14 12:18:00,3,130.595,357,0.0111731843575419,2,0
14873.0,1,519.68,2011-05-13 13:52:00,2011-05-13 13:52:00,210,519.68,0,1.0,2,0
14875.0,2,1465.32,2011-08-24 12:20:00,2011-03-22 11:53:00,108,732.66,155,0.01282051282051282,2,0
14878.0,9,1485.54,2011-11-27 11:15:00,2010-12-16 12:11:00,13,165.06,345,0.02601156069364162,1,1
14880.0,3,706.19,2011-09-23 13:42:00,2011-02-24 12:27:00,77,235.39666666666668,211,0.014150943396226415,2,0
14881.0,1,255.4,2011-11-20 11:06:00,2011-11-20 11:06:00,20,255.4,0,1.0,2,0
14882.0,2,589.7,2011-11-13 12:47:00,2011-11-06 10:15:00,27,294.85,7,0.25,2,0
14883.0,6,761.59,2011-11-21 10:23:00,2011-05-12 09:49:00,19,126.93166666666667,193,0.030927835051546393,2,0
14885.0,1,765.3199999999999,2011-07-31 12:05:00,2011-07-31 12:05:00,132,765.3199999999999,0,1.0,2,0
14886.0,1,364.8,2011-04-01 08:56:00,2011-04-01 08:56:00,253,364.8,0,1.0,2,0
14887.0,1,1862.0,2011-09-21 15:32:00,2011-09-21 15:32:00,79,1862.0,0,1.0,1,1
14888.0,1,369.2,2011-05-16 14:58:00,2011-05-16 14:58:00,207,369.2,0,1.0,2,0
14889.0,1,135.9,2011-01-07 15:19:00,2011-01-07 15:19:00,336,135.9,0,1.0,2,0
14890.0,1,125.65,2011-03-31 11:57:00,2011-03-31 11:57:00,254,125.65,0,1.0,2,0
14891.0,2,554.38,2011-07-14 18:08:00,2011-06-05 10:58:00,148,277.19,39,0.05,2,0
14893.0,2,1237.8500000000001,2011-11-30 12:31:00,2011-11-28 10:49:00,10,618.9250000000001,2,0.6666666666666666,2,0
14894.0,1,655.75,2011-09-15 13:51:00,2011-09-15 13:51:00,85,655.75,0,1.0,2,0
14895.0,20,11138.710000000001,2011-12-02 09:23:00,2011-02-22 13:08:00,8,556.9355,282,0.0706713780918728,0,2
14896.0,2,468.77000000000004,2011-05-19 10:20:00,2010-12-09 12:24:00,205,234.38500000000002,160,0.012422360248447204,2,0
14897.0,4,1366.38,2011-12-02 10:32:00,2011-02-16 08:37:00,8,341.595,289,0.013793103448275862,1,1
14898.0,6,1303.52,2011-11-16 14:54:00,2010-12-03 15:25:00,23,217.25333333333333,347,0.017241379310344827,1,1
14901.0,9,1421.29,2011-11-28 17:09:00,2010-12-02 11:20:00,11,157.92111111111112,361,0.024861878453038673,1,1
14902.0,1,332.66,2011-11-14 10:34:00,2011-11-14 10:34:00,26,332.66,0,1.0,2,0
14903.0,5,2810.63,2011-11-18 16:07:00,2011-03-06 11:50:00,21,562.126,257,0.01937984496124031,1,1
14904.0,2,1025.44,2011-12-07 12:55:00,2011-11-14 09:13:00,2,512.72,23,0.08333333333333333,2,0
14905.0,2,616.15,2011-07-05 12:41:00,2011-04-20 10:48:00,158,308.075,76,0.025974025974025976,2,0
14907.0,7,3501.1,2011-12-06 14:14:00,2010-12-07 10:14:00,3,500.15714285714284,364,0.019178082191780823,1,1
14908.0,1,277.8,2011-09-26 12:56:00,2011-09-26 12:56:00,74,277.8,0,1.0,2,0
14910.0,4,434.35,2011-12-07 10:06:00,2011-10-16 11:06:00,3,108.5875,51,0.07692307692307693,2,0
14912.0,2,867.85,2011-11-23 09:20:00,2011-04-07 11:06:00,17,433.925,229,0.008695652173913044,2,0
14913.0,4,1227.43,2011-11-04 08:29:00,2010-12-15 14:35:00,36,306.8575,323,0.012345679012345678,2,0
14915.0,2,307.48,2011-09-09 13:34:00,2011-03-07 09:39:00,91,153.74,186,0.0106951871657754,2,0
14916.0,4,1268.98,2011-09-30 09:20:00,2011-01-19 15:30:00,71,317.245,253,0.015748031496062992,2,0
14918.0,2,1610.15,2011-08-16 11:50:00,2011-07-08 12:50:00,116,805.075,38,0.05128205128205128,2,0
14920.0,2,977.77,2011-05-11 10:32:00,2011-05-11 10:31:00,213,488.885,0,2.0,2,0
14921.0,2,1316.07,2011-11-09 13:17:00,2011-05-22 12:51:00,30,658.035,171,0.011627906976744186,2,0
14923.0,1,749.1,2011-10-20 11:51:00,2011-10-20 11:51:00,51,749.1,0,1.0,2,0
14924.0,1,310.05,2011-04-08 09:25:00,2011-04-08 09:25:00,246,310.05,0,1.0,2,0
14929.0,1,223.88,2011-11-07 17:21:00,2011-11-07 17:21:00,32,223.88,0,1.0,2,0
14930.0,3,2372.86,2011-08-23 10:31:00,2011-03-10 14:42:00,109,790.9533333333334,165,0.018072289156626505,1,1
14931.0,5,1257.68,2011-12-05 10:19:00,2011-04-13 09:32:00,5,251.536,236,0.02109704641350211,1,1
14932.0,1,363.53,2010-12-09 11:48:00,2010-12-09 11:48:00,366,363.53,0,1.0,2,0
14934.0,2,1890.94,2011-09-19 10:10:00,2011-03-02 11:48:00,82,945.47,200,0.009950248756218905,1,1
14935.0,1,1784.71,2011-02-15 14:44:00,2011-02-15 14:44:00,297,1784.71,0,1.0,1,1
14936.0,8,8137.02,2011-11-06 10:30:00,2011-03-09 11:53:00,34,1017.1275,241,0.03305785123966942,0,2
14937.0,3,1621.88,2011-10-14 12:29:00,2011-08-01 14:16:00,57,540.6266666666667,73,0.04054054054054054,2,0
14944.0,12,5900.25,2011-11-10 09:10:00,2011-02-16 12:47:00,30,491.6875,266,0.0449438202247191,1,1
14946.0,1,100.9,2011-11-25 13:33:00,2011-11-25 13:33:00,14,100.9,0,1.0,2,0
14947.0,2,290.82,2011-09-28 15:48:00,2011-08-01 09:31:00,72,145.41,58,0.03389830508474576,2,0
14948.0,6,1101.97,2011-11-16 17:16:00,2011-05-04 14:52:00,23,183.66166666666666,196,0.030456852791878174,1,1
14950.0,1,371.2,2011-11-20 13:48:00,2011-11-20 13:48:00,19,371.2,0,1.0,2,0
14951.0,1,311.69,2011-09-21 15:15:00,2011-09-21 15:15:00,79,311.69,0,1.0,2,0
14952.0,11,8099.49,2011-10-11 10:33:00,2010-12-10 12:48:00,60,736.3172727272727,304,0.036065573770491806,0,2
14953.0,1,289.82,2011-11-14 14:59:00,2011-11-14 14:59:00,25,289.82,0,1.0,2,0
14954.0,1,336.17,2011-11-27 14:30:00,2011-11-27 14:30:00,12,336.17,0,1.0,2,0
14957.0,1,58.49,2011-03-31 17:59:00,2011-03-31 17:59:00,253,58.49,0,1.0,2,0
14958.0,3,499.68,2011-07-15 14:20:00,2011-04-08 11:28:00,147,166.56,98,0.030303030303030304,2,0
14959.0,4,695.42,2011-10-06 18:23:00,2011-02-16 13:00:00,64,173.855,232,0.017167381974248927,2,0
14960.0,2,221.27,2011-12-01 12:54:00,2011-06-21 13:38:00,8,110.635,162,0.012269938650306749,2,0
14961.0,9,7044.68,2011-11-29 09:42:00,2010-12-14 11:38:00,11,782.7422222222223,349,0.025714285714285714,0,2
14962.0,1,126.7,2011-03-14 09:42:00,2011-03-14 09:42:00,271,126.7,0,1.0,2,0
14963.0,5,1487.8,2011-11-30 12:16:00,2011-06-09 12:30:00,10,297.56,173,0.028735632183908046,1,1
14964.0,1,206.21,2011-04-06 14:13:00,2011-04-06 14:13:00,247,206.21,0,1.0,2,0
14965.0,2,599.0,2011-09-04 13:20:00,2011-09-04 13:15:00,96,299.5,0,2.0,2,0
14966.0,1,191.32,2011-11-25 12:20:00,2011-11-25 12:20:00,15,191.32,0,1.0,2,0
14967.0,1,463.8,2011-10-21 11:06:00,2011-10-21 11:06:00,50,463.8,0,1.0,2,0
14968.0,1,147.59,2011-11-09 13:58:00,2011-11-09 13:58:00,30,147.59,0,1.0,2,0
14970.0,4,1592.06,2011-10-02 13:44:00,2011-01-27 12:23:00,68,398.015,248,0.01606425702811245,1,1
14971.0,3,1116.57,2011-11-04 17:07:00,2011-10-27 13:33:00,35,372.19,8,0.3333333333333333,2,0
14972.0,1,114.77,2011-08-03 14:54:00,2011-08-03 14:54:00,128,114.77,0,1.0,2,0
14973.0,3,1314.45,2011-08-24 15:51:00,2011-04-28 12:22:00,107,438.15000000000003,118,0.025210084033613446,2,0
14974.0,1,114.39,2011-11-02 13:01:00,2011-11-02 13:01:00,37,114.39,0,1.0,2,0
14975.0,1,279.94,2011-10-13 14:08:00,2011-10-13 14:08:00,57,279.94,0,1.0,2,0
14976.0,7,790.86,2011-10-13 16:37:00,2011-01-17 11:09:00,57,112.98,269,0.025925925925925925,1,1
14978.0,5,1931.42,2011-09-28 13:07:00,2011-01-13 12:03:00,72,386.284,258,0.019305019305019305,1,1
14981.0,1,102.12,2011-04-07 13:45:00,2011-04-07 13:45:00,246,102.12,0,1.0,2,0
14984.0,2,213.27,2011-11-20 14:28:00,2011-06-12 11:04:00,19,106.635,161,0.012345679012345678,2,0
14985.0,2,296.75,2011-05-25 14:29:00,2010-12-16 19:51:00,198,148.375,159,0.0125,2,0
14987.0,2,326.4,2011-11-24 09:59:00,2010-12-09 12:13:00,16,163.2,349,0.005714285714285714,2,0
14988.0,1,334.54,2011-05-12 12:05:00,2011-05-12 12:05:00,212,334.54,0,1.0,2,0
14995.0,2,233.23000000000002,2011-11-01 11:39:00,2011-03-04 13:14:00,39,116.61500000000001,241,0.008264462809917356,2,0
14997.0,3,546.1999999999999,2011-10-24 13:28:00,2011-06-14 16:52:00,46,182.06666666666663,131,0.022727272727272728,2,0
14998.0,2,429.87,2011-06-22 17:30:00,2011-04-12 16:28:00,170,214.935,71,0.027777777777777776,2,0
15000.0,1,490.52,2011-10-23 11:42:00,2011-10-23 11:42:00,48,490.52,0,1.0,2,0
15002.0,4,1641.76,2011-08-16 10:44:00,2010-12-07 13:16:00,116,410.44,251,0.015873015873015872,1,1
15004.0,1,1246.32,2011-07-15 14:05:00,2011-07-15 14:05:00,147,1246.32,0,1.0,2,0
15006.0,1,502.09,2011-10-19 15:08:00,2011-10-19 15:08:00,51,502.09,0,1.0,2,0
15007.0,1,156.91,2011-07-03 16:00:00,2011-07-03 16:00:00,159,156.91,0,1.0,2,0
15009.0,3,1261.78,2011-11-27 13:35:00,2011-11-14 17:40:00,12,420.5933333333333,12,0.23076923076923078,2,0
15010.0,1,308.94,2011-11-04 12:42:00,2011-11-04 12:42:00,36,308.94,0,1.0,2,0
15012.0,2,423.04,2011-10-17 12:22:00,2010-12-01 12:49:00,54,211.52,319,0.00625,2,0
15014.0,2,260.17,2011-10-27 20:07:00,2011-06-16 19:40:00,43,130.085,133,0.014925373134328358,2,0
15016.0,1,170.04,2011-06-20 12:06:00,2011-06-20 12:06:00,173,170.04,0,1.0,2,0
15017.0,1,125.58,2011-11-06 10:33:00,2011-11-06 10:33:00,34,125.58,0,1.0,2,0
15018.0,3,496.21,2011-11-01 12:47:00,2010-12-07 10:47:00,39,165.40333333333334,329,0.00909090909090909,2,0
15019.0,1,266.0,2011-03-18 12:35:00,2011-03-18 12:35:00,267,266.0,0,1.0,2,0
15021.0,9,1914.82,2011-12-01 11:53:00,2010-12-08 12:17:00,9,212.75777777777776,357,0.025139664804469275,1,1
15022.0,4,905.04,2011-11-28 12:35:00,2011-10-23 15:47:00,12,226.26,35,0.1111111111111111,2,0
15023.0,11,6802.76,2011-12-06 17:23:00,2010-12-05 13:49:00,3,618.4327272727273,366,0.02997275204359673,0,2
15024.0,10,1661.33,2011-11-30 12:06:00,2010-12-07 13:20:00,10,166.13299999999998,357,0.027932960893854747,1,1
15025.0,1,377.01,2011-11-06 15:20:00,2011-11-06 15:20:00,33,377.01,0,1.0,2,0
15026.0,3,469.0,2011-09-20 13:52:00,2011-03-07 13:45:00,80,156.33333333333334,197,0.015151515151515152,2,0
15027.0,4,1066.15,2011-11-09 10:16:00,2011-04-15 14:14:00,31,266.5375,207,0.019230769230769232,2,0
15028.0,4,627.13,2011-12-01 14:06:00,2010-12-06 12:47:00,8,156.7825,360,0.0110803324099723,2,0
15030.0,2,518.28,2011-09-29 10:50:00,2011-03-16 15:34:00,72,259.14,196,0.01015228426395939,2,0
15031.0,4,668.14,2011-12-05 14:19:00,2011-03-02 14:46:00,4,167.035,277,0.014388489208633094,2,0
15032.0,3,4959.1,2011-03-28 15:03:00,2010-12-08 12:57:00,256,1653.0333333333335,110,0.02702702702702703,1,1
15033.0,10,2586.67,2011-12-05 12:40:00,2011-01-14 13:28:00,5,258.66700000000003,324,0.03076923076923077,1,1
15034.0,8,4308.61,2011-11-24 12:11:00,2010-12-21 09:47:00,16,538.57625,338,0.02359882005899705,1,1
15035.0,1,252.73000000000002,2011-09-11 11:08:00,2011-09-11 11:08:00,90,252.73000000000002,0,1.0,2,0
15036.0,3,465.55,2011-09-28 15:42:00,2011-06-13 12:19:00,72,155.18333333333334,107,0.027777777777777776,2,0
15038.0,6,705.49,2011-10-12 11:33:00,2010-12-05 10:54:00,59,117.58166666666666,311,0.019230769230769232,2,0
15041.0,1,180.35,2011-06-22 16:16:00,2011-06-22 16:16:00,170,180.35,0,1.0,2,0
15042.0,1,135.93,2011-05-24 16:25:00,2011-05-24 16:25:00,199,135.93,0,1.0,2,0
15043.0,1,537.0,2011-11-08 14:26:00,2011-11-08 14:26:00,31,537.0,0,1.0,2,0
15044.0,17,7700.2300000000005,2011-11-20 13:20:00,2010-12-12 14:27:00,19,452.954705882353,342,0.04956268221574344,0,2
15045.0,2,735.66,2011-07-11 11:33:00,2011-03-27 11:44:00,152,367.83,105,0.018867924528301886,2,0
15046.0,15,5213.7699999999995,2011-11-30 15:50:00,2011-01-05 15:30:00,9,347.58466666666664,329,0.045454545454545456,1,1
15047.0,1,343.62,2011-03-15 10:49:00,2011-03-15 10:49:00,270,343.62,0,1.0,2,0
15048.0,4,384.05,2011-10-05 14:55:00,2010-12-06 12:15:00,65,96.0125,303,0.013157894736842105,2,0
15049.0,1,121.17000000000002,2011-03-11 12:13:00,2011-03-11 12:13:00,274,121.17000000000002,0,1.0,2,0
15050.0,3,1782.09,2011-11-14 16:17:00,2011-09-29 13:22:00,25,594.03,46,0.06382978723404255,1,1
15051.0,3,1391.61,2011-11-16 15:38:00,2011-07-12 15:29:00,23,463.86999999999995,127,0.0234375,2,0
15052.0,1,215.78,2011-01-24 15:52:00,2011-01-24 15:52:00,319,215.78,0,1.0,2,0
15053.0,3,697.79,2011-12-05 12:08:00,2011-03-03 12:06:00,5,232.59666666666666,277,0.01079136690647482,2,0
15054.0,2,302.1,2011-11-27 15:02:00,2011-10-30 14:33:00,12,151.05,28,0.06896551724137931,2,0
15057.0,2,1489.5,2011-03-09 15:17:00,2011-01-28 09:09:00,275,744.75,40,0.04878048780487805,2,0
15058.0,11,2124.99,2011-11-14 14:57:00,2011-01-31 15:35:00,25,193.18090909090907,286,0.03832752613240418,1,1
15059.0,9,1337.72,2011-10-30 11:35:00,2011-01-09 11:54:00,41,148.63555555555556,293,0.030612244897959183,1,1
15062.0,4,987.86,2011-09-29 16:51:00,2010-12-15 15:37:00,71,246.965,288,0.01384083044982699,2,0
15063.0,1,370.79999999999995,2011-05-10 13:25:00,2011-05-10 13:25:00,213,370.79999999999995,0,1.0,2,0
15065.0,4,3158.13,2011-11-02 09:45:00,2011-02-21 12:54:00,38,789.5325,253,0.015748031496062992,1,1
15066.0,1,893.59,2011-10-17 13:25:00,2011-10-17 13:25:00,53,893.59,0,1.0,2,0
15067.0,3,1744.76,2011-09-22 13:20:00,2011-03-02 12:10:00,78,581.5866666666667,204,0.014634146341463415,1,1
15068.0,2,553.36,2011-10-24 14:47:00,2011-03-28 14:27:00,46,276.68,210,0.009478672985781991,2,0
15069.0,1,1109.53,2011-06-13 14:16:00,2011-06-13 14:16:00,179,1109.53,0,1.0,2,0
15070.0,1,106.2,2010-12-02 11:23:00,2010-12-02 11:23:00,373,106.2,0,1.0,2,0
15071.0,2,982.07,2011-09-07 11:43:00,2011-03-09 10:19:00,94,491.035,182,0.01092896174863388,2,0
15073.0,3,1043.41,2011-11-30 10:44:00,2011-06-06 09:59:00,10,347.80333333333334,177,0.016853932584269662,2,0
15074.0,1,748.87,2011-08-26 14:45:00,2011-08-26 14:45:00,105,748.87,0,1.0,2,0
15075.0,1,773.03,2011-09-23 12:27:00,2011-09-23 12:27:00,78,773.03,0,1.0,2,0
15076.0,1,880.85,2011-06-20 08:23:00,2011-06-20 08:23:00,173,880.85,0,1.0,2,0
15079.0,4,895.61,2011-05-11 12:45:00,2010-12-09 09:25:00,213,223.9025,153,0.025974025974025976,2,0
15081.0,5,504.8,2011-11-17 17:08:00,2010-12-07 16:20:00,22,100.96000000000001,345,0.014450867052023121,2,0
15083.0,1,88.2,2011-03-28 12:18:00,2011-03-28 12:18:00,257,88.2,0,1.0,2,0
15087.0,1,306.94,2011-03-03 10:34:00,2011-03-03 10:34:00,282,306.94,0,1.0,2,0
15088.0,2,1160.07,2011-11-18 13:14:00,2011-10-03 14:05:00,21,580.035,45,0.043478260869565216,2,0
15089.0,6,2420.84,2011-11-29 16:31:00,2011-08-03 14:14:00,10,403.47333333333336,118,0.05042016806722689,1,1
15090.0,1,381.32,2011-02-04 14:03:00,2011-02-04 14:03:00,308,381.32,0,1.0,2,0
15091.0,1,480.71,2011-10-03 12:47:00,2011-10-03 12:47:00,68,480.71,0,1.0,2,0
15092.0,2,457.81,2011-05-08 14:10:00,2011-03-01 12:24:00,215,228.905,68,0.028985507246376812,2,0
15093.0,6,4597.02,2011-11-21 13:09:00,2010-12-02 18:25:00,18,766.1700000000001,353,0.01694915254237288,1,1
15095.0,4,1370.6000000000001,2011-08-28 12:01:00,2011-05-20 14:27:00,104,342.65000000000003,99,0.04,2,0
15096.0,1,219.39000000000001,2011-10-28 10:27:00,2011-10-28 10:27:00,43,219.39000000000001,0,1.0,2,0
15097.0,1,248.08,2011-12-05 14:03:00,2011-12-05 14:03:00,4,248.08,0,1.0,2,0
15099.0,1,410.48,2011-09-16 13:13:00,2011-09-16 13:13:00,84,410.48,0,1.0,2,0
15100.0,3,876.0,2011-01-10 10:35:00,2010-12-01 09:09:00,334,292.0,40,0.07317073170731707,2,0
15101.0,2,317.53000000000003,2011-12-01 10:18:00,2010-12-15 12:54:00,9,158.76500000000001,350,0.005698005698005698,2,0
15103.0,2,703.36,2011-11-08 14:53:00,2011-09-14 13:54:00,31,351.68,55,0.03571428571428571,2,0
15104.0,2,1027.44,2011-05-27 12:29:00,2011-03-02 14:16:00,197,513.72,85,0.023255813953488372,2,0
15105.0,7,2298.93,2011-11-21 16:54:00,2011-07-28 10:09:00,18,328.4185714285714,116,0.05982905982905983,1,1
15106.0,5,1422.52,2011-11-22 09:16:00,2011-03-15 12:52:00,18,284.504,251,0.01984126984126984,1,1
15107.0,6,319.5,2011-02-01 14:46:00,2010-12-02 13:45:00,311,53.25,61,0.0967741935483871,2,0
15108.0,4,1300.25,2011-07-21 10:24:00,2011-04-26 10:54:00,142,325.0625,85,0.046511627906976744,2,0
15109.0,1,484.95,2011-04-08 09:58:00,2011-04-08 09:58:00,246,484.95,0,1.0,2,0
15110.0,4,996.1,2011-11-16 11:16:00,2011-01-25 11:41:00,24,249.025,294,0.013559322033898305,2,0
15111.0,3,1567.48,2011-11-10 16:58:00,2010-12-02 11:45:00,29,522.4933333333333,343,0.00872093023255814,1,1
15113.0,3,3609.33,2011-11-30 08:23:00,2011-10-16 15:27:00,10,1203.11,44,0.06666666666666667,1,1
15114.0,10,2760.56,2011-11-09 15:05:00,2011-02-11 08:45:00,30,276.056,271,0.03676470588235294,1,1
15115.0,1,340.11,2011-11-21 14:59:00,2011-11-21 14:59:00,18,340.11,0,1.0,2,0
15116.0,4,1352.75,2011-11-22 12:25:00,2011-05-19 08:50:00,18,338.1875,187,0.02127659574468085,2,0
15117.0,5,1551.78,2011-11-25 08:12:00,2011-05-08 12:38:00,15,310.356,200,0.024875621890547265,1,1
15118.0,1,244.8,2011-07-28 14:54:00,2011-07-28 14:54:00,134,244.8,0,1.0,2,0
15119.0,1,266.4,2011-04-08 09:08:00,2011-04-08 09:08:00,246,266.4,0,1.0,2,0
15120.0,1,358.82,2011-07-29 09:48:00,2011-07-29 09:48:00,134,358.82,0,1.0,2,0
15121.0,2,457.72,2011-10-20 14:51:00,2011-02-24 12:41:00,50,228.86,238,0.008368200836820083,2,0
15122.0,3,1633.78,2011-08-17 16:48:00,2011-02-15 09:59:00,114,544.5933333333334,183,0.016304347826086956,2,0
15123.0,2,2199.31,2011-12-02 13:12:00,2011-05-17 14:57:00,7,1099.655,198,0.010050251256281407,1,1
15124.0,2,184.19,2011-11-17 10:09:00,2011-06-01 09:06:00,23,92.095,169,0.011764705882352941,2,0
15125.0,15,11528.48,2011-11-14 13:57:00,2011-03-14 09:59:00,25,768.5653333333333,245,0.06097560975609756,0,2
15127.0,1,406.53000000000003,2011-10-05 10:30:00,2011-10-05 10:30:00,66,406.53000000000003,0,1.0,2,0
15128.0,4,1471.0,2011-10-10 13:54:00,2011-05-04 12:32:00,60,367.75,159,0.025,2,0
15129.0,11,3447.4,2011-10-20 14:40:00,2011-02-21 09:09:00,50,313.40000000000003,241,0.045454545454545456,1,1
15130.0,1,330.11,2011-06-23 10:15:00,2011-06-23 10:15:00,170,330.11,0,1.0,2,0
15132.0,5,977.9300000000001,2011-11-21 17:10:00,2011-03-22 12:02:00,18,195.586,244,0.02040816326530612,2,0
15133.0,3,982.42,2011-08-04 10:44:00,2011-02-11 10:38:00,128,327.4733333333333,174,0.017142857142857144,2,0
15134.0,8,1387.99,2011-11-25 08:55:00,2011-04-13 11:05:00,15,173.49875,225,0.035398230088495575,1,1
15135.0,1,139.05,2011-04-14 19:16:00,2011-04-14 19:16:00,239,139.05,0,1.0,2,0
15136.0,4,1286.7,2011-12-07 12:26:00,2011-09-04 16:05:00,3,321.675,93,0.0425531914893617,2,0
15139.0,2,178.96,2011-04-14 11:39:00,2011-01-07 12:44:00,240,89.48,96,0.020618556701030927,2,0
15140.0,7,2354.25,2011-10-18 14:07:00,2011-03-20 14:37:00,52,336.32142857142856,211,0.0330188679245283,1,1
15142.0,1,498.74,2011-10-24 12:51:00,2011-10-24 12:51:00,46,498.74,0,1.0,2,0
15143.0,1,259.45,2011-04-28 12:03:00,2011-04-28 12:03:00,226,259.45,0,1.0,2,0
15144.0,17,6580.4400000000005,2011-12-01 15:12:00,2011-01-31 13:17:00,8,387.084705882353,304,0.05573770491803279,0,2
15145.0,4,1194.73,2011-12-05 17:21:00,2011-04-05 15:20:00,4,298.6825,244,0.0163265306122449,2,0
15146.0,2,1327.16,2011-06-28 12:09:00,2011-02-21 13:07:00,165,663.58,126,0.015748031496062992,2,0
15147.0,1,623.5,2011-04-13 15:57:00,2011-04-13 15:57:00,240,623.5,0,1.0,2,0
15148.0,1,301.29,2011-11-29 08:21:00,2011-11-29 08:21:00,11,301.29,0,1.0,2,0
15149.0,1,520.8000000000001,2011-07-29 10:58:00,2011-07-29 10:58:00,134,520.8000000000001,0,1.0,2,0
15150.0,10,5314.47,2011-11-22 12:52:00,2011-03-15 14:21:00,17,531.447,251,0.03968253968253968,1,1
15152.0,13,4745.69,2011-11-30 12:32:00,2011-06-05 15:36:00,10,365.0530769230769,177,0.07303370786516854,1,1
15153.0,1,329.25,2011-11-08 17:09:00,2011-11-08 17:09:00,31,329.25,0,1.0,2,0
15154.0,1,296.42,2011-09-25 16:05:00,2011-09-25 16:05:00,75,296.42,0,1.0,2,0
15156.0,3,961.49,2011-12-08 18:22:00,2011-11-06 12:41:00,1,320.49666666666667,32,0.09090909090909091,2,0
15157.0,3,1936.07,2011-12-06 11:28:00,2010-12-16 13:44:00,4,645.3566666666667,354,0.008450704225352112,1,1
15158.0,1,401.40000000000003,2011-10-25 13:53:00,2011-10-25 13:53:00,45,401.40000000000003,0,1.0,2,0
15160.0,1,158.16,2010-12-17 14:15:00,2010-12-17 14:15:00,357,158.16,0,1.0,2,0
15163.0,2,304.47,2011-11-21 13:10:00,2011-05-31 15:22:00,18,152.235,173,0.011494252873563218,2,0
15164.0,3,843.05,2011-10-02 12:05:00,2011-01-04 14:21:00,69,281.01666666666665,270,0.01107011070110701,2,0
15165.0,1,487.75,2010-12-01 14:03:00,2010-12-01 14:03:00,373,487.75,0,1.0,2,0
15167.0,1,163.0,2011-01-23 12:41:00,2011-01-23 12:41:00,321,163.0,0,1.0,2,0
15168.0,1,106.56,2011-11-14 11:26:00,2011-11-14 11:26:00,26,106.56,0,1.0,2,0
15171.0,1,1289.5,2011-01-12 15:36:00,2011-01-12 15:36:00,331,1289.5,0,1.0,2,0
15172.0,5,1624.05,2011-12-01 11:51:00,2011-04-17 11:56:00,9,324.81,227,0.021929824561403508,1,1
15174.0,1,135.75,2011-01-21 09:06:00,2011-01-21 09:06:00,323,135.75,0,1.0,2,0
15175.0,1,224.14,2011-09-29 11:31:00,2011-09-29 11:31:00,72,224.14,0,1.0,2,0
15178.0,1,40.5,2011-03-24 15:12:00,2011-03-24 15:12:00,260,40.5,0,1.0,2,0
15179.0,5,2206.9500000000003,2011-11-21 12:53:00,2011-01-24 13:48:00,18,441.39000000000004,300,0.016611295681063124,1,1
15180.0,1,87.5,2010-12-07 14:57:00,2010-12-07 14:57:00,367,87.5,0,1.0,2,0
15181.0,3,689.48,2011-10-04 13:58:00,2011-03-15 12:03:00,66,229.82666666666668,203,0.014705882352941176,2,0
15182.0,2,622.85,2011-07-08 13:37:00,2011-03-16 12:42:00,154,311.425,114,0.017391304347826087,2,0
15184.0,2,406.76,2011-11-10 13:41:00,2011-06-02 12:06:00,29,203.38,161,0.012345679012345678,2,0
15185.0,1,310.62,2011-09-30 14:06:00,2011-09-30 14:06:00,70,310.62,0,1.0,2,0
15186.0,2,411.41,2011-11-25 14:58:00,2011-06-24 14:54:00,14,205.705,154,0.012903225806451613,2,0
15187.0,16,4777.18,2011-12-08 11:56:00,2011-05-11 13:49:00,2,298.57375,210,0.07582938388625593,1,1
15192.0,3,1044.32,2011-08-12 11:41:00,2010-12-09 14:56:00,120,348.1066666666666,245,0.012195121951219513,2,0
15193.0,1,499.32,2011-10-10 08:23:00,2011-10-10 08:23:00,61,499.32,0,1.0,2,0
15194.0,15,7616.53,2011-12-06 15:10:00,2010-12-06 15:00:00,3,507.76866666666666,365,0.040983606557377046,0,2
15195.0,1,3861.0,2011-12-07 12:20:00,2011-12-07 12:20:00,3,3861.0,0,1.0,0,2
15197.0,3,1079.61,2011-11-29 10:00:00,2010-12-16 18:01:00,11,359.86999999999995,347,0.008620689655172414,2,0
15198.0,2,193.64,2011-09-08 14:42:00,2011-08-07 15:16:00,92,96.82,31,0.0625,2,0
15199.0,4,1268.7,2011-10-11 15:12:00,2011-02-04 14:04:00,59,317.175,249,0.016,2,0
15201.0,5,1236.54,2011-09-13 14:53:00,2011-04-06 14:02:00,87,247.308,160,0.031055900621118012,2,0
15203.0,6,1827.8,2011-11-14 08:16:00,2011-02-01 12:29:00,26,304.6333333333333,285,0.02097902097902098,1,1
15204.0,1,316.58,2010-12-17 13:49:00,2010-12-17 13:49:00,357,316.58,0,1.0,2,0
15205.0,2,653.24,2011-09-15 19:36:00,2011-08-04 16:07:00,85,326.62,42,0.046511627906976744,2,0
15206.0,4,420.3,2011-11-29 13:41:00,2011-03-09 08:59:00,10,105.075,265,0.015037593984962405,2,0
15208.0,5,870.12,2011-12-08 17:24:00,2010-12-21 13:03:00,1,174.024,352,0.014164305949008499,2,0
15210.0,1,331.18,2011-04-28 16:11:00,2011-04-28 16:11:00,225,331.18,0,1.0,2,0
15211.0,2,894.4100000000001,2011-10-10 13:31:00,2010-12-09 16:08:00,60,447.20500000000004,304,0.006557377049180328,2,0
15212.0,1,101.8,2011-04-12 13:45:00,2011-04-12 13:45:00,241,101.8,0,1.0,2,0
15213.0,2,328.35,2011-01-25 12:21:00,2011-01-14 11:05:00,319,164.175,11,0.16666666666666666,2,0
15214.0,8,1661.44,2011-12-08 12:07:00,2011-04-11 09:46:00,2,207.68,241,0.03305785123966942,1,1
15215.0,3,734.94,2011-10-24 11:41:00,2011-09-04 12:24:00,47,244.98000000000002,49,0.06,2,0
15216.0,1,96.6,2011-09-13 11:41:00,2011-09-13 11:41:00,88,96.6,0,1.0,2,0
15218.0,11,5756.89,2011-11-29 11:48:00,2011-01-25 11:20:00,11,523.3536363636364,308,0.03559870550161812,1,1
15219.0,1,305.75,2011-06-16 16:57:00,2011-06-16 16:57:00,176,305.75,0,1.0,2,0
15220.0,6,1778.96,2011-10-19 12:39:00,2011-03-04 10:24:00,52,296.49333333333334,229,0.02608695652173913,1,1
15221.0,1,403.25,2010-12-08 13:08:00,2010-12-08 13:08:00,366,403.25,0,1.0,2,0
15222.0,1,585.0,2011-01-25 08:03:00,2011-01-25 08:03:00,319,585.0,0,1.0,2,0
15223.0,2,755.75,2011-04-28 11:31:00,2011-04-04 12:17:00,226,377.875,23,0.08333333333333333,2,0
15224.0,2,322.08,2010-12-16 15:02:00,2010-12-12 12:34:00,358,161.04,4,0.4,2,0
15225.0,1,409.40000000000003,2011-04-19 14:51:00,2011-04-19 14:51:00,234,409.40000000000003,0,1.0,2,0
15226.0,1,154.41,2011-02-02 11:41:00,2011-02-02 11:41:00,311,154.41,0,1.0,2,0
15227.0,5,1219.4,2011-11-03 11:59:00,2011-01-26 15:31:00,37,243.88000000000002,280,0.017793594306049824,1,1
15228.0,4,3386.71,2011-10-04 13:56:00,2011-02-18 09:04:00,66,846.6775,228,0.017467248908296942,1,1
15230.0,2,429.6,2011-04-14 14:39:00,2011-04-13 11:04:00,239,214.8,1,1.0,2,0
15232.0,2,612.06,2011-08-18 16:27:00,2011-07-22 12:21:00,113,306.03,27,0.07142857142857142,2,0
15234.0,1,197.0,2011-03-08 08:53:00,2011-03-08 08:53:00,277,197.0,0,1.0,2,0
15235.0,12,2247.51,2011-05-06 09:44:00,2010-12-01 17:22:00,218,187.29250000000002,155,0.07692307692307693,1,1
15236.0,1,321.05,2011-02-14 10:52:00,2011-02-14 10:52:00,299,321.05,0,1.0,2,0
15237.0,4,1412.32,2011-12-08 09:46:00,2011-04-26 15:04:00,2,353.08,225,0.017699115044247787,1,1
15238.0,3,1071.99,2011-11-10 14:28:00,2011-06-08 16:00:00,29,357.33,154,0.01935483870967742,2,0
15239.0,2,780.59,2011-11-29 14:14:00,2011-09-22 09:53:00,10,390.295,68,0.028985507246376812,2,0
15240.0,5,1706.57,2011-10-26 09:50:00,2011-02-01 08:23:00,45,341.31399999999996,267,0.018656716417910446,1,1
15241.0,8,1756.44,2011-10-04 09:05:00,2011-03-01 11:02:00,67,219.555,216,0.03686635944700461,1,1
15243.0,1,316.68,2011-09-26 14:12:00,2011-09-26 14:12:00,74,316.68,0,1.0,2,0
15244.0,2,631.57,2011-10-05 13:19:00,2011-04-05 15:12:00,65,315.785,182,0.01092896174863388,2,0
15245.0,3,2515.84,2011-07-28 18:56:00,2011-03-23 13:42:00,134,838.6133333333333,127,0.0234375,1,1
15246.0,2,514.15,2011-04-15 14:45:00,2010-12-16 09:46:00,238,257.075,120,0.01652892561983471,2,0
15247.0,1,356.0,2011-08-09 12:52:00,2011-08-09 12:52:00,122,356.0,0,1.0,2,0
15249.0,13,6688.46,2011-11-08 11:45:00,2011-03-28 12:49:00,32,514.496923076923,224,0.057777777777777775,0,2
15251.0,11,10484.99,2011-11-30 15:02:00,2011-04-12 10:38:00,9,953.180909090909,232,0.04721030042918455,0,2
15252.0,2,740.78,2011-11-03 13:30:00,2011-06-09 14:15:00,36,370.39,146,0.013605442176870748,2,0
15253.0,5,918.2,2011-11-23 16:22:00,2011-06-23 12:19:00,16,183.64000000000001,153,0.032467532467532464,2,0
15254.0,1,300.36,2011-08-04 15:04:00,2011-08-04 15:04:00,127,300.36,0,1.0,2,0
15255.0,1,890.85,2011-10-04 12:43:00,2011-10-04 12:43:00,67,890.85,0,1.0,2,0
15256.0,1,98.45,2011-07-14 11:47:00,2011-07-14 11:47:00,149,98.45,0,1.0,2,0
15257.0,1,317.15,2011-03-01 12:58:00,2011-03-01 12:58:00,283,317.15,0,1.0,2,0
15258.0,2,623.16,2011-06-24 12:30:00,2011-05-06 14:16:00,169,311.58,48,0.04081632653061224,2,0
15260.0,7,1810.77,2011-08-31 13:55:00,2010-12-02 12:09:00,100,258.68142857142857,272,0.02564102564102564,1,1
15261.0,1,254.82,2011-07-27 15:20:00,2011-07-27 15:20:00,135,254.82,0,1.0,2,0
15262.0,1,178.95000000000002,2011-01-20 12:16:00,2011-01-20 12:16:00,324,178.95000000000002,0,1.0,2,0
15263.0,1,156.51,2011-08-25 10:26:00,2011-08-25 10:26:00,107,156.51,0,1.0,2,0
15264.0,1,393.74,2011-10-06 13:49:00,2011-10-06 13:49:00,64,393.74,0,1.0,2,0
15265.0,2,1506.1200000000001,2011-07-11 14:46:00,2011-04-18 12:16:00,151,753.0600000000001,84,0.023529411764705882,2,0
15266.0,1,119.3,2011-01-05 13:40:00,2011-01-05 13:40:00,338,119.3,0,1.0,2,0
15267.0,5,1717.36,2011-11-17 15:59:00,2011-06-10 10:24:00,22,343.472,160,0.031055900621118012,1,1
15269.0,1,408.8,2011-11-16 09:32:00,2011-11-16 09:32:00,24,408.8,0,1.0,2,0
15270.0,7,2379.49,2011-11-24 09:24:00,2011-02-02 13:25:00,16,339.9271428571428,294,0.023728813559322035,1,1
15271.0,15,2507.07,2011-12-02 14:11:00,2010-12-09 13:47:00,7,167.138,358,0.04178272980501393,1,1
15272.0,2,721.94,2011-10-13 12:59:00,2011-09-14 16:36:00,57,360.97,28,0.06896551724137931,2,0
15274.0,2,716.57,2011-12-05 16:57:00,2011-11-21 14:17:00,4,358.285,14,0.13333333333333333,2,0
15275.0,1,615.14,2011-11-02 11:20:00,2011-11-02 11:20:00,38,615.14,0,1.0,2,0
15276.0,1,135.31,2011-10-04 16:39:00,2011-10-04 16:39:00,66,135.31,0,1.0,2,0
15277.0,1,255.89999999999998,2011-10-24 10:08:00,2011-10-24 10:08:00,47,255.89999999999998,0,1.0,2,0
15279.0,1,290.51,2010-12-20 10:48:00,2010-12-20 10:48:00,355,290.51,0,1.0,2,0
15280.0,1,113.12,2011-06-20 17:14:00,2011-06-20 17:14:00,172,113.12,0,1.0,2,0
15281.0,9,2332.15,2011-10-12 09:10:00,2011-01-10 15:51:00,59,259.1277777777778,274,0.03272727272727273,1,1
15286.0,1,240.55,2011-10-21 11:08:00,2011-10-21 11:08:00,50,240.55,0,1.0,2,0
15287.0,2,486.69,2011-11-17 15:34:00,2011-09-30 12:30:00,22,243.345,48,0.04081632653061224,2,0
15288.0,5,2306.52,2011-10-27 16:58:00,2010-12-09 13:59:00,43,461.304,322,0.015479876160990712,1,1
15289.0,3,939.78,2011-11-10 13:49:00,2011-04-04 12:44:00,29,313.26,220,0.013574660633484163,2,0
15290.0,18,7943.22,2011-12-05 11:39:00,2010-12-15 16:03:00,5,441.29,354,0.05070422535211268,0,2
15291.0,15,4668.3,2011-11-14 11:02:00,2010-12-01 09:32:00,26,311.22,348,0.04297994269340974,1,1
15292.0,1,180.94,2011-05-22 15:00:00,2011-05-22 15:00:00,201,180.94,0,1.0,2,0
15296.0,6,3672.86,2011-10-20 11:47:00,2011-01-17 11:57:00,51,612.1433333333333,275,0.021739130434782608,1,1
15297.0,3,641.94,2011-11-29 16:32:00,2011-10-07 09:42:00,10,213.98000000000002,53,0.05555555555555555,2,0
15298.0,12,4799.9,2011-12-07 17:17:00,2010-12-08 13:55:00,2,399.9916666666666,364,0.03287671232876712,1,1
15299.0,7,4507.01,2011-10-03 14:19:00,2010-12-02 16:48:00,67,643.8585714285715,304,0.022950819672131147,1,1
15300.0,1,496.44,2011-10-06 17:08:00,2011-10-06 17:08:00,64,496.44,0,1.0,2,0
15301.0,12,5070.35,2011-10-20 09:57:00,2010-12-06 12:21:00,51,422.5291666666667,317,0.03773584905660377,1,1
15303.0,1,574.02,2011-02-22 13:59:00,2011-02-22 13:59:00,290,574.02,0,1.0,2,0
15304.0,8,694.4,2011-10-10 10:23:00,2010-12-06 11:42:00,61,86.8,307,0.025974025974025976,1,1
15306.0,3,1174.3500000000001,2011-10-06 12:56:00,2011-07-14 15:22:00,64,391.45000000000005,83,0.03571428571428571,2,0
15307.0,1,205.3,2011-09-05 11:38:00,2011-09-05 11:38:00,96,205.3,0,1.0,2,0
15308.0,1,310.47,2011-03-10 13:08:00,2011-03-10 13:08:00,274,310.47,0,1.0,2,0
15312.0,4,924.85,2011-09-25 13:10:00,2010-12-20 12:51:00,75,231.2125,279,0.014285714285714285,2,0
15313.0,1,52.0,2011-08-21 16:02:00,2011-08-21 16:02:00,110,52.0,0,1.0,2,0
15314.0,1,327.97,2011-05-24 14:39:00,2011-05-24 14:39:00,199,327.97,0,1.0,2,0
15315.0,2,570.5,2011-10-06 12:51:00,2011-08-15 15:17:00,64,285.25,51,0.038461538461538464,2,0
15316.0,1,165.0,2011-01-17 11:34:00,2011-01-17 11:34:00,327,165.0,0,1.0,2,0
15318.0,1,312.62,2011-12-06 11:30:00,2011-12-06 11:30:00,4,312.62,0,1.0,2,0
15319.0,1,204.5,2011-03-01 12:48:00,2011-03-01 12:48:00,284,204.5,0,1.0,2,0
15320.0,1,267.13,2011-10-26 13:27:00,2011-10-26 13:27:00,44,267.13,0,1.0,2,0
15321.0,3,2748.31,2011-09-30 09:40:00,2011-02-21 11:10:00,71,916.1033333333334,220,0.013574660633484163,1,1
15322.0,1,679.68,2011-09-15 09:34:00,2011-09-15 09:34:00,86,679.68,0,1.0,2,0
15325.0,1,162.29,2011-08-28 11:55:00,2011-08-28 11:55:00,104,162.29,0,1.0,2,0
15326.0,1,311.71,2011-01-10 11:38:00,2011-01-10 11:38:00,334,311.71,0,1.0,2,0
15327.0,1,208.75,2011-10-18 11:55:00,2011-10-18 11:55:00,53,208.75,0,1.0,2,0
15329.0,3,1049.7,2011-10-31 15:36:00,2011-06-21 10:37:00,39,349.90000000000003,132,0.022556390977443608,2,0
15330.0,2,714.9599999999999,2011-11-07 17:50:00,2011-10-10 12:30:00,32,357.47999999999996,28,0.06896551724137931,2,0
15332.0,4,1661.06,2010-12-08 14:43:00,2010-12-05 12:00:00,366,415.265,3,1.0,2,0
15333.0,1,1028.56,2011-05-15 13:27:00,2011-05-15 13:27:00,208,1028.56,0,1.0,2,0
15334.0,3,351.67,2011-07-06 11:22:00,2011-06-19 13:51:00,157,117.22333333333334,16,0.17647058823529413,2,0
15335.0,1,173.97,2011-10-17 12:50:00,2011-10-17 12:50:00,54,173.97,0,1.0,2,0
15339.0,2,574.07,2011-10-04 12:51:00,2011-01-25 13:15:00,66,287.035,251,0.007936507936507936,2,0
15341.0,1,2020.52,2011-09-20 09:40:00,2011-09-20 09:40:00,81,2020.52,0,1.0,1,1
15342.0,1,406.09000000000003,2011-08-02 10:19:00,2011-08-02 10:19:00,130,406.09000000000003,0,1.0,2,0
15343.0,1,364.5,2011-09-13 13:55:00,2011-09-13 13:55:00,87,364.5,0,1.0,2,0
15344.0,3,563.94,2011-12-09 10:45:00,2011-09-26 14:48:00,1,187.98000000000002,73,0.04054054054054054,2,0
15345.0,1,393.54,2011-10-25 11:28:00,2011-10-25 11:28:00,46,393.54,0,1.0,2,0
15346.0,1,252.42000000000002,2011-01-11 11:18:00,2011-01-11 11:18:00,333,252.42000000000002,0,1.0,2,0
15347.0,1,201.60000000000002,2010-12-08 15:25:00,2010-12-08 15:25:00,366,201.60000000000002,0,1.0,2,0
15348.0,1,158.04,2011-09-28 13:17:00,2011-09-28 13:17:00,72,158.04,0,1.0,2,0
15349.0,2,473.81,2011-07-04 16:06:00,2011-06-05 15:46:00,158,236.905,29,0.06666666666666667,2,0
15350.0,1,115.65,2010-12-01 13:33:00,2010-12-01 13:33:00,373,115.65,0,1.0,2,0
15351.0,7,1960.11,2011-11-27 12:52:00,2010-12-05 11:49:00,12,280.0157142857143,357,0.019553072625698324,1,1
15353.0,2,777.02,2011-03-30 12:15:00,2010-12-07 11:49:00,255,388.51,113,0.017543859649122806,2,0
15355.0,2,277.05,2011-11-10 13:44:00,2011-10-17 15:22:00,29,138.525,23,0.08333333333333333,2,0
15356.0,10,2766.5,2011-11-08 13:11:00,2010-12-06 14:05:00,31,276.65,336,0.02967359050445104,1,1
15358.0,22,8347.2,2011-12-05 09:04:00,2010-12-09 10:04:00,5,379.41818181818184,360,0.060941828254847646,0,2
15360.0,1,427.93,2011-10-31 09:35:00,2011-10-31 09:35:00,40,427.93,0,1.0,2,0
15361.0,1,418.92,2010-12-13 09:52:00,2010-12-13 09:52:00,362,418.92,0,1.0,2,0
15363.0,1,326.0,2010-12-02 12:28:00,2010-12-02 12:28:00,373,326.0,0,1.0,2,0
15364.0,2,913.19,2011-09-05 09:46:00,2011-03-30 13:39:00,96,456.595,158,0.012578616352201259,2,0
15365.0,7,2314.32,2011-11-14 08:29:00,2011-01-28 13:08:00,26,330.6171428571429,289,0.02413793103448276,1,1
15366.0,2,602.51,2011-09-25 15:01:00,2010-12-16 15:59:00,75,301.255,282,0.007067137809187279,2,0
15367.0,4,1877.5900000000001,2011-10-13 14:13:00,2011-03-09 13:53:00,57,469.39750000000004,218,0.0182648401826484,1,1
15368.0,1,446.94000000000005,2011-11-18 14:42:00,2011-11-18 14:42:00,21,446.94000000000005,0,1.0,2,0
15370.0,7,2386.05,2011-10-30 10:58:00,2011-01-11 11:32:00,41,340.86428571428576,291,0.023972602739726026,1,1
15372.0,1,2007.4,2011-07-25 16:39:00,2011-07-25 16:39:00,137,2007.4,0,1.0,1,1
15373.0,12,2415.91,2011-12-01 15:05:00,2010-12-03 14:40:00,8,201.32583333333332,363,0.03296703296703297,1,1
15374.0,1,168.0,2011-08-03 09:59:00,2011-08-03 09:59:00,129,168.0,0,1.0,2,0
15376.0,3,1233.3600000000001,2011-10-30 15:04:00,2011-05-01 13:45:00,40,411.12000000000006,182,0.01639344262295082,2,0
15379.0,7,3703.29,2011-06-23 13:13:00,2010-12-16 13:02:00,169,529.0414285714286,189,0.03684210526315789,1,1
15380.0,5,1690.26,2011-12-01 12:13:00,2010-12-09 15:01:00,9,338.052,356,0.014005602240896359,1,1
15381.0,2,596.85,2011-05-10 11:55:00,2011-03-16 13:44:00,214,298.425,54,0.03636363636363636,2,0
15382.0,6,5955.71,2011-11-25 10:58:00,2011-02-17 12:01:00,15,992.6183333333333,280,0.021352313167259787,1,1
15384.0,2,642.41,2011-06-23 10:57:00,2010-12-15 11:34:00,170,321.205,189,0.010526315789473684,2,0
15385.0,1,316.88,2011-10-30 15:11:00,2011-10-30 15:11:00,40,316.88,0,1.0,2,0
15386.0,1,394.14,2011-06-06 13:47:00,2011-06-06 13:47:00,186,394.14,0,1.0,2,0
15388.0,1,140.54,2011-03-14 13:53:00,2011-03-14 13:53:00,270,140.54,0,1.0,2,0
15389.0,1,500.0,2011-06-20 16:18:00,2011-06-20 16:18:00,172,500.0,0,1.0,2,0
15392.0,4,1535.53,2011-12-05 11:01:00,2010-12-14 15:50:00,5,383.8825,355,0.011235955056179775,1,1
15393.0,2,231.86,2011-11-23 16:48:00,2011-03-03 16:58:00,16,115.93,264,0.007547169811320755,2,0
15394.0,4,2183.54,2011-11-30 11:49:00,2010-12-16 12:46:00,10,545.885,348,0.011461318051575931,1,1
15395.0,1,107.45,2011-01-18 12:40:00,2011-01-18 12:40:00,326,107.45,0,1.0,2,0
15396.0,1,288.18,2011-08-19 10:56:00,2011-08-19 10:56:00,113,288.18,0,1.0,2,0
15397.0,1,94.0,2011-02-23 09:25:00,2011-02-23 09:25:00,290,94.0,0,1.0,2,0
15398.0,2,1345.53,2011-11-23 16:47:00,2011-09-22 14:56:00,16,672.765,62,0.031746031746031744,2,0
15399.0,3,815.77,2011-12-08 13:04:00,2011-09-21 15:57:00,1,271.92333333333335,77,0.038461538461538464,2,0
15400.0,5,716.2,2011-09-08 13:57:00,2011-03-06 11:27:00,92,143.24,186,0.026737967914438502,2,0
15402.0,2,626.77,2011-07-14 12:17:00,2011-05-27 13:32:00,149,313.385,47,0.041666666666666664,2,0
15405.0,1,349.1,2011-06-03 14:44:00,2011-06-03 14:44:00,189,349.1,0,1.0,2,0
15406.0,2,510.71000000000004,2011-11-08 13:22:00,2011-02-11 16:19:00,31,255.35500000000002,269,0.007407407407407408,2,0
15407.0,4,1056.44,2011-11-06 11:55:00,2011-02-07 13:18:00,34,264.11,271,0.014705882352941176,2,0
15408.0,1,267.18,2011-03-20 15:02:00,2011-03-20 15:02:00,264,267.18,0,1.0,2,0
15410.0,8,3450.84,2011-09-16 14:47:00,2011-03-23 10:15:00,84,431.355,177,0.0449438202247191,1,1
15411.0,4,1358.88,2011-11-13 15:19:00,2011-06-10 12:30:00,26,339.72,156,0.025477707006369428,2,0
15412.0,1,190.53,2011-06-21 15:24:00,2011-06-21 15:24:00,171,190.53,0,1.0,2,0
15414.0,3,774.9000000000001,2011-11-30 09:50:00,2011-04-11 13:45:00,10,258.3,232,0.012875536480686695,2,0
15415.0,1,572.8100000000001,2011-01-30 14:13:00,2011-01-30 14:13:00,313,572.8100000000001,0,1.0,2,0
15416.0,4,3984.32,2011-10-06 09:38:00,2011-03-02 08:41:00,65,996.08,218,0.0182648401826484,1,1
15417.0,1,508.8,2011-09-15 15:26:00,2011-09-15 15:26:00,85,508.8,0,1.0,2,0
15419.0,1,135.86,2011-11-15 09:23:00,2011-11-15 09:23:00,25,135.86,0,1.0,2,0
15421.0,4,950.36,2011-10-12 09:20:00,2011-02-02 14:36:00,59,237.59,251,0.015873015873015872,2,0
15422.0,2,97.7,2011-01-20 16:17:00,2011-01-20 14:17:00,323,48.85,0,2.0,2,0
15423.0,1,43.5,2011-11-01 14:01:00,2011-11-01 14:01:00,38,43.5,0,1.0,2,0
15424.0,2,383.34,2011-03-30 13:02:00,2011-03-30 13:00:00,254,191.67,0,2.0,2,0
15426.0,5,1447.39,2011-11-20 15:36:00,2010-12-05 13:55:00,19,289.478,350,0.014245014245014245,1,1
15427.0,3,1483.14,2011-11-06 14:29:00,2011-10-23 14:47:00,33,494.38000000000005,13,0.21428571428571427,2,0
15428.0,1,93.78,2011-11-24 16:54:00,2011-11-24 16:54:00,15,93.78,0,1.0,2,0
15429.0,2,397.35,2011-11-13 12:28:00,2011-09-25 13:42:00,27,198.675,48,0.04081632653061224,2,0
15432.0,1,171.19000000000003,2011-11-16 16:30:00,2011-11-16 16:30:00,23,171.19000000000003,0,1.0,2,0
15433.0,2,533.3,2011-05-10 10:45:00,2011-03-17 14:12:00,214,266.65,53,0.037037037037037035,2,0
15434.0,5,1041.48,2011-12-01 13:33:00,2011-05-23 14:18:00,8,208.296,191,0.026041666666666668,2,0
15435.0,1,149.29,2011-11-17 16:39:00,2011-11-17 16:39:00,22,149.29,0,1.0,2,0
15436.0,3,1122.53,2011-11-27 16:05:00,2011-04-19 16:52:00,12,374.1766666666667,221,0.013513513513513514,2,0
15437.0,1,200.16,2011-03-22 13:11:00,2011-03-22 13:11:00,262,200.16,0,1.0,2,0
15438.0,1,156.57999999999998,2011-07-31 14:19:00,2011-07-31 14:19:00,131,156.57999999999998,0,1.0,2,0
15440.0,3,383.68,2011-10-16 12:16:00,2011-05-15 11:30:00,55,127.89333333333333,154,0.01935483870967742,2,0
15442.0,1,594.0,2011-04-05 12:24:00,2011-04-05 12:24:00,249,594.0,0,1.0,2,0
15443.0,7,3236.91,2011-12-08 10:40:00,2011-01-23 13:25:00,2,462.4157142857143,318,0.0219435736677116,1,1
15444.0,2,1418.26,2011-11-30 17:37:00,2011-10-30 16:12:00,9,709.13,31,0.0625,2,0
15445.0,1,113.5,2011-03-20 15:06:00,2011-03-20 15:06:00,264,113.5,0,1.0,2,0
15447.0,1,155.17000000000002,2011-01-13 11:26:00,2011-01-13 11:26:00,331,155.17000000000002,0,1.0,2,0
15448.0,1,494.64,2011-01-31 10:42:00,2011-01-31 10:42:00,313,494.64,0,1.0,2,0
15449.0,3,974.52,2011-11-13 15:02:00,2011-03-23 10:43:00,26,324.84,235,0.012711864406779662,2,0
15450.0,1,429.84,2011-11-09 17:11:00,2011-11-09 17:11:00,30,429.84,0,1.0,2,0
15452.0,3,538.73,2011-11-10 12:13:00,2011-03-20 15:21:00,30,179.57666666666668,234,0.01276595744680851,2,0
15453.0,7,1388.37,2011-12-08 10:59:00,2011-06-05 12:37:00,2,198.3385714285714,185,0.03763440860215054,1,1
15454.0,1,179.1,2010-12-12 14:21:00,2010-12-12 14:21:00,362,179.1,0,1.0,2,0
15456.0,3,447.22,2011-03-01 13:51:00,2010-12-15 15:34:00,283,149.07333333333335,75,0.039473684210526314,2,0
15457.0,1,237.07,2011-03-22 15:31:00,2011-03-22 15:31:00,262,237.07,0,1.0,2,0
15458.0,1,161.64,2011-11-14 13:08:00,2011-11-14 13:08:00,25,161.64,0,1.0,2,0
15460.0,1,216.76,2010-12-20 16:08:00,2010-12-20 16:08:00,354,216.76,0,1.0,2,0
15462.0,3,234.6,2011-09-06 13:11:00,2011-06-05 15:36:00,94,78.2,92,0.03225806451612903,2,0
15463.0,1,126.14,2011-11-10 12:57:00,2011-11-10 12:57:00,29,126.14,0,1.0,2,0
15464.0,1,1048.85,2011-01-05 15:56:00,2011-01-05 15:56:00,338,1048.85,0,1.0,2,0
15465.0,18,7354.62,2011-11-20 10:11:00,2010-12-05 10:12:00,20,408.59,349,0.05142857142857143,0,2
15466.0,1,334.53,2011-09-15 14:08:00,2011-09-15 14:08:00,85,334.53,0,1.0,2,0
15467.0,3,524.88,2011-11-30 14:17:00,2011-07-10 14:42:00,9,174.96,142,0.02097902097902098,2,0
15468.0,2,467.51,2011-10-19 13:49:00,2011-10-19 13:38:00,51,233.755,0,2.0,2,0
15469.0,2,538.55,2011-10-20 16:21:00,2011-08-11 16:54:00,50,269.275,69,0.02857142857142857,2,0
15471.0,1,469.48,2011-12-07 14:12:00,2011-12-07 14:12:00,2,469.48,0,1.0,2,0
15472.0,1,371.56,2011-08-18 15:17:00,2011-08-18 15:17:00,113,371.56,0,1.0,2,0
15473.0,7,1771.2,2011-11-25 15:15:00,2011-10-10 11:12:00,14,253.02857142857144,46,0.14893617021276595,1,1
15475.0,1,454.11,2011-09-23 15:20:00,2011-09-23 15:20:00,77,454.11,0,1.0,2,0
15478.0,2,1441.42,2011-10-30 14:19:00,2011-10-14 11:09:00,40,720.71,16,0.11764705882352941,2,0
15480.0,1,905.5,2011-08-15 14:32:00,2011-08-15 14:32:00,116,905.5,0,1.0,2,0
15482.0,12,11054.96,2011-11-24 10:46:00,2010-12-16 10:08:00,16,921.2466666666666,343,0.03488372093023256,0,2
15483.0,4,233.81,2011-07-01 13:07:00,2011-03-18 12:26:00,161,58.4525,105,0.03773584905660377,2,0
15484.0,4,3594.31,2011-12-08 15:03:00,2011-09-22 13:31:00,1,898.5775,77,0.05128205128205128,1,1
15485.0,3,2575.0,2011-11-09 14:31:00,2010-12-01 13:23:00,30,858.3333333333334,343,0.00872093023255814,1,1
15488.0,1,91.32000000000001,2011-09-08 10:11:00,2011-09-08 10:11:00,93,91.32000000000001,0,1.0,2,0
15489.0,3,1134.28,2011-11-17 08:53:00,2011-05-12 12:54:00,23,378.0933333333333,188,0.015873015873015872,2,0
15491.0,6,3100.09,2011-09-05 15:56:00,2011-04-18 10:04:00,95,516.6816666666667,140,0.0425531914893617,1,1
15492.0,2,659.46,2011-11-11 14:53:00,2011-09-26 14:02:00,28,329.73,46,0.0425531914893617,2,0
15493.0,5,2001.8,2011-11-07 12:04:00,2011-03-14 11:44:00,33,400.36,238,0.02092050209205021,1,1
15494.0,2,1299.23,2011-11-18 14:51:00,2011-08-10 15:29:00,21,649.615,99,0.02,2,0
15497.0,2,1262.2,2011-11-22 11:51:00,2011-01-24 10:01:00,18,631.1,302,0.006600660066006601,2,0
15498.0,27,13316.4,2011-12-07 12:48:00,2010-12-08 12:29:00,3,493.2,364,0.07397260273972603,0,2
15500.0,4,1131.56,2011-12-01 13:47:00,2011-09-19 13:47:00,8,282.89,73,0.05405405405405406,2,0
15502.0,12,10384.93,2011-11-24 12:48:00,2010-12-05 15:40:00,16,865.4108333333334,353,0.03389830508474576,0,2
15503.0,1,147.09,2010-12-12 10:57:00,2010-12-12 10:57:00,363,147.09,0,1.0,2,0
15504.0,1,52.83,2011-09-19 13:45:00,2011-09-19 13:45:00,81,52.83,0,1.0,2,0
15505.0,5,3610.96,2011-10-18 07:56:00,2011-07-07 13:33:00,53,722.192,102,0.04854368932038835,1,1
15506.0,3,979.26,2011-11-17 12:11:00,2011-07-24 11:45:00,23,326.42,116,0.02564102564102564,2,0
15507.0,1,492.36,2011-06-21 11:19:00,2011-06-21 11:19:00,172,492.36,0,1.0,2,0
15508.0,6,1000.27,2011-06-03 15:43:00,2011-04-18 15:31:00,189,166.71166666666667,46,0.1276595744680851,2,0
15510.0,1,250.0,2011-01-13 12:10:00,2011-01-13 12:10:00,331,250.0,0,1.0,2,0
15511.0,5,909.23,2011-11-28 09:43:00,2011-09-15 15:05:00,12,181.846,73,0.06756756756756757,2,0
15512.0,2,121.0,2011-07-07 10:20:00,2010-12-15 12:01:00,156,60.5,203,0.00980392156862745,2,0
15513.0,19,14758.22,2011-11-06 14:36:00,2010-12-01 11:22:00,33,776.7484210526316,340,0.05571847507331378,0,2
15514.0,11,4139.46,2011-11-27 14:40:00,2010-12-10 13:50:00,12,376.31454545454545,352,0.031161473087818695,1,1
15516.0,3,62.43,2011-10-26 10:51:00,2011-10-24 11:33:00,45,20.81,1,1.5,2,0
15517.0,1,267.03,2011-04-20 14:02:00,2011-04-20 14:02:00,233,267.03,0,1.0,2,0
15518.0,8,1942.45,2011-10-06 13:05:00,2011-01-11 12:55:00,64,242.80625,268,0.02973977695167286,1,1
15520.0,1,343.5,2011-12-08 10:58:00,2011-12-08 10:58:00,2,343.5,0,1.0,2,0
15521.0,8,3000.2,2011-10-30 13:42:00,2011-03-30 09:15:00,40,375.025,214,0.037209302325581395,1,1
15522.0,2,398.84,2011-11-07 11:26:00,2011-09-13 12:26:00,33,199.42,54,0.03636363636363636,2,0
15523.0,1,412.01000000000005,2011-09-16 16:29:00,2011-09-16 16:29:00,84,412.01000000000005,0,1.0,2,0
15524.0,1,440.0,2011-11-15 12:09:00,2011-11-15 12:09:00,25,440.0,0,1.0,2,0
15525.0,3,825.92,2011-12-07 14:43:00,2010-12-01 13:17:00,2,275.3066666666667,371,0.008064516129032258,2,0
15526.0,2,148.44,2011-11-06 15:04:00,2011-11-06 15:01:00,33,74.22,0,2.0,2,0
15527.0,8,2429.78,2011-11-21 12:17:00,2010-12-20 14:15:00,19,303.7225,335,0.023809523809523808,1,1
15528.0,1,229.33,2011-03-30 16:14:00,2011-03-30 16:14:00,254,229.33,0,1.0,2,0
15529.0,11,3995.23,2011-11-17 11:29:00,2010-12-08 12:24:00,23,363.20272727272726,343,0.03197674418604651,1,1
15530.0,4,1502.3500000000001,2011-11-18 12:25:00,2011-04-07 11:16:00,22,375.58750000000003,225,0.017699115044247787,1,1
15531.0,2,2007.44,2011-12-01 18:43:00,2011-11-09 17:47:00,8,1003.72,22,0.08695652173913043,1,1
15532.0,4,1580.93,2011-11-14 14:51:00,2010-12-16 16:45:00,25,395.2325,332,0.012012012012012012,1,1
15533.0,3,807.57,2011-11-20 15:35:00,2011-09-11 15:41:00,19,269.19,69,0.04285714285714286,2,0
15535.0,4,536.4,2011-06-19 16:02:00,2011-01-16 12:35:00,173,134.1,154,0.025806451612903226,2,0
15537.0,1,110.92,2011-06-29 13:10:00,2011-06-29 13:10:00,163,110.92,0,1.0,2,0
15539.0,1,538.46,2011-12-02 13:36:00,2011-12-02 13:36:00,7,538.46,0,1.0,2,0
15540.0,1,213.3,2011-11-28 13:51:00,2011-11-28 13:51:00,11,213.3,0,1.0,2,0
15541.0,1,85.13000000000001,2011-08-17 14:58:00,2011-08-17 14:58:00,114,85.13000000000001,0,1.0,2,0
15543.0,1,127.86,2011-02-24 15:26:00,2011-02-24 15:26:00,288,127.86,0,1.0,2,0
15544.0,9,3546.71,2011-11-30 16:43:00,2010-12-02 12:47:00,9,394.0788888888889,363,0.024725274725274724,1,1
15545.0,2,292.71999999999997,2011-10-16 13:24:00,2010-12-03 17:28:00,54,146.35999999999999,316,0.006309148264984227,2,0
15547.0,14,4954.84,2011-12-02 12:52:00,2010-12-12 13:26:00,7,353.9171428571429,354,0.03943661971830986,1,1
15549.0,3,1693.26,2011-09-23 16:22:00,2011-01-27 15:38:00,77,564.42,239,0.0125,1,1
15550.0,4,575.63,2011-12-05 15:38:00,2011-02-11 12:49:00,4,143.9075,297,0.013422818791946308,2,0
15551.0,1,436.06,2011-11-03 12:37:00,2011-11-03 12:37:00,37,436.06,0,1.0,2,0
15552.0,1,90.12,2011-05-06 14:47:00,2011-05-06 14:47:00,217,90.12,0,1.0,2,0
15553.0,1,437.23,2011-10-10 14:02:00,2011-10-10 14:02:00,60,437.23,0,1.0,2,0
15554.0,1,217.2,2011-03-07 09:00:00,2011-03-07 09:00:00,278,217.2,0,1.0,2,0
15555.0,16,4805.17,2011-11-27 16:19:00,2010-12-05 14:45:00,12,300.323125,357,0.0446927374301676,1,1
15556.0,1,279.77,2011-11-15 16:08:00,2011-11-15 16:08:00,24,279.77,0,1.0,2,0
15557.0,1,473.65000000000003,2011-11-11 12:46:00,2011-11-11 12:46:00,29,473.65000000000003,0,1.0,2,0
15561.0,4,800.5899999999999,2011-11-28 11:07:00,2011-05-08 11:38:00,12,200.14749999999998,203,0.0196078431372549,2,0
15562.0,1,134.55,2010-12-23 09:55:00,2010-12-23 09:55:00,352,134.55,0,1.0,2,0
15563.0,4,1400.44,2011-11-17 14:50:00,2010-12-16 11:27:00,22,350.11,336,0.011869436201780416,1,1
15565.0,2,173.16000000000003,2011-10-20 14:33:00,2011-09-30 10:44:00,50,86.58000000000001,20,0.09523809523809523,2,0
15567.0,1,186.01,2011-11-21 10:48:00,2011-11-21 10:48:00,19,186.01,0,1.0,2,0
15568.0,3,758.29,2011-12-07 11:27:00,2011-09-27 14:37:00,3,252.76333333333332,70,0.04225352112676056,2,0
15569.0,5,1375.71,2011-08-28 10:15:00,2011-01-11 13:26:00,104,275.142,228,0.021834061135371178,2,0
15570.0,12,4165.52,2011-12-02 14:47:00,2010-12-05 12:57:00,7,347.1266666666667,362,0.03305785123966942,1,1
15571.0,4,650.4300000000001,2011-11-28 10:02:00,2011-09-22 13:15:00,12,162.60750000000002,66,0.05970149253731343,2,0
15572.0,7,2552.86,2011-12-05 10:09:00,2011-03-06 14:44:00,5,364.69428571428574,273,0.025547445255474453,1,1
15573.0,2,607.45,2011-11-08 11:38:00,2011-09-15 12:16:00,32,303.725,53,0.037037037037037035,2,0
15574.0,4,702.25,2011-06-15 12:01:00,2010-12-02 15:46:00,178,175.5625,194,0.020512820512820513,2,0
15576.0,1,940.67,2011-11-02 12:03:00,2011-11-02 12:03:00,38,940.67,0,1.0,2,0
15577.0,3,258.88,2011-07-11 17:03:00,2011-02-07 13:32:00,151,86.29333333333334,154,0.01935483870967742,2,0
15578.0,1,127.1,2011-06-30 13:03:00,2011-06-30 13:03:00,162,127.1,0,1.0,2,0
15579.0,2,348.6,2011-10-02 12:45:00,2011-01-30 12:09:00,69,174.3,245,0.008130081300813009,2,0
15581.0,13,3679.9700000000003,2011-08-11 09:38:00,2010-12-08 14:38:00,121,283.0746153846154,245,0.052845528455284556,1,1
15582.0,3,682.9100000000001,2011-11-15 09:55:00,2011-05-03 13:36:00,25,227.63666666666668,195,0.015306122448979591,2,0
15584.0,4,725.11,2011-11-16 10:55:00,2011-06-30 16:39:00,24,181.2775,138,0.02877697841726619,2,0
15585.0,1,455.3,2011-06-16 08:38:00,2011-06-16 08:38:00,177,455.3,0,1.0,2,0
15587.0,4,913.68,2011-10-20 13:37:00,2010-12-23 09:59:00,50,228.42,301,0.013245033112582781,2,0
15589.0,3,478.53,2011-03-29 09:54:00,2011-02-02 10:46:00,256,159.51,54,0.05454545454545454,2,0
15592.0,1,388.58,2011-10-24 08:59:00,2011-10-24 08:59:00,47,388.58,0,1.0,2,0
15593.0,1,199.8,2011-09-30 11:46:00,2011-09-30 11:46:00,71,199.8,0,1.0,2,0
15594.0,5,1771.78,2011-11-24 08:53:00,2011-04-19 10:08:00,16,354.356,218,0.0228310502283105,1,1
15596.0,5,1406.59,2011-08-31 10:55:00,2010-12-09 16:10:00,101,281.318,264,0.018867924528301886,1,1
15597.0,1,324.57,2011-11-04 13:26:00,2011-11-04 13:26:00,35,324.57,0,1.0,2,0
15598.0,1,240.68,2011-10-17 16:04:00,2011-10-17 16:04:00,53,240.68,0,1.0,2,0
15599.0,2,761.74,2011-11-13 11:44:00,2011-05-19 13:05:00,27,380.87,177,0.011235955056179775,2,0
15601.0,14,6776.56,2011-11-28 15:15:00,2010-12-02 10:39:00,11,484.04,361,0.03867403314917127,0,2
15602.0,9,1297.8700000000001,2011-12-01 14:14:00,2010-12-06 15:35:00,8,144.20777777777778,359,0.025,1,1
15603.0,1,48.480000000000004,2011-09-22 10:04:00,2011-09-22 10:04:00,79,48.480000000000004,0,1.0,2,0
15604.0,1,216.39000000000001,2011-10-18 14:47:00,2011-10-18 14:47:00,52,216.39000000000001,0,1.0,2,0
15605.0,5,1198.23,2011-11-03 14:17:00,2010-12-01 13:38:00,36,239.64600000000002,337,0.014792899408284023,1,1
15606.0,9,2920.16,2011-10-09 15:47:00,2011-01-19 12:07:00,61,324.4622222222222,263,0.03409090909090909,1,1
15607.0,1,104.76,2011-01-07 12:44:00,2011-01-07 12:44:00,337,104.76,0,1.0,2,0
15608.0,4,1093.68,2011-11-11 13:20:00,2011-08-11 09:56:00,28,273.42,92,0.043010752688172046,2,0
15609.0,1,298.48,2011-06-08 13:00:00,2011-06-08 13:00:00,184,298.48,0,1.0,2,0
15610.0,1,112.46000000000001,2011-10-19 10:36:00,2011-10-19 10:36:00,52,112.46000000000001,0,1.0,2,0
15611.0,13,1591.45,2011-11-30 12:36:00,2011-01-09 11:32:00,10,122.41923076923078,325,0.03987730061349693,1,1
15612.0,2,195.15,2011-11-03 14:52:00,2011-10-09 12:49:00,36,97.575,25,0.07692307692307693,2,0
15615.0,23,10399.74,2011-11-29 14:42:00,2010-12-15 16:21:00,10,452.1626086956522,348,0.0659025787965616,0,2
15618.0,4,776.851,2011-11-07 08:34:00,2011-07-26 10:13:00,33,194.21275,103,0.038461538461538464,2,0
15619.0,1,336.4,2011-11-29 08:14:00,2011-11-29 08:14:00,11,336.4,0,1.0,2,0
15620.0,3,1553.18,2011-10-14 12:41:00,2010-12-16 14:34:00,57,517.7266666666667,301,0.009933774834437087,1,1
15621.0,4,1293.03,2011-12-05 14:01:00,2011-11-18 11:49:00,4,323.2575,17,0.2222222222222222,2,0
15622.0,9,3709.56,2011-10-27 16:44:00,2011-03-02 13:42:00,43,412.17333333333335,239,0.0375,1,1
15623.0,1,301.03000000000003,2011-07-21 17:26:00,2011-07-21 17:26:00,141,301.03000000000003,0,1.0,2,0
15624.0,4,588.13,2011-08-15 11:38:00,2011-03-28 13:32:00,117,147.0325,139,0.02857142857142857,2,0
15625.0,4,1534.26,2011-08-28 10:21:00,2011-04-18 14:01:00,104,383.565,131,0.030303030303030304,2,0
15626.0,2,675.8,2011-09-26 10:03:00,2011-01-14 10:10:00,75,337.9,254,0.00784313725490196,2,0
15628.0,9,2870.2400000000002,2011-12-05 10:24:00,2010-12-08 09:51:00,5,318.91555555555556,362,0.024793388429752067,1,1
15630.0,2,1186.35,2011-10-25 15:36:00,2011-05-19 10:16:00,45,593.175,159,0.0125,2,0
15632.0,8,3285.31,2011-11-24 09:51:00,2011-03-10 08:29:00,16,410.66375,259,0.03076923076923077,1,1
15634.0,1,243.55,2011-11-22 16:28:00,2011-11-22 16:28:00,17,243.55,0,1.0,2,0
15636.0,2,724.76,2011-09-11 11:17:00,2011-03-02 14:50:00,90,362.38,192,0.010362694300518135,2,0
15637.0,1,223.36,2011-10-18 08:28:00,2011-10-18 08:28:00,53,223.36,0,1.0,2,0
15639.0,1,425.32,2011-07-28 14:30:00,2011-07-28 14:30:00,134,425.32,0,1.0,2,0
15640.0,15,12515.66,2011-12-05 14:35:00,2010-12-02 15:40:00,4,834.3773333333334,367,0.04076086956521739,0,2
15641.0,4,1887.2,2011-08-26 14:04:00,2010-12-15 14:45:00,105,471.8,253,0.015748031496062992,1,1
15643.0,3,664.0,2011-06-01 07:38:00,2011-03-02 14:34:00,192,221.33333333333334,90,0.03296703296703297,2,0
15644.0,4,813.0,2011-06-26 14:54:00,2011-03-23 15:37:00,166,203.25,94,0.042105263157894736,2,0
15645.0,1,612.01,2011-11-21 11:55:00,2011-11-21 11:55:00,19,612.01,0,1.0,2,0
15646.0,3,447.64000000000004,2011-07-05 09:53:00,2010-12-02 16:59:00,158,149.21333333333334,214,0.013953488372093023,2,0
15648.0,2,657.35,2011-05-19 15:53:00,2011-03-17 18:59:00,204,328.675,62,0.031746031746031744,2,0
15649.0,2,816.0,2011-01-07 13:34:00,2010-12-07 10:06:00,336,408.0,31,0.0625,2,0
15651.0,3,646.3,2011-11-03 08:41:00,2011-03-24 08:56:00,37,215.4333333333333,223,0.013392857142857142,2,0
15652.0,1,337.74,2011-09-09 14:22:00,2011-09-09 14:22:00,91,337.74,0,1.0,2,0
15653.0,2,877.44,2011-09-08 10:49:00,2011-08-16 09:50:00,93,438.72,23,0.08333333333333333,2,0
15654.0,2,922.53,2011-11-30 13:08:00,2011-11-13 15:15:00,9,461.265,16,0.11764705882352941,2,0
15655.0,1,560.6700000000001,2011-04-10 15:25:00,2011-04-10 15:25:00,243,560.6700000000001,0,1.0,2,0
15656.0,4,748.5,2011-10-25 14:56:00,2011-02-28 15:32:00,45,187.125,238,0.016736401673640166,2,0
15657.0,1,30.0,2011-11-17 12:19:00,2011-11-17 12:19:00,23,30.0,0,1.0,2,0
15658.0,5,1024.1000000000001,2011-06-02 15:22:00,2010-12-02 10:53:00,190,204.82000000000002,182,0.0273224043715847,2,0
15659.0,1,306.45,2011-10-27 09:23:00,2011-10-27 09:23:00,44,306.45,0,1.0,2,0
15660.0,9,1600.86,2011-11-14 16:58:00,2010-12-09 09:49:00,25,177.87333333333333,340,0.026392961876832845,1,1
15661.0,2,309.8,2011-01-26 13:56:00,2011-01-05 12:32:00,317,154.9,21,0.09090909090909091,2,0
15663.0,1,138.14,2011-08-25 15:50:00,2011-08-25 15:50:00,106,138.14,0,1.0,2,0
15664.0,1,386.43,2011-10-20 10:57:00,2011-10-20 10:57:00,51,386.43,0,1.0,2,0
15665.0,2,2242.01,2011-06-24 14:57:00,2011-04-10 15:09:00,168,1121.005,74,0.02666666666666667,1,1
15667.0,1,301.32000000000005,2011-10-31 10:56:00,2011-10-31 10:56:00,40,301.32000000000005,0,1.0,2,0
15668.0,1,76.32000000000001,2011-05-06 10:39:00,2011-05-06 10:39:00,218,76.32000000000001,0,1.0,2,0
15669.0,4,684.34,2011-10-30 16:03:00,2011-03-21 09:13:00,40,171.085,223,0.017857142857142856,2,0
15670.0,1,173.05,2011-02-16 10:50:00,2011-02-16 10:50:00,297,173.05,0,1.0,2,0
15671.0,7,2657.13,2011-11-21 12:43:00,2011-03-14 09:37:00,19,379.59000000000003,252,0.02766798418972332,1,1
15673.0,4,2881.02,2011-09-12 16:12:00,2011-01-16 16:25:00,88,720.255,238,0.016736401673640166,1,1
15674.0,5,2446.6,2011-09-27 15:17:00,2011-03-30 09:19:00,73,489.32,181,0.027472527472527472,1,1
15675.0,3,323.69,2011-09-19 13:48:00,2011-03-04 14:21:00,81,107.89666666666666,198,0.01507537688442211,2,0
15676.0,3,3435.76,2011-11-21 12:40:00,2011-03-01 10:19:00,19,1145.2533333333333,265,0.011278195488721804,1,1
15677.0,1,657.23,2011-10-21 15:36:00,2011-10-21 15:36:00,49,657.23,0,1.0,2,0
15678.0,1,352.7,2011-10-18 09:25:00,2011-10-18 09:25:00,53,352.7,0,1.0,2,0
15679.0,4,781.28,2011-11-15 16:19:00,2011-06-10 08:24:00,24,195.32,158,0.025157232704402517,2,0
15680.0,3,1333.68,2011-11-30 13:46:00,2010-12-08 14:43:00,9,444.56,356,0.008403361344537815,1,1
15681.0,5,1426.16,2011-11-14 16:30:00,2011-03-04 13:46:00,25,285.232,255,0.01953125,1,1
15683.0,1,193.75,2011-08-14 12:56:00,2011-08-14 12:56:00,117,193.75,0,1.0,2,0
15687.0,9,2993.1,2011-12-01 08:33:00,2011-01-13 15:13:00,9,332.56666666666666,321,0.027950310559006212,1,1
15689.0,2,254.1,2011-08-12 09:37:00,2010-12-13 09:57:00,120,127.05,241,0.008264462809917356,2,0
15690.0,2,239.76,2011-12-05 15:59:00,2011-08-31 11:40:00,4,119.88,96,0.020618556701030927,2,0
15691.0,1,136.8,2011-04-01 15:13:00,2011-04-01 15:13:00,252,136.8,0,1.0,2,0
15692.0,1,191.04,2011-11-11 14:12:00,2011-11-11 14:12:00,28,191.04,0,1.0,2,0
15694.0,14,6479.4,2011-12-09 09:44:00,2010-12-02 07:49:00,1,462.8142857142857,372,0.03753351206434316,0,2
15695.0,2,409.98,2011-03-18 08:32:00,2011-03-18 08:31:00,267,204.99,0,2.0,2,0
15696.0,8,2736.46,2011-11-06 14:02:00,2011-01-17 11:24:00,33,342.0575,293,0.027210884353741496,1,1
15699.0,1,309.65,2011-11-22 08:26:00,2011-11-22 08:26:00,18,309.65,0,1.0,2,0
15700.0,2,696.68,2011-06-20 16:53:00,2011-06-19 15:36:00,172,348.34,1,1.0,2,0
15701.0,4,1542.14,2011-12-07 14:39:00,2011-08-21 12:36:00,2,385.535,108,0.03669724770642202,1,1
15703.0,1,211.5,2011-03-20 10:51:00,2011-03-20 10:51:00,265,211.5,0,1.0,2,0
15704.0,4,2293.62,2011-07-22 13:35:00,2011-05-08 12:42:00,140,573.405,75,0.05263157894736842,1,1
15705.0,1,143.1,2011-05-22 15:37:00,2011-05-22 15:37:00,201,143.1,0,1.0,2,0
15706.0,4,1060.56,2011-10-07 10:09:00,2011-08-15 14:32:00,64,265.14,52,0.07547169811320754,2,0
15707.0,4,945.58,2011-11-04 14:35:00,2011-09-14 14:19:00,35,236.395,51,0.07692307692307693,2,0
15708.0,7,3364.2400000000002,2011-10-30 10:54:00,2010-12-05 11:12:00,41,480.6057142857143,328,0.02127659574468085,1,1
15709.0,1,133.25,2011-03-01 10:38:00,2011-03-01 10:38:00,284,133.25,0,1.0,2,0
15712.0,5,1072.3600000000001,2011-11-30 14:09:00,2011-02-25 11:32:00,9,214.47200000000004,278,0.017921146953405017,1,1
15713.0,2,356.7,2011-07-19 13:34:00,2010-12-08 15:16:00,143,178.35,222,0.008968609865470852,2,0
15714.0,2,330.88,2011-11-28 11:26:00,2011-09-23 11:25:00,12,165.44,66,0.029850746268656716,2,0
15716.0,4,1118.81,2011-07-17 11:59:00,2010-12-05 12:26:00,146,279.7025,223,0.017857142857142856,2,0
15717.0,1,150.3,2011-04-19 13:21:00,2011-04-19 13:21:00,234,150.3,0,1.0,2,0
15719.0,13,5045.61,2011-11-07 12:29:00,2011-01-06 12:31:00,33,388.1238461538461,304,0.04262295081967213,1,1
15720.0,1,598.73,2011-11-15 14:48:00,2011-11-15 14:48:00,24,598.73,0,1.0,2,0
15721.0,1,507.08000000000004,2011-11-28 12:14:00,2011-11-28 12:14:00,12,507.08000000000004,0,1.0,2,0
15722.0,5,2222.56,2011-11-04 11:43:00,2011-02-22 12:24:00,36,444.512,254,0.0196078431372549,1,1
15723.0,1,203.10000000000002,2010-12-10 11:12:00,2010-12-10 11:12:00,365,203.10000000000002,0,1.0,2,0
15724.0,2,218.25,2011-05-22 14:40:00,2011-02-28 10:40:00,201,109.125,83,0.023809523809523808,2,0
15725.0,1,415.25,2011-11-24 14:51:00,2011-11-24 14:51:00,15,415.25,0,1.0,2,0
15727.0,7,5178.96,2011-11-23 12:36:00,2010-12-15 15:47:00,17,739.8514285714285,342,0.02040816326530612,1,1
15729.0,1,85.0,2011-05-11 12:36:00,2011-05-11 12:36:00,213,85.0,0,1.0,2,0
15730.0,3,1120.88,2011-10-05 12:31:00,2011-05-17 12:43:00,66,373.6266666666667,140,0.02127659574468085,2,0
15732.0,2,294.12,2011-05-11 14:24:00,2010-12-02 15:00:00,212,147.06,159,0.0125,2,0
15733.0,1,162.3,2011-03-02 09:05:00,2011-03-02 09:05:00,283,162.3,0,1.0,2,0
15734.0,2,1339.45,2011-08-17 10:50:00,2011-05-23 14:59:00,115,669.725,85,0.023255813953488372,2,0
15737.0,8,1205.1200000000001,2011-11-25 11:21:00,2011-04-11 10:01:00,15,150.64000000000001,228,0.034934497816593885,1,1
15738.0,16,4812.42,2011-11-21 08:26:00,2010-12-02 12:50:00,19,300.77625,353,0.04519774011299435,1,1
15739.0,1,449.12,2011-10-04 13:42:00,2011-10-04 13:42:00,66,449.12,0,1.0,2,0
15740.0,1,154.88,2011-10-21 14:29:00,2011-10-21 14:29:00,49,154.88,0,1.0,2,0
15743.0,4,784.46,2011-11-23 17:19:00,2011-06-08 10:14:00,16,196.115,168,0.023668639053254437,2,0
15744.0,1,34.8,2011-09-23 09:52:00,2011-09-23 09:52:00,78,34.8,0,1.0,2,0
15745.0,4,1094.5900000000001,2011-11-20 13:45:00,2011-04-17 13:04:00,19,273.64750000000004,217,0.01834862385321101,2,0
15746.0,1,196.88,2011-07-28 15:21:00,2011-07-28 15:21:00,134,196.88,0,1.0,2,0
15747.0,3,974.04,2011-11-27 12:26:00,2011-06-20 11:30:00,13,324.68,160,0.018633540372670808,2,0
15748.0,1,149.31,2011-10-30 12:51:00,2011-10-30 12:51:00,40,149.31,0,1.0,2,0
15750.0,8,2465.48,2011-12-07 12:34:00,2010-12-08 10:36:00,3,308.185,364,0.021917808219178082,1,1
15752.0,7,2637.38,2011-10-31 11:37:00,2010-12-02 09:43:00,40,376.7685714285714,333,0.020958083832335328,1,1
15753.0,1,79.2,2011-02-08 12:41:00,2011-02-08 12:41:00,305,79.2,0,1.0,2,0
15754.0,3,458.57,2011-10-19 14:40:00,2011-04-07 12:24:00,51,152.85666666666665,195,0.015306122448979591,2,0
15755.0,6,2364.25,2011-11-29 14:57:00,2011-02-18 11:53:00,10,394.0416666666667,284,0.021052631578947368,1,1
15756.0,4,532.96,2011-10-09 13:30:00,2011-04-04 14:00:00,61,133.24,187,0.02127659574468085,2,0
15757.0,2,714.42,2011-10-05 12:14:00,2011-05-06 11:40:00,66,357.21,152,0.013071895424836602,2,0
15758.0,1,205.25,2011-11-15 10:48:00,2011-11-15 10:48:00,25,205.25,0,1.0,2,0
15759.0,3,253.04000000000002,2011-05-05 15:13:00,2010-12-16 15:29:00,218,84.34666666666668,139,0.02142857142857143,2,0
15762.0,2,583.75,2011-10-05 16:15:00,2011-09-23 15:17:00,65,291.875,12,0.15384615384615385,2,0
15763.0,2,1086.92,2011-11-08 09:44:00,2011-09-23 12:10:00,32,543.46,45,0.043478260869565216,2,0
15764.0,6,3279.9700000000003,2011-09-12 17:58:00,2011-03-08 09:23:00,88,546.6616666666667,188,0.031746031746031744,1,1
15766.0,1,315.06,2011-10-06 17:03:00,2011-10-06 17:03:00,64,315.06,0,1.0,2,0
15768.0,3,621.83,2011-08-16 10:48:00,2011-04-28 09:20:00,116,207.27666666666667,110,0.02702702702702703,2,0
15773.0,1,635.6800000000001,2011-12-04 12:48:00,2011-12-04 12:48:00,6,635.6800000000001,0,1.0,2,0
15774.0,1,270.8,2011-10-02 12:04:00,2011-10-02 12:04:00,69,270.8,0,1.0,2,0
15775.0,1,104.9,2011-04-08 12:56:00,2011-04-08 12:56:00,245,104.9,0,1.0,2,0
15776.0,1,241.62,2011-07-29 13:46:00,2011-07-29 13:46:00,133,241.62,0,1.0,2,0
15777.0,4,1047.1100000000001,2011-04-12 16:43:00,2010-12-13 16:38:00,241,261.77750000000003,120,0.03305785123966942,2,0
15780.0,3,475.28000000000003,2011-06-09 12:01:00,2010-12-17 11:43:00,184,158.42666666666668,174,0.017142857142857144,2,0
15781.0,3,345.46000000000004,2011-11-14 14:57:00,2011-02-07 09:15:00,25,115.15333333333335,280,0.010676156583629894,2,0
15782.0,3,2614.74,2011-11-30 10:49:00,2011-09-11 14:29:00,10,871.5799999999999,79,0.0375,1,1
15783.0,1,246.3,2011-11-29 09:50:00,2011-11-29 09:50:00,11,246.3,0,1.0,2,0
15785.0,5,2328.9700000000003,2011-11-07 11:33:00,2011-02-17 14:17:00,33,465.79400000000004,262,0.019011406844106463,1,1
15786.0,3,4932.2,2011-10-24 14:13:00,2011-08-17 13:33:00,46,1644.0666666666666,68,0.043478260869565216,1,1
15787.0,3,948.05,2011-11-13 14:55:00,2011-10-09 13:11:00,26,316.01666666666665,35,0.08333333333333333,2,0
15789.0,1,351.3,2010-12-16 14:35:00,2010-12-16 14:35:00,358,351.3,0,1.0,2,0
15790.0,1,220.85,2011-11-29 14:53:00,2011-11-29 14:53:00,10,220.85,0,1.0,2,0
15791.0,2,1612.69,2011-10-27 10:14:00,2011-05-19 15:15:00,44,806.345,160,0.012422360248447204,1,1
15793.0,3,965.61,2011-11-25 09:31:00,2011-03-16 10:45:00,15,321.87,253,0.011811023622047244,2,0
15795.0,1,610.01,2011-07-13 10:43:00,2011-07-13 10:43:00,150,610.01,0,1.0,2,0
15796.0,8,2711.56,2011-12-08 19:55:00,2011-02-10 15:40:00,1,338.945,301,0.026490066225165563,1,1
15797.0,4,2207.4,2011-08-18 17:04:00,2011-01-24 15:47:00,113,551.85,206,0.01932367149758454,1,1
15799.0,3,884.14,2011-09-25 12:46:00,2011-01-09 15:13:00,76,294.7133333333333,258,0.011583011583011582,2,0
15800.0,2,699.08,2011-08-24 14:23:00,2011-04-07 12:39:00,107,349.54,139,0.014285714285714285,2,0
15801.0,3,1063.95,2011-10-24 13:52:00,2011-08-22 09:53:00,46,354.65000000000003,63,0.046875,2,0
15802.0,1,451.42,2011-07-20 11:38:00,2011-07-20 11:38:00,143,451.42,0,1.0,2,0
15803.0,1,415.82000000000005,2011-10-19 14:56:00,2011-10-19 14:56:00,51,415.82000000000005,0,1.0,2,0
15804.0,13,4206.39,2011-12-09 12:31:00,2011-05-25 10:12:00,1,323.5684615384616,198,0.06532663316582915,1,1
15805.0,17,5528.4800000000005,2011-11-16 16:32:00,2010-12-10 09:33:00,23,325.204705882353,341,0.049707602339181284,1,1
15806.0,3,784.58,2011-10-24 14:35:00,2011-03-08 09:24:00,46,261.5266666666667,230,0.012987012987012988,2,0
15807.0,3,903.9,2011-10-20 14:10:00,2011-09-23 14:43:00,50,301.3,26,0.1111111111111111,2,0
15808.0,4,3734.9700000000003,2011-02-06 14:33:00,2010-12-05 13:05:00,306,933.7425000000001,63,0.0625,1,1
15809.0,5,515.77,2011-11-03 16:40:00,2011-02-10 11:16:00,36,103.154,266,0.018726591760299626,2,0
15810.0,4,1391.98,2011-09-22 09:38:00,2011-02-16 09:11:00,79,347.995,218,0.0182648401826484,2,0
15811.0,6,2218.62,2011-11-17 15:31:00,2010-12-09 15:29:00,22,369.77,343,0.01744186046511628,1,1
15812.0,5,1801.14,2011-08-24 14:19:00,2011-01-26 12:12:00,107,360.228,210,0.023696682464454975,1,1
15813.0,2,1303.9099999999999,2011-05-16 08:13:00,2011-04-14 09:09:00,208,651.9549999999999,31,0.0625,2,0
15814.0,4,1945.3300000000002,2011-11-23 08:17:00,2011-10-20 09:04:00,17,486.33250000000004,33,0.11764705882352941,1,1
15815.0,5,2100.6,2011-10-07 12:42:00,2011-03-25 08:43:00,64,420.12,196,0.025380710659898477,1,1
15819.0,4,1905.45,2011-10-21 14:50:00,2011-03-08 09:45:00,49,476.3625,227,0.017543859649122806,1,1
15820.0,1,206.98,2011-01-24 12:00:00,2011-01-24 12:00:00,320,206.98,0,1.0,2,0
15821.0,2,570.96,2011-10-26 15:48:00,2011-10-09 13:28:00,44,285.48,17,0.1111111111111111,2,0
15822.0,2,885.47,2011-12-06 14:50:00,2010-12-15 13:38:00,3,442.735,356,0.0056022408963585435,2,0
15823.0,1,15.0,2010-12-02 15:08:00,2010-12-02 15:08:00,372,15.0,0,1.0,2,0
15825.0,1,532.94,2011-06-20 13:27:00,2011-06-20 13:27:00,172,532.94,0,1.0,2,0
15826.0,3,1654.31,2011-10-14 16:05:00,2011-05-13 10:44:00,56,551.4366666666666,154,0.01935483870967742,1,1
15827.0,14,1836.09,2011-09-27 15:35:00,2010-12-02 13:06:00,73,131.1492857142857,299,0.04666666666666667,1,1
15829.0,2,636.14,2011-09-01 16:45:00,2011-07-22 10:23:00,99,318.07,41,0.047619047619047616,2,0
15830.0,1,576.0,2011-11-02 10:40:00,2011-11-02 10:40:00,38,576.0,0,1.0,2,0
15831.0,3,801.76,2011-10-12 13:14:00,2011-01-19 14:52:00,58,267.25333333333333,265,0.011278195488721804,2,0
15832.0,1,836.79,2011-03-30 15:29:00,2011-03-30 15:29:00,254,836.79,0,1.0,2,0
15834.0,4,2233.75,2011-09-30 14:41:00,2011-03-07 17:52:00,70,558.4375,206,0.01932367149758454,1,1
15835.0,4,954.09,2011-10-26 15:47:00,2011-01-13 10:35:00,44,238.5225,286,0.013937282229965157,2,0
15836.0,1,137.37,2011-10-20 17:13:00,2011-10-20 17:13:00,50,137.37,0,1.0,2,0
15837.0,1,391.98,2011-10-06 09:01:00,2011-10-06 09:01:00,65,391.98,0,1.0,2,0
15839.0,3,1048.49,2011-11-06 13:54:00,2011-07-14 16:35:00,33,349.49666666666667,114,0.02608695652173913,2,0
15840.0,2,355.56,2011-10-12 09:08:00,2011-06-20 11:42:00,59,177.78,113,0.017543859649122806,2,0
15841.0,4,1224.06,2011-09-28 12:15:00,2011-01-05 11:25:00,73,306.015,266,0.0149812734082397,2,0
15843.0,1,118.95,2011-02-09 10:19:00,2011-02-09 10:19:00,304,118.95,0,1.0,2,0
15844.0,1,130.73999999999998,2011-10-24 15:19:00,2011-10-24 15:19:00,46,130.73999999999998,0,1.0,2,0
15845.0,8,3711.77,2011-11-22 09:42:00,2011-01-06 17:19:00,18,463.97125,319,0.025,1,1
15847.0,2,389.27,2011-11-01 14:41:00,2011-02-24 16:46:00,38,194.635,249,0.008,2,0
15850.0,2,238.85,2011-11-20 14:14:00,2011-06-24 14:16:00,19,119.425,148,0.013422818791946308,2,0
15852.0,2,160.71,2011-06-06 11:22:00,2011-05-26 13:26:00,187,80.355,10,0.18181818181818182,2,0
15853.0,1,110.8,2011-10-19 10:38:00,2011-10-19 10:38:00,52,110.8,0,1.0,2,0
15854.0,12,2974.65,2011-12-05 13:39:00,2010-12-13 11:47:00,4,247.88750000000002,357,0.0335195530726257,1,1
15855.0,5,712.24,2011-07-26 10:20:00,2011-03-21 12:32:00,137,142.448,126,0.03937007874015748,2,0
15856.0,27,16387.57,2011-12-05 17:09:00,2010-12-09 13:34:00,4,606.947037037037,361,0.07458563535911603,0,2
15857.0,1,297.0,2011-11-21 12:18:00,2011-11-21 12:18:00,19,297.0,0,1.0,2,0
15858.0,5,1438.85,2011-11-24 12:48:00,2010-12-07 14:31:00,16,287.77,351,0.014204545454545454,1,1
15860.0,8,977.21,2011-10-30 11:25:00,2010-12-06 11:38:00,41,122.15125,327,0.024390243902439025,1,1
15861.0,8,3165.36,2011-11-27 15:59:00,2011-03-17 20:12:00,12,395.67,254,0.03137254901960784,1,1
15862.0,4,832.88,2011-12-01 13:28:00,2010-12-01 11:21:00,8,208.22,365,0.01092896174863388,2,0
15863.0,2,68.84,2011-11-14 12:49:00,2011-05-31 11:36:00,26,34.42,167,0.011904761904761904,2,0
15864.0,6,1936.32,2011-11-17 13:32:00,2011-01-27 16:43:00,22,322.71999999999997,293,0.02040816326530612,1,1
15865.0,3,895.13,2011-10-30 12:43:00,2011-05-10 11:44:00,41,298.37666666666667,173,0.017241379310344827,2,0
15866.0,1,230.53,2011-08-30 14:09:00,2011-08-30 14:09:00,101,230.53,0,1.0,2,0
15867.0,15,3812.64,2011-12-04 13:32:00,2010-12-05 14:17:00,5,254.176,363,0.04120879120879121,1,1
15869.0,2,149.64,2011-03-07 17:23:00,2011-03-07 17:19:00,277,74.82,0,2.0,2,0
15870.0,1,354.09000000000003,2011-11-07 10:58:00,2011-11-07 10:58:00,33,354.09000000000003,0,1.0,2,0
15872.0,2,360.93,2011-11-25 11:55:00,2011-11-25 11:54:00,15,180.465,0,2.0,2,0
15874.0,7,4405.88,2011-10-07 12:31:00,2011-02-28 13:28:00,64,629.4114285714286,220,0.03167420814479638,1,1
15877.0,2,493.28,2011-12-08 11:53:00,2011-11-22 11:18:00,2,246.64,16,0.11764705882352941,2,0
15880.0,1,343.28,2010-12-05 13:00:00,2010-12-05 13:00:00,369,343.28,0,1.0,2,0
15881.0,5,501.39,2011-01-31 16:59:00,2010-12-10 13:32:00,312,100.27799999999999,52,0.09433962264150944,2,0
15882.0,4,516.36,2011-05-25 11:35:00,2010-12-06 13:01:00,199,129.09,169,0.023529411764705882,2,0
15883.0,2,396.48,2011-12-07 17:05:00,2011-11-06 14:50:00,2,198.24,31,0.0625,2,0
15885.0,3,379.35,2011-09-08 10:43:00,2011-02-03 15:28:00,93,126.45,216,0.013824884792626729,2,0
15886.0,1,181.09,2011-10-10 14:25:00,2011-10-10 14:25:00,60,181.09,0,1.0,2,0
15888.0,1,168.31,2011-09-20 12:30:00,2011-09-20 12:30:00,81,168.31,0,1.0,2,0
15889.0,2,446.87,2011-07-06 11:10:00,2010-12-05 15:12:00,157,223.435,212,0.009389671361502348,2,0
15891.0,1,524.52,2011-04-27 12:35:00,2011-04-27 12:35:00,227,524.52,0,1.0,2,0
15894.0,2,263.55,2011-03-31 13:50:00,2010-12-05 14:06:00,253,131.775,115,0.017241379310344827,2,0
15895.0,1,179.17,2011-07-13 10:27:00,2011-07-13 10:27:00,150,179.17,0,1.0,2,0
15897.0,2,222.05,2011-05-29 13:50:00,2011-05-29 13:32:00,194,111.025,0,2.0,2,0
15898.0,5,1388.88,2011-12-08 15:23:00,2010-12-06 11:01:00,1,277.776,367,0.01358695652173913,1,1
15899.0,1,56.25,2010-12-06 10:36:00,2010-12-06 10:36:00,369,56.25,0,1.0,2,0
15900.0,1,351.11,2011-11-16 12:19:00,2011-11-16 12:19:00,24,351.11,0,1.0,2,0
15901.0,3,363.88,2011-11-23 12:43:00,2011-07-08 12:18:00,17,121.29333333333334,138,0.02158273381294964,2,0
15903.0,7,5126.76,2011-11-30 08:08:00,2011-02-17 14:04:00,10,732.3942857142857,285,0.024475524475524476,1,1
15904.0,1,164.68,2011-12-01 14:50:00,2011-12-01 14:50:00,8,164.68,0,1.0,2,0
15906.0,7,1567.69,2011-11-20 12:24:00,2011-03-29 13:28:00,20,223.9557142857143,235,0.029661016949152543,1,1
15907.0,3,967.45,2011-12-06 12:21:00,2011-05-13 13:01:00,4,322.48333333333335,206,0.014492753623188406,2,0
15909.0,1,191.94,2011-06-19 10:38:00,2011-06-19 10:38:00,174,191.94,0,1.0,2,0
15910.0,8,1232.18,2011-12-09 10:51:00,2011-01-27 11:55:00,1,154.0225,315,0.02531645569620253,1,1
15912.0,2,264.62,2011-06-14 14:29:00,2011-04-20 17:10:00,178,132.31,54,0.03636363636363636,2,0
15916.0,8,1528.09,2011-11-23 13:46:00,2010-12-08 13:07:00,16,191.01125,350,0.022792022792022793,1,1
15917.0,1,123.1,2011-04-06 10:40:00,2011-04-06 10:40:00,248,123.1,0,1.0,2,0
15918.0,2,334.23,2011-06-02 11:42:00,2011-03-13 15:55:00,191,167.115,80,0.024691358024691357,2,0
15919.0,2,639.89,2011-11-20 11:28:00,2010-12-06 11:26:00,20,319.945,349,0.005714285714285714,2,0
15921.0,1,336.03000000000003,2011-06-20 11:03:00,2011-06-20 11:03:00,173,336.03000000000003,0,1.0,2,0
15922.0,1,369.5,2010-12-01 13:51:00,2010-12-01 13:51:00,373,369.5,0,1.0,2,0
15923.0,1,127.08,2010-12-02 12:16:00,2010-12-02 12:16:00,373,127.08,0,1.0,2,0
15925.0,1,207.15,2011-05-29 15:35:00,2011-05-29 15:35:00,194,207.15,0,1.0,2,0
15930.0,1,426.63,2011-10-03 14:52:00,2011-10-03 14:52:00,67,426.63,0,1.0,2,0
15932.0,8,2495.87,2011-12-05 17:13:00,2011-02-23 14:50:00,4,311.98375,285,0.027972027972027972,1,1
15933.0,3,1107.46,2011-11-18 13:14:00,2011-09-14 12:05:00,21,369.15333333333336,65,0.045454545454545456,2,0
15935.0,2,416.86,2011-04-14 13:27:00,2011-04-12 09:35:00,239,208.43,2,0.6666666666666666,2,0
15937.0,1,145.35000000000002,2011-10-06 15:48:00,2011-10-06 15:48:00,64,145.35000000000002,0,1.0,2,0
15938.0,5,404.58000000000004,2011-08-19 12:56:00,2011-01-20 10:11:00,112,80.91600000000001,211,0.02358490566037736,2,0
15939.0,15,6115.01,2011-09-11 11:30:00,2011-01-12 12:43:00,90,407.6673333333334,241,0.06198347107438017,0,2
15940.0,1,35.8,2011-02-01 16:18:00,2011-02-01 16:18:00,311,35.8,0,1.0,2,0
15942.0,1,337.44,2011-07-29 09:01:00,2011-07-29 09:01:00,134,337.44,0,1.0,2,0
15944.0,1,325.1,2011-03-08 10:33:00,2011-03-08 10:33:00,277,325.1,0,1.0,2,0
15945.0,1,181.0,2010-12-09 13:14:00,2010-12-09 13:14:00,365,181.0,0,1.0,2,0
15947.0,1,1708.24,2011-09-18 10:46:00,2011-09-18 10:46:00,83,1708.24,0,1.0,1,1
15948.0,2,955.24,2011-12-01 15:32:00,2011-10-27 08:35:00,8,477.62,35,0.05555555555555555,2,0
15949.0,2,364.72,2011-11-23 09:09:00,2011-09-29 17:34:00,17,182.36,54,0.03636363636363636,2,0
15950.0,4,1765.51,2011-11-08 11:09:00,2010-12-15 11:56:00,32,441.3775,327,0.012195121951219513,1,1
15951.0,2,708.22,2011-12-01 08:34:00,2011-02-27 11:57:00,9,354.11,276,0.007220216606498195,2,0
15952.0,4,806.57,2011-11-06 11:18:00,2011-04-28 12:55:00,34,201.6425,191,0.020833333333333332,2,0
15953.0,8,1659.3799999999999,2011-11-24 15:32:00,2010-12-05 15:15:00,15,207.42249999999999,354,0.022535211267605635,1,1
15955.0,14,4416.26,2011-11-15 14:15:00,2010-12-02 11:22:00,24,315.44714285714286,348,0.04011461318051576,1,1
15957.0,1,428.89,2011-11-08 12:14:00,2011-11-08 12:14:00,32,428.89,0,1.0,2,0
15958.0,1,104.35,2011-09-26 13:41:00,2011-09-26 13:41:00,74,104.35,0,1.0,2,0
15963.0,2,470.76,2011-11-20 11:33:00,2011-10-25 13:05:00,20,235.38,25,0.07692307692307693,2,0
15965.0,4,845.64,2011-11-22 16:44:00,2010-12-07 13:18:00,17,211.41,350,0.011396011396011397,2,0
15967.0,2,418.83,2011-11-16 15:41:00,2011-01-25 11:57:00,23,209.415,295,0.006756756756756757,2,0
15969.0,3,666.1,2011-12-07 11:06:00,2011-06-07 12:19:00,3,222.03333333333333,182,0.01639344262295082,2,0
15970.0,1,314.09999999999997,2011-02-09 12:08:00,2011-02-09 12:08:00,304,314.09999999999997,0,1.0,2,0
15971.0,12,4199.85,2011-11-22 12:50:00,2011-02-01 16:47:00,18,349.9875,293,0.04081632653061224,1,1
15973.0,1,307.82000000000005,2010-12-08 11:42:00,2010-12-08 11:42:00,367,307.82000000000005,0,1.0,2,0
15974.0,7,3442.15,2011-10-31 13:13:00,2011-02-24 10:10:00,39,491.7357142857143,249,0.028,1,1
15975.0,1,371.01,2011-09-16 13:33:00,2011-09-16 13:33:00,84,371.01,0,1.0,2,0
15976.0,2,430.94,2011-06-27 13:00:00,2011-05-03 17:12:00,165,215.47,54,0.03636363636363636,2,0
15977.0,2,1054.73,2011-11-22 13:29:00,2011-10-31 16:24:00,17,527.365,21,0.09090909090909091,2,0
15978.0,1,1098.78,2011-09-23 15:21:00,2011-09-23 15:21:00,77,1098.78,0,1.0,2,0
15980.0,3,2398.86,2011-09-12 09:41:00,2011-03-30 15:05:00,89,799.62,165,0.018072289156626505,1,1
15981.0,8,3408.48,2011-11-15 08:00:00,2011-02-01 13:50:00,25,426.06,286,0.027874564459930314,1,1
15983.0,4,1475.02,2011-11-17 17:34:00,2010-12-01 12:15:00,22,368.755,351,0.011363636363636364,1,1
15984.0,10,2837.67,2011-12-07 12:16:00,2010-12-06 13:21:00,3,283.767,365,0.0273224043715847,1,1
15985.0,2,1142.42,2011-08-08 16:31:00,2011-04-17 11:04:00,123,571.21,113,0.017543859649122806,2,0
15986.0,1,168.12,2011-11-09 15:17:00,2011-11-09 15:17:00,30,168.12,0,1.0,2,0
15987.0,7,1451.28,2011-11-27 15:38:00,2010-12-06 08:34:00,12,207.32571428571427,356,0.0196078431372549,1,1
15988.0,1,158.03,2011-11-20 13:23:00,2011-11-20 13:23:00,19,158.03,0,1.0,2,0
15990.0,2,792.11,2011-10-26 15:58:00,2011-02-25 15:35:00,44,396.055,243,0.00819672131147541,2,0
15992.0,1,41.989999999999995,2011-12-06 11:00:00,2011-12-06 11:00:00,4,41.989999999999995,0,1.0,2,0
15993.0,7,2797.57,2011-12-01 10:45:00,2011-10-26 16:21:00,9,399.65285714285716,35,0.19444444444444445,1,1
15994.0,1,427.07,2011-10-16 12:28:00,2011-10-16 12:28:00,55,427.07,0,1.0,2,0
15996.0,6,1060.68,2011-09-12 15:14:00,2010-12-08 15:59:00,88,176.78,277,0.02158273381294964,1,1
15998.0,5,3089.97,2011-11-03 12:45:00,2010-12-12 13:32:00,37,617.9939999999999,325,0.015337423312883436,1,1
16003.0,5,2735.37,2011-11-10 09:57:00,2010-12-15 12:09:00,30,547.074,329,0.015151515151515152,1,1
16005.0,4,615.39,2011-11-27 13:47:00,2011-03-14 11:46:00,12,153.8475,258,0.015444015444015444,2,0
16006.0,1,101.4,2011-05-12 13:12:00,2011-05-12 13:12:00,211,101.4,0,1.0,2,0
16007.0,4,1701.94,2011-10-23 11:05:00,2011-05-08 13:32:00,48,425.485,167,0.023809523809523808,1,1
16008.0,3,478.78,2011-11-16 10:32:00,2011-05-19 10:54:00,24,159.59333333333333,180,0.016574585635359115,2,0
16009.0,4,992.71,2011-11-17 16:51:00,2011-07-03 11:26:00,22,248.1775,137,0.028985507246376812,2,0
16010.0,3,407.5,2011-04-08 10:14:00,2010-12-12 12:18:00,246,135.83333333333334,116,0.02564102564102564,2,0
16011.0,16,3362.71,2011-12-01 16:31:00,2010-12-08 16:34:00,8,210.169375,357,0.0446927374301676,1,1
16012.0,3,1415.29,2011-11-04 13:25:00,2011-07-07 18:02:00,35,471.7633333333333,119,0.025,2,0
16014.0,3,662.38,2011-11-02 12:04:00,2011-02-21 17:42:00,38,220.79333333333332,253,0.011811023622047244,2,0
16015.0,3,705.39,2011-12-06 10:58:00,2011-10-21 12:56:00,4,235.13,45,0.06521739130434782,2,0
16016.0,8,1508.76,2011-12-06 14:35:00,2010-12-08 12:36:00,3,188.595,363,0.02197802197802198,1,1
16017.0,1,211.88,2011-10-23 12:56:00,2011-10-23 12:56:00,47,211.88,0,1.0,2,0
16018.0,2,408.9,2011-10-31 14:13:00,2011-06-12 13:52:00,39,204.45,141,0.014084507042253521,2,0
16019.0,9,3786.24,2011-10-24 11:51:00,2010-12-10 12:29:00,47,420.6933333333333,317,0.02830188679245283,1,1
16020.0,3,851.01,2011-11-23 11:18:00,2011-10-05 13:54:00,17,283.67,48,0.061224489795918366,2,0
16022.0,1,628.28,2011-03-24 13:16:00,2011-03-24 13:16:00,260,628.28,0,1.0,2,0
16023.0,3,719.81,2011-10-24 16:34:00,2011-03-18 13:32:00,46,239.93666666666664,220,0.013574660633484163,2,0
16024.0,1,251.24,2011-11-27 13:26:00,2011-11-27 13:26:00,12,251.24,0,1.0,2,0
16025.0,1,439.65999999999997,2011-11-10 11:45:00,2011-11-10 11:45:00,30,439.65999999999997,0,1.0,2,0
16026.0,1,236.09,2011-10-27 13:53:00,2011-10-27 13:53:00,43,236.09,0,1.0,2,0
16027.0,6,934.62,2011-09-09 10:47:00,2011-02-10 12:19:00,92,155.77,210,0.02843601895734597,2,0
16030.0,1,331.24,2011-02-03 11:28:00,2011-02-03 11:28:00,310,331.24,0,1.0,2,0
16031.0,2,548.94,2011-09-08 13:07:00,2011-04-06 14:23:00,92,274.47,154,0.012903225806451613,2,0
16033.0,20,8816.4,2011-12-04 12:44:00,2010-12-05 10:36:00,6,440.82,364,0.0547945205479452,0,2
16034.0,3,437.70000000000005,2011-05-27 16:17:00,2011-01-11 11:54:00,196,145.9,136,0.021897810218978103,2,0
16036.0,2,758.9200000000001,2011-09-13 14:53:00,2011-03-21 13:01:00,87,379.46000000000004,176,0.011299435028248588,2,0
16037.0,3,855.02,2011-03-15 09:13:00,2010-12-16 10:18:00,270,285.00666666666666,88,0.033707865168539325,2,0
16038.0,3,471.78,2011-12-02 12:40:00,2011-05-22 11:29:00,8,157.26,194,0.015384615384615385,2,0
16040.0,3,1313.55,2011-10-05 13:47:00,2011-03-16 09:58:00,65,437.84999999999997,203,0.014705882352941176,2,0
16041.0,3,3166.4,2011-11-09 12:25:00,2011-07-21 16:27:00,31,1055.4666666666667,110,0.02702702702702703,1,1
16042.0,5,1197.27,2011-11-17 17:50:00,2011-01-11 13:25:00,22,239.454,310,0.01607717041800643,1,1
16043.0,4,773.99,2011-11-02 12:50:00,2011-01-26 11:14:00,38,193.4975,280,0.014234875444839857,2,0
16045.0,4,1340.7,2011-08-12 12:41:00,2011-02-22 14:55:00,120,335.175,170,0.023391812865497075,2,0
16048.0,2,256.44,2010-12-01 15:28:00,2010-12-01 15:27:00,373,128.22,0,2.0,2,0
16049.0,3,1111.79,2011-10-30 13:19:00,2011-09-25 14:33:00,40,370.59666666666664,34,0.08571428571428572,2,0
16050.0,1,137.9,2011-06-19 11:44:00,2011-06-19 11:44:00,174,137.9,0,1.0,2,0
16052.0,1,362.06,2011-10-16 15:13:00,2011-10-16 15:13:00,54,362.06,0,1.0,2,0
16053.0,2,1511.95,2011-11-07 11:21:00,2011-08-09 14:57:00,33,755.975,89,0.022222222222222223,2,0
16054.0,1,783.9,2011-07-17 13:08:00,2011-07-17 13:08:00,145,783.9,0,1.0,2,0
16055.0,1,134.8,2011-05-03 09:26:00,2011-05-03 09:26:00,221,134.8,0,1.0,2,0
16056.0,1,664.85,2011-10-25 15:19:00,2011-10-25 15:19:00,45,664.85,0,1.0,2,0
16057.0,7,2263.12,2011-11-23 15:23:00,2011-02-28 10:35:00,16,323.30285714285714,268,0.026022304832713755,1,1
16059.0,6,1459.8600000000001,2011-10-05 09:56:00,2010-12-07 10:36:00,66,243.31000000000003,301,0.019867549668874173,1,1
16062.0,4,1153.62,2011-11-30 12:15:00,2010-12-10 12:00:00,10,288.405,355,0.011235955056179775,1,1
16063.0,1,335.32,2011-03-24 14:56:00,2011-03-24 14:55:00,260,335.32,0,1.0,2,0
16065.0,1,372.09,2010-12-09 13:03:00,2010-12-09 13:03:00,365,372.09,0,1.0,2,0
16066.0,5,1521.87,2011-11-23 11:54:00,2011-08-07 14:33:00,17,304.37399999999997,107,0.046296296296296294,1,1
16070.0,2,852.15,2011-11-17 15:50:00,2011-11-07 16:36:00,22,426.075,9,0.2,2,0
16071.0,1,326.24,2011-10-26 11:14:00,2011-10-26 11:14:00,45,326.24,0,1.0,2,0
16072.0,1,584.3199999999999,2011-02-24 14:32:00,2011-02-24 14:32:00,288,584.3199999999999,0,1.0,2,0
16073.0,1,122.4,2011-02-15 15:41:00,2011-02-15 15:41:00,297,122.4,0,1.0,2,0
16076.0,10,2234.73,2011-12-06 14:59:00,2011-05-15 12:31:00,3,223.473,205,0.04854368932038835,1,1
16078.0,1,79.2,2011-03-01 09:47:00,2011-03-01 09:47:00,284,79.2,0,1.0,2,0
16079.0,3,1352.0,2011-11-23 12:48:00,2011-10-30 13:06:00,17,450.6666666666667,23,0.125,2,0
16080.0,2,217.16,2011-09-19 10:42:00,2011-03-10 14:44:00,82,108.58,192,0.010362694300518135,2,0
16081.0,5,2806.9,2011-10-14 13:06:00,2010-12-08 11:16:00,56,561.38,310,0.01607717041800643,1,1
16083.0,2,1317.62,2011-08-31 10:47:00,2010-12-14 11:51:00,101,658.81,259,0.007692307692307693,2,0
16084.0,1,436.18,2011-02-13 16:05:00,2011-02-13 16:05:00,299,436.18,0,1.0,2,0
16085.0,5,981.51,2011-11-16 13:24:00,2011-01-23 12:07:00,23,196.302,297,0.016778523489932886,2,0
16086.0,5,1121.39,2011-10-11 13:09:00,2010-12-07 13:45:00,59,224.27800000000002,307,0.016233766233766232,2,0
16091.0,2,315.06,2011-07-08 08:45:00,2011-05-25 09:18:00,155,157.53,43,0.045454545454545456,2,0
16092.0,3,817.86,2011-08-17 10:46:00,2011-03-30 15:38:00,115,272.62,139,0.02142857142857143,2,0
16093.0,1,17.0,2011-08-25 11:09:00,2011-08-25 11:09:00,107,17.0,0,1.0,2,0
16094.0,4,1078.23,2011-11-28 12:45:00,2011-05-04 13:57:00,12,269.5575,207,0.019230769230769232,2,0
16096.0,1,320.62,2011-03-20 13:38:00,2011-03-20 13:38:00,264,320.62,0,1.0,2,0
16097.0,1,185.04999999999998,2011-04-13 13:47:00,2011-04-13 13:47:00,240,185.04999999999998,0,1.0,2,0
16098.0,7,2005.63,2011-09-13 09:59:00,2010-12-01 09:45:00,88,286.5185714285714,286,0.024390243902439025,1,1
16099.0,3,731.9,2011-10-20 13:13:00,2011-04-28 08:34:00,50,243.96666666666667,175,0.017045454545454544,2,0
16101.0,1,1290.7,2011-09-30 10:18:00,2011-09-30 10:18:00,71,1290.7,0,1.0,2,0
16102.0,3,1842.14,2011-10-28 13:19:00,2011-08-03 12:50:00,42,614.0466666666667,86,0.034482758620689655,1,1
16103.0,6,1429.64,2011-12-02 14:16:00,2011-04-20 12:28:00,7,238.27333333333334,226,0.02643171806167401,1,1
16104.0,1,302.36,2011-10-09 10:23:00,2011-10-09 10:23:00,62,302.36,0,1.0,2,0
16105.0,1,336.96,2011-04-05 10:13:00,2011-04-05 10:13:00,249,336.96,0,1.0,2,0
16106.0,1,108.38,2011-10-05 10:37:00,2011-10-05 10:37:00,66,108.38,0,1.0,2,0
16107.0,7,3204.1600000000003,2011-11-22 09:40:00,2011-06-09 18:42:00,18,457.7371428571429,165,0.04216867469879518,1,1
16108.0,1,842.5,2011-09-16 11:48:00,2011-09-16 11:48:00,85,842.5,0,1.0,2,0
16109.0,2,611.88,2011-05-05 09:17:00,2011-02-04 12:37:00,219,305.94,89,0.022222222222222223,2,0
16110.0,3,1337.48,2011-10-25 14:35:00,2011-02-01 14:01:00,45,445.82666666666665,266,0.011235955056179775,2,0
16112.0,4,195.74,2011-07-19 14:28:00,2011-01-05 11:47:00,143,48.935,195,0.02040816326530612,2,0
16113.0,1,161.38,2011-06-09 16:16:00,2011-06-09 16:16:00,183,161.38,0,1.0,2,0
16114.0,1,135.75000000000003,2011-06-22 10:13:00,2011-06-22 10:13:00,171,135.75000000000003,0,1.0,2,0
16115.0,8,1667.97,2011-11-30 11:32:00,2011-02-20 12:14:00,10,208.49625,282,0.028268551236749116,1,1
16116.0,1,612.78,2011-05-12 12:01:00,2011-05-12 12:01:00,212,612.78,0,1.0,2,0
16117.0,1,232.21,2011-06-03 11:42:00,2011-06-03 11:42:00,190,232.21,0,1.0,2,0
16119.0,2,423.36,2011-12-01 15:11:00,2011-09-28 10:15:00,8,211.68,64,0.03076923076923077,2,0
16121.0,2,867.11,2011-10-13 12:59:00,2011-05-08 11:52:00,57,433.555,158,0.012578616352201259,2,0
16122.0,4,684.42,2011-09-27 15:34:00,2010-12-08 11:41:00,73,171.105,293,0.013605442176870748,2,0
16123.0,1,307.78000000000003,2011-10-19 09:18:00,2011-10-19 09:18:00,52,307.78000000000003,0,1.0,2,0
16124.0,1,249.0,2011-01-26 14:45:00,2011-01-26 14:45:00,317,249.0,0,1.0,2,0
16125.0,1,289.35,2010-12-07 15:48:00,2010-12-07 15:48:00,367,289.35,0,1.0,2,0
16126.0,4,6287.77,2011-11-10 16:03:00,2011-02-16 11:18:00,29,1571.9425,267,0.014925373134328358,0,2
16127.0,1,656.25,2011-10-31 13:58:00,2011-10-31 13:58:00,39,656.25,0,1.0,2,0
16128.0,5,1880.22,2011-11-22 11:14:00,2011-03-02 12:21:00,18,376.044,264,0.018867924528301886,1,1
16131.0,6,3506.54,2011-10-19 11:53:00,2011-04-14 08:32:00,52,584.4233333333333,188,0.031746031746031744,1,1
16134.0,2,618.09,2011-11-18 10:05:00,2010-12-15 14:00:00,22,309.045,337,0.005917159763313609,2,0
16135.0,1,517.55,2011-03-22 12:30:00,2011-03-22 12:30:00,263,517.55,0,1.0,2,0
16136.0,3,709.38,2011-10-11 09:10:00,2011-03-07 09:52:00,60,236.46,217,0.013761467889908258,2,0
16139.0,3,635.4100000000001,2011-11-21 08:37:00,2011-05-17 10:23:00,19,211.80333333333337,187,0.015957446808510637,2,0
16140.0,2,725.1800000000001,2011-10-05 12:15:00,2010-12-03 14:40:00,66,362.59000000000003,305,0.006535947712418301,2,0
16141.0,1,620.4,2011-09-12 13:11:00,2011-09-12 13:11:00,88,620.4,0,1.0,2,0
16142.0,1,535.34,2011-04-04 10:16:00,2011-04-04 10:16:00,250,535.34,0,1.0,2,0
16143.0,6,2424.94,2011-12-06 14:13:00,2010-12-05 15:18:00,3,404.1566666666667,365,0.01639344262295082,1,1
16144.0,1,175.2,2011-04-07 10:09:00,2011-04-07 10:09:00,247,175.2,0,1.0,2,0
16145.0,11,3799.4900000000002,2011-12-01 10:33:00,2010-12-15 09:09:00,9,345.40818181818184,351,0.03125,1,1
16146.0,3,734.13,2011-07-05 14:20:00,2011-04-21 15:25:00,157,244.71,74,0.04,2,0
16147.0,1,375.0,2011-07-29 09:57:00,2011-07-29 09:57:00,134,375.0,0,1.0,2,0
16148.0,1,76.32000000000001,2011-02-16 14:01:00,2011-02-16 14:01:00,296,76.32000000000001,0,1.0,2,0
16149.0,2,280.52,2011-12-05 11:29:00,2011-07-20 14:54:00,5,140.26,137,0.014492753623188406,2,0
16150.0,5,2053.02,2011-10-28 12:39:00,2010-12-02 18:27:00,43,410.604,329,0.015151515151515152,1,1
16152.0,1,1829.04,2011-03-16 09:47:00,2011-03-16 09:47:00,269,1829.04,0,1.0,1,1
16153.0,5,1824.23,2011-10-21 10:50:00,2010-12-20 09:22:00,50,364.846,305,0.016339869281045753,1,1
16156.0,9,3122.04,2011-12-01 12:42:00,2011-02-02 12:02:00,9,346.8933333333333,302,0.0297029702970297,1,1
16157.0,3,656.69,2011-11-24 11:41:00,2011-09-28 11:48:00,16,218.89666666666668,56,0.05263157894736842,2,0
16159.0,1,348.2,2011-03-03 12:27:00,2011-03-03 12:27:00,282,348.2,0,1.0,2,0
16160.0,2,1025.44,2011-10-05 14:19:00,2011-09-15 10:53:00,65,512.72,20,0.09523809523809523,2,0
16161.0,19,5575.56,2011-12-08 12:10:00,2010-12-06 10:03:00,2,293.4505263157895,367,0.051630434782608696,0,2
16162.0,1,37.4,2011-04-01 15:03:00,2011-04-01 15:03:00,252,37.4,0,1.0,2,0
16163.0,2,856.6,2011-04-21 15:15:00,2010-12-09 16:28:00,232,428.3,132,0.015037593984962405,2,0
16164.0,3,822.48,2011-11-22 15:04:00,2011-10-28 09:12:00,17,274.16,25,0.11538461538461539,2,0
16168.0,27,3787.6,2011-11-29 12:45:00,2010-12-05 11:38:00,11,140.28148148148148,359,0.075,1,1
16169.0,4,1822.97,2011-12-01 15:28:00,2011-09-25 11:33:00,8,455.7425,67,0.058823529411764705,1,1
16170.0,6,1885.05,2011-10-20 08:21:00,2011-04-05 13:42:00,51,314.175,197,0.030303030303030304,1,1
16171.0,1,73.19999999999999,2011-10-11 14:51:00,2011-10-11 14:51:00,59,73.19999999999999,0,1.0,2,0
16172.0,5,1140.21,2011-09-05 13:22:00,2011-04-12 12:02:00,95,228.042,146,0.034013605442176874,2,0
16173.0,6,1418.32,2011-11-24 10:53:00,2011-09-02 15:23:00,16,236.38666666666666,82,0.07228915662650602,1,1
16174.0,3,1009.55,2011-08-05 13:26:00,2011-07-11 09:23:00,126,336.51666666666665,25,0.11538461538461539,2,0
16175.0,4,1037.5900000000001,2011-09-06 14:32:00,2011-04-13 14:38:00,94,259.39750000000004,145,0.0273972602739726,2,0
16177.0,1,331.95,2011-10-20 12:57:00,2011-10-20 12:57:00,50,331.95,0,1.0,2,0
16178.0,1,197.9,2011-07-24 16:05:00,2011-07-24 16:05:00,138,197.9,0,1.0,2,0
16179.0,1,215.83,2011-10-10 09:41:00,2011-10-10 09:41:00,61,215.83,0,1.0,2,0
16180.0,8,10254.18,2011-08-31 16:28:00,2011-04-01 10:23:00,100,1281.7725,152,0.05228758169934641,0,2
16181.0,1,305.54,2011-09-27 13:38:00,2011-09-27 13:38:00,73,305.54,0,1.0,2,0
16182.0,4,6617.65,2011-09-28 13:23:00,2011-02-18 10:11:00,72,1654.4125,222,0.017937219730941704,0,2
16183.0,1,338.71000000000004,2011-10-03 14:59:00,2011-10-03 14:59:00,67,338.71000000000004,0,1.0,2,0
16184.0,6,1158.79,2011-10-06 17:43:00,2011-05-12 13:33:00,64,193.13166666666666,147,0.04054054054054054,2,0
16185.0,2,529.41,2011-11-23 09:41:00,2011-04-21 11:59:00,17,264.705,215,0.009259259259259259,2,0
16186.0,12,4006.94,2011-11-17 12:43:00,2010-12-02 14:40:00,23,333.9116666666667,349,0.03428571428571429,1,1
16187.0,15,6911.4400000000005,2011-11-08 09:50:00,2011-02-28 13:34:00,32,460.7626666666667,252,0.05928853754940711,0,2
16188.0,4,981.86,2011-10-26 12:19:00,2011-04-11 09:44:00,45,245.465,198,0.020100502512562814,2,0
16189.0,2,215.48,2011-11-24 11:47:00,2011-09-15 15:21:00,16,107.74,69,0.02857142857142857,2,0
16190.0,1,215.08,2011-10-30 15:59:00,2011-10-30 15:59:00,40,215.08,0,1.0,2,0
16191.0,13,5180.52,2011-12-07 11:26:00,2010-12-14 12:38:00,3,398.5015384615385,357,0.036312849162011177,1,1
16193.0,1,314.45,2011-04-17 11:45:00,2011-04-17 11:45:00,237,314.45,0,1.0,2,0
16198.0,1,400.68100000000004,2011-09-25 14:58:00,2011-09-25 14:58:00,75,400.68100000000004,0,1.0,2,0
16200.0,2,1080.6200000000001,2011-12-05 14:40:00,2011-06-28 15:47:00,4,540.3100000000001,159,0.0125,2,0
16201.0,4,1863.47,2011-12-06 16:02:00,2011-08-22 10:47:00,3,465.8675,106,0.037383177570093455,1,1
16202.0,1,365.27,2010-12-14 10:43:00,2010-12-14 10:43:00,361,365.27,0,1.0,2,0
16203.0,4,592.9,2011-10-12 12:31:00,2010-12-02 15:39:00,59,148.225,313,0.012738853503184714,2,0
16204.0,1,405.71,2011-11-16 13:40:00,2011-11-16 13:40:00,23,405.71,0,1.0,2,0
16205.0,4,761.38,2011-11-09 09:32:00,2011-06-13 11:33:00,31,190.345,148,0.026845637583892617,2,0
16206.0,4,537.0600000000001,2011-10-16 10:41:00,2011-01-16 11:07:00,55,134.26500000000001,272,0.014652014652014652,2,0
16207.0,1,394.38,2011-11-14 13:51:00,2011-11-14 13:51:00,25,394.38,0,1.0,2,0
16208.0,2,664.26,2011-10-26 11:36:00,2011-02-23 13:37:00,45,332.13,244,0.00816326530612245,2,0
16209.0,5,2262.62,2011-09-12 11:58:00,2011-04-07 12:23:00,89,452.524,157,0.03164556962025317,1,1
16210.0,18,21086.3,2011-12-08 12:36:00,2010-12-01 12:27:00,2,1171.461111111111,372,0.04825737265415549,0,2
16211.0,1,547.02,2011-09-12 12:11:00,2011-09-12 12:11:00,89,547.02,0,1.0,2,0
16212.0,2,690.34,2011-11-20 13:00:00,2011-03-01 12:51:00,19,345.17,264,0.007547169811320755,2,0
16213.0,1,159.0,2011-09-22 10:03:00,2011-09-22 10:03:00,79,159.0,0,1.0,2,0
16214.0,3,1062.75,2011-06-22 11:30:00,2011-03-15 13:23:00,171,354.25,98,0.030303030303030304,2,0
16215.0,1,242.35,2011-09-20 10:18:00,2011-09-20 10:18:00,81,242.35,0,1.0,2,0
16216.0,1,914.9300000000001,2011-03-17 15:34:00,2011-03-17 15:34:00,267,914.9300000000001,0,1.0,2,0
16217.0,2,304.25,2011-04-18 13:31:00,2011-03-02 15:28:00,235,152.125,46,0.0425531914893617,2,0
16218.0,7,3084.68,2011-11-10 09:59:00,2010-12-01 11:29:00,30,440.6685714285714,343,0.020348837209302327,1,1
16221.0,3,864.86,2011-11-03 11:43:00,2010-12-07 13:13:00,37,288.2866666666667,330,0.00906344410876133,2,0
16222.0,1,846.72,2011-01-25 13:38:00,2011-01-25 13:38:00,318,846.72,0,1.0,2,0
16224.0,4,1295.3,2011-10-13 17:51:00,2011-04-04 12:00:00,57,323.825,192,0.02072538860103627,2,0
16225.0,5,1096.32,2011-10-26 08:30:00,2011-03-07 12:17:00,45,219.26399999999998,232,0.02145922746781116,2,0
16226.0,3,255.12,2011-05-20 14:41:00,2011-04-18 12:58:00,203,85.04,32,0.09090909090909091,2,0
16227.0,1,314.22,2011-04-28 13:33:00,2011-04-28 13:33:00,225,314.22,0,1.0,2,0
16229.0,2,1010.6,2011-09-13 17:16:00,2011-05-11 10:18:00,87,505.3,125,0.015873015873015872,2,0
16230.0,2,542.03,2011-06-03 10:06:00,2011-05-03 15:12:00,190,271.015,30,0.06451612903225806,2,0
16232.0,4,990.88,2011-10-27 12:16:00,2011-05-08 14:05:00,44,247.72,171,0.023255813953488372,2,0
16233.0,3,536.6800000000001,2011-09-29 17:27:00,2010-12-08 12:51:00,71,178.89333333333335,295,0.010135135135135136,2,0
16235.0,5,867.3100000000001,2011-10-30 10:56:00,2011-01-11 15:42:00,41,173.46200000000002,291,0.017123287671232876,2,0
16236.0,1,432.2,2011-09-22 14:10:00,2011-09-22 14:10:00,78,432.2,0,1.0,2,0
16239.0,2,414.2,2011-10-14 08:29:00,2011-06-03 09:30:00,57,207.1,132,0.015037593984962405,2,0
16240.0,2,3718.8,2011-11-15 14:30:00,2011-09-23 13:44:00,24,1859.4,53,0.037037037037037035,1,1
16241.0,13,2607.87,2011-11-30 11:08:00,2010-12-05 11:04:00,10,200.6053846153846,360,0.036011080332409975,1,1
16242.0,7,3603.21,2011-12-01 15:12:00,2011-03-07 17:04:00,8,514.7442857142858,268,0.026022304832713755,1,1
16243.0,2,409.1,2011-11-06 12:32:00,2011-10-16 12:09:00,34,204.55,21,0.09090909090909091,2,0
16244.0,2,1522.75,2011-05-12 10:18:00,2010-12-02 11:41:00,212,761.375,160,0.012422360248447204,2,0
16245.0,3,1413.66,2011-11-16 10:14:00,2011-03-28 09:30:00,24,471.22,233,0.01282051282051282,2,0
16247.0,1,114.56,2011-06-22 14:23:00,2011-06-22 14:23:00,170,114.56,0,1.0,2,0
16248.0,1,152.94,2011-10-09 11:32:00,2011-10-09 11:32:00,62,152.94,0,1.0,2,0
16249.0,5,1800.07,2011-10-18 10:07:00,2011-04-14 13:50:00,53,360.014,186,0.026737967914438502,1,1
16250.0,2,389.44,2011-03-23 15:07:00,2010-12-01 09:59:00,261,194.72,112,0.017699115044247787,2,0
16253.0,2,3683.86,2011-10-04 09:09:00,2011-03-29 13:33:00,67,1841.93,188,0.010582010582010581,1,1
16255.0,8,2619.91,2011-11-23 12:40:00,2010-12-09 14:25:00,17,327.48875,348,0.022922636103151862,1,1
16256.0,1,752.4300000000001,2011-03-18 12:18:00,2011-03-18 12:18:00,267,752.4300000000001,0,1.0,2,0
16257.0,1,46.95,2011-06-16 10:11:00,2011-06-16 10:11:00,177,46.95,0,1.0,2,0
16258.0,5,5203.51,2011-10-25 13:30:00,2011-05-04 14:33:00,45,1040.702,173,0.028735632183908046,1,1
16260.0,1,1035.45,2011-10-20 09:40:00,2011-10-20 09:40:00,51,1035.45,0,1.0,2,0
16261.0,4,746.83,2011-11-22 17:23:00,2011-04-07 19:05:00,17,186.7075,228,0.017467248908296942,2,0
16265.0,9,5447.0,2011-11-30 16:41:00,2010-12-10 10:21:00,9,605.2222222222222,355,0.025280898876404494,1,1
16266.0,7,861.89,2011-09-27 12:08:00,2011-05-17 14:50:00,74,123.12714285714286,132,0.05263157894736842,2,0
16268.0,2,667.65,2011-09-29 18:30:00,2011-09-29 18:30:00,71,333.825,0,2.0,2,0
16270.0,1,1141.24,2010-12-21 14:26:00,2010-12-21 14:26:00,353,1141.24,0,1.0,2,0
16271.0,5,1429.24,2011-12-07 12:45:00,2010-12-16 16:36:00,3,285.848,355,0.014044943820224719,1,1
16272.0,1,411.7,2011-08-15 10:54:00,2011-08-15 10:53:00,117,411.7,0,1.0,2,0
16274.0,1,357.95,2010-12-01 15:35:00,2010-12-01 15:35:00,373,357.95,0,1.0,2,0
16275.0,1,559.87,2011-05-27 12:41:00,2011-05-27 12:41:00,197,559.87,0,1.0,2,0
16276.0,1,810.6,2011-06-16 09:34:00,2011-06-16 09:34:00,177,810.6,0,1.0,2,0
16278.0,1,566.38,2011-08-31 17:12:00,2011-08-31 17:12:00,100,566.38,0,1.0,2,0
16279.0,3,1509.58,2011-11-18 15:00:00,2011-06-16 11:50:00,21,503.1933333333333,155,0.019230769230769232,2,0
16281.0,1,2062.06,2011-09-28 14:57:00,2011-09-28 14:57:00,72,2062.06,0,1.0,1,1
16282.0,1,168.3,2011-01-04 11:42:00,2011-01-04 11:42:00,340,168.3,0,1.0,2,0
16283.0,5,1570.81,2011-12-04 12:08:00,2011-05-15 13:37:00,6,314.162,202,0.024630541871921183,1,1
16284.0,2,823.97,2011-11-08 16:12:00,2011-10-20 13:54:00,31,411.985,19,0.1,2,0
16287.0,1,142.5,2011-06-23 09:08:00,2011-06-23 09:08:00,170,142.5,0,1.0,2,0
16292.0,1,302.25,2011-08-10 12:24:00,2011-08-10 12:24:00,122,302.25,0,1.0,2,0
16293.0,10,2248.9900000000002,2011-11-18 09:58:00,2010-12-07 15:02:00,22,224.89900000000003,345,0.028901734104046242,1,1
16295.0,4,1328.55,2011-11-30 08:17:00,2011-10-06 10:45:00,10,332.1375,54,0.07272727272727272,2,0
16297.0,1,301.9,2011-03-16 08:29:00,2011-03-16 08:29:00,269,301.9,0,1.0,2,0
16298.0,3,598.2,2011-11-17 11:59:00,2011-06-06 10:06:00,23,199.4,164,0.01818181818181818,2,0
16302.0,1,233.22,2011-08-05 09:44:00,2011-08-05 09:44:00,127,233.22,0,1.0,2,0
16303.0,3,5360.63,2011-11-14 10:49:00,2011-01-10 14:16:00,26,1786.8766666666668,307,0.00974025974025974,0,2
16305.0,1,361.22,2011-07-24 12:18:00,2011-07-24 12:18:00,139,361.22,0,1.0,2,0
16306.0,6,632.27,2011-05-10 12:12:00,2010-12-07 15:18:00,214,105.37833333333333,153,0.03896103896103896,2,0
16308.0,4,2560.0,2011-11-02 11:24:00,2011-03-23 14:46:00,38,640.0,223,0.017857142857142856,1,1
16309.0,2,706.57,2011-08-25 15:35:00,2011-04-13 11:46:00,106,353.285,134,0.014814814814814815,2,0
16311.0,2,616.26,2011-11-22 08:54:00,2011-10-21 13:13:00,18,308.13,31,0.0625,2,0
16313.0,2,274.15000000000003,2011-12-06 13:02:00,2011-10-21 09:04:00,3,137.07500000000002,46,0.0425531914893617,2,0
16315.0,1,226.37,2011-01-13 11:57:00,2011-01-13 11:57:00,331,226.37,0,1.0,2,0
16316.0,8,2938.91,2011-10-06 13:48:00,2010-12-16 14:26:00,64,367.36375,293,0.027210884353741496,1,1
16317.0,3,1341.65,2011-08-12 12:46:00,2011-02-15 14:30:00,120,447.2166666666667,177,0.016853932584269662,2,0
16318.0,1,328.15000000000003,2011-11-04 13:05:00,2011-11-04 13:05:00,35,328.15000000000003,0,1.0,2,0
16319.0,1,404.40000000000003,2011-05-06 11:27:00,2011-05-06 11:27:00,218,404.40000000000003,0,1.0,2,0
16320.0,2,1038.46,2011-06-20 15:25:00,2011-05-10 15:31:00,172,519.23,40,0.04878048780487805,2,0
16321.0,5,373.65000000000003,2011-09-28 14:55:00,2011-01-20 12:11:00,72,74.73,251,0.01984126984126984,2,0
16322.0,2,326.75,2011-12-08 15:41:00,2011-11-03 14:33:00,1,163.375,35,0.05555555555555555,2,0
16323.0,1,207.50000000000003,2011-05-27 14:48:00,2011-05-27 14:48:00,196,207.50000000000003,0,1.0,2,0
16324.0,3,428.68,2011-08-03 12:58:00,2011-06-15 14:26:00,128,142.89333333333335,48,0.061224489795918366,2,0
16325.0,3,594.24,2011-10-24 08:48:00,2011-04-08 09:20:00,47,198.08,198,0.01507537688442211,2,0
16326.0,14,3110.96,2011-12-04 10:11:00,2011-01-09 12:01:00,6,222.21142857142857,328,0.0425531914893617,1,1
16327.0,6,3844.2200000000003,2011-11-25 13:23:00,2010-12-05 12:43:00,14,640.7033333333334,355,0.016853932584269662,1,1
16330.0,3,251.91,2011-11-22 12:24:00,2011-08-19 17:08:00,18,83.97,94,0.031578947368421054,2,0
16332.0,7,1593.2,2011-11-11 14:22:00,2011-02-07 14:16:00,28,227.6,277,0.025179856115107913,1,1
16333.0,22,26626.8,2011-12-02 12:19:00,2011-02-03 10:50:00,8,1210.3090909090909,302,0.07260726072607261,0,2
16337.0,1,151.05,2011-11-03 10:03:00,2011-11-03 10:03:00,37,151.05,0,1.0,2,0
16338.0,1,214.8,2011-07-05 13:56:00,2011-07-05 13:56:00,157,214.8,0,1.0,2,0
16339.0,1,109.95,2011-02-28 13:41:00,2011-02-28 13:41:00,284,109.95,0,1.0,2,0
16340.0,1,549.07,2011-08-24 14:53:00,2011-08-24 14:53:00,107,549.07,0,1.0,2,0
16341.0,4,1971.8700000000001,2011-11-15 09:12:00,2011-05-22 13:20:00,25,492.96750000000003,176,0.022598870056497175,1,1
16342.0,4,322.41,2011-09-25 14:36:00,2011-06-13 10:10:00,75,80.6025,104,0.0380952380952381,2,0
16343.0,2,370.48,2011-11-23 17:45:00,2011-11-23 17:43:00,16,185.24,0,2.0,2,0
16344.0,1,101.10000000000001,2011-07-04 15:50:00,2011-07-04 15:50:00,158,101.10000000000001,0,1.0,2,0
16345.0,1,575.41,2011-10-26 16:03:00,2011-10-26 16:03:00,44,575.41,0,1.0,2,0
16347.0,2,887.65,2011-11-28 13:14:00,2011-11-03 13:01:00,11,443.825,25,0.07692307692307693,2,0
16348.0,7,1469.45,2011-11-07 15:44:00,2011-04-13 15:49:00,32,209.92142857142858,207,0.03365384615384615,1,1
16349.0,1,53.5,2011-02-22 12:40:00,2011-02-22 12:40:00,291,53.5,0,1.0,2,0
16350.0,4,1116.47,2011-11-18 15:53:00,2011-01-10 09:44:00,21,279.1175,312,0.012779552715654952,2,0
16351.0,1,153.9,2011-01-11 10:26:00,2011-01-11 10:26:00,333,153.9,0,1.0,2,0
16352.0,2,494.44,2011-11-22 10:32:00,2011-11-02 08:44:00,18,247.22,20,0.09523809523809523,2,0
16353.0,23,6675.71,2011-12-06 12:23:00,2010-12-05 12:09:00,4,290.24826086956523,366,0.06267029972752043,0,2
16354.0,2,395.8,2011-10-07 14:28:00,2011-09-27 16:28:00,63,197.9,9,0.2,2,0
16356.0,3,211.77,2011-05-26 11:51:00,2011-03-07 12:31:00,198,70.59,79,0.0375,2,0
16357.0,3,658.88,2011-11-06 16:04:00,2011-05-10 10:35:00,33,219.62666666666667,180,0.016574585635359115,2,0
16358.0,4,2027.5,2011-12-08 15:09:00,2011-06-08 15:05:00,1,506.875,183,0.021739130434782608,1,1
16359.0,9,1750.92,2011-12-02 17:04:00,2011-01-12 10:49:00,7,194.54666666666668,324,0.027692307692307693,1,1
16360.0,6,3512.53,2011-12-05 12:16:00,2011-09-12 13:50:00,5,585.4216666666667,83,0.07142857142857142,1,1
16361.0,4,896.66,2011-11-30 12:32:00,2011-09-29 13:13:00,10,224.165,61,0.06451612903225806,2,0
16362.0,5,734.77,2011-11-07 13:01:00,2011-09-09 14:47:00,32,146.954,58,0.0847457627118644,2,0
16363.0,1,109.36000000000001,2011-10-17 14:14:00,2011-10-17 14:14:00,53,109.36000000000001,0,1.0,2,0
16364.0,2,707.04,2011-11-28 11:27:00,2011-07-25 14:35:00,12,353.52,125,0.015873015873015872,2,0
16365.0,9,1540.42,2011-11-22 11:24:00,2010-12-07 17:19:00,18,171.1577777777778,349,0.025714285714285714,1,1
16366.0,1,327.3,2011-11-21 08:19:00,2011-11-21 08:19:00,19,327.3,0,1.0,2,0
16367.0,2,804.49,2011-11-02 13:13:00,2010-12-12 12:01:00,37,402.245,325,0.006134969325153374,2,0
16368.0,2,497.43,2011-12-07 13:12:00,2011-11-11 15:08:00,2,248.715,25,0.07692307692307693,2,0
16369.0,3,1553.66,2011-11-21 16:25:00,2011-05-27 09:39:00,18,517.8866666666667,178,0.01675977653631285,1,1
16370.0,4,1320.56,2011-09-18 15:55:00,2011-04-28 16:40:00,82,330.14,142,0.027972027972027972,2,0
16372.0,2,367.93,2011-11-06 13:08:00,2011-11-06 12:50:00,33,183.965,0,2.0,2,0
16374.0,2,473.03,2011-10-04 15:21:00,2011-03-22 13:46:00,66,236.515,196,0.01015228426395939,2,0
16376.0,2,987.01,2011-12-01 11:38:00,2011-11-22 16:47:00,9,493.505,8,0.2222222222222222,2,0
16377.0,1,676.2,2011-03-17 15:41:00,2011-03-17 15:41:00,267,676.2,0,1.0,2,0
16378.0,3,362.95,2011-04-06 15:07:00,2011-02-02 12:42:00,247,120.98333333333333,63,0.046875,2,0
16379.0,4,2157.4,2011-12-05 15:38:00,2011-09-22 09:33:00,4,539.35,74,0.05333333333333334,1,1
16380.0,1,1780.59,2011-10-09 15:40:00,2011-10-09 15:40:00,61,1780.59,0,1.0,1,1
16383.0,2,668.36,2011-09-26 12:45:00,2011-03-16 13:00:00,75,334.18,193,0.010309278350515464,2,0
16384.0,2,584.5,2011-09-11 11:19:00,2011-03-21 10:13:00,90,292.25,174,0.011428571428571429,2,0
16385.0,3,555.89,2011-10-10 13:12:00,2010-12-08 12:56:00,60,185.29666666666665,306,0.009771986970684038,2,0
16386.0,2,317.2,2011-11-11 12:28:00,2011-03-31 12:19:00,29,158.6,225,0.008849557522123894,2,0
16387.0,1,94.36,2011-01-21 11:34:00,2011-01-21 11:34:00,323,94.36,0,1.0,2,0
16389.0,4,1382.0700000000002,2011-10-17 14:41:00,2011-03-01 15:47:00,53,345.51750000000004,229,0.017391304347826087,2,0
16392.0,1,221.19,2011-03-15 12:11:00,2011-03-15 12:11:00,270,221.19,0,1.0,2,0
16393.0,13,3046.21,2011-12-07 12:51:00,2010-12-05 13:10:00,2,234.32384615384615,366,0.035422343324250684,1,1
16394.0,5,1555.34,2011-10-14 09:48:00,2011-02-23 10:58:00,57,311.068,232,0.02145922746781116,1,1
16395.0,5,1486.9,2011-10-10 12:50:00,2011-01-13 12:10:00,61,297.38,270,0.01845018450184502,1,1
16398.0,2,1705.8,2011-07-08 15:16:00,2011-03-31 09:38:00,154,852.9,99,0.02,2,0
16399.0,2,408.57,2011-11-20 16:12:00,2011-04-18 13:46:00,19,204.285,216,0.009216589861751152,2,0
16400.0,1,303.93,2011-09-06 12:27:00,2011-09-06 12:27:00,95,303.93,0,1.0,2,0
16401.0,12,4098.32,2011-12-08 18:15:00,2011-01-16 10:56:00,1,341.52666666666664,326,0.03669724770642202,1,1
16402.0,2,299.6,2011-03-20 12:25:00,2010-12-05 13:42:00,265,149.8,104,0.01904761904761905,2,0
16403.0,1,177.5,2011-01-31 13:39:00,2011-01-31 13:39:00,312,177.5,0,1.0,2,0
16404.0,1,443.05,2011-09-30 14:55:00,2011-09-30 14:55:00,70,443.05,0,1.0,2,0
16405.0,2,167.25,2011-02-10 15:24:00,2011-02-02 17:08:00,302,83.625,7,0.25,2,0
16406.0,1,163.07,2011-11-21 11:57:00,2011-11-21 11:57:00,19,163.07,0,1.0,2,0
16407.0,10,2126.93,2011-11-27 11:05:00,2011-01-31 14:02:00,13,212.69299999999998,299,0.03333333333333333,1,1
16409.0,5,2028.88,2011-11-03 16:45:00,2011-01-26 14:51:00,36,405.776,281,0.01773049645390071,1,1
16411.0,2,214.65,2011-11-20 13:23:00,2010-12-05 13:26:00,19,107.325,349,0.005714285714285714,2,0
16412.0,1,151.83,2011-10-17 12:35:00,2011-10-17 12:35:00,54,151.83,0,1.0,2,0
16413.0,1,262.2,2011-10-14 12:08:00,2011-10-14 12:08:00,57,262.2,0,1.0,2,0
16414.0,2,126.25,2011-11-18 09:42:00,2011-03-04 13:27:00,22,63.125,258,0.007722007722007722,2,0
16415.0,1,210.35,2011-10-26 13:35:00,2011-10-26 13:35:00,44,210.35,0,1.0,2,0
16416.0,3,1051.4,2011-11-13 12:50:00,2011-10-14 13:35:00,27,350.4666666666667,29,0.1,2,0
16418.0,3,675.27,2011-10-26 12:39:00,2011-04-27 16:54:00,45,225.09,181,0.016483516483516484,2,0
16419.0,6,972.23,2011-08-19 12:33:00,2011-02-01 12:25:00,113,162.03833333333333,199,0.03,2,0
16423.0,1,346.12,2011-11-15 09:21:00,2011-11-15 09:21:00,25,346.12,0,1.0,2,0
16424.0,1,133.56,2011-06-01 13:40:00,2011-06-01 13:40:00,191,133.56,0,1.0,2,0
16425.0,1,302.7,2011-02-10 14:30:00,2011-02-10 14:30:00,302,302.7,0,1.0,2,0
16426.0,10,1908.25,2011-12-07 14:01:00,2011-03-08 15:45:00,2,190.825,273,0.0364963503649635,1,1
16427.0,2,241.06,2011-03-21 17:10:00,2011-02-28 15:18:00,263,120.53,21,0.09090909090909091,2,0
16429.0,1,284.55,2011-08-25 13:54:00,2011-08-25 13:54:00,106,284.55,0,1.0,2,0
16430.0,1,300.85,2011-10-13 14:47:00,2011-10-13 14:47:00,57,300.85,0,1.0,2,0
16431.0,3,642.81,2011-05-10 14:09:00,2011-02-15 14:02:00,213,214.26999999999998,84,0.03529411764705882,2,0
16432.0,1,287.40000000000003,2011-10-06 13:59:00,2011-10-06 13:59:00,64,287.40000000000003,0,1.0,2,0
16433.0,1,184.26,2011-11-11 14:09:00,2011-11-11 14:09:00,28,184.26,0,1.0,2,0
16434.0,7,1522.25,2011-11-10 14:28:00,2011-02-13 12:17:00,29,217.46428571428572,270,0.025830258302583026,1,1
16438.0,5,798.35,2011-12-04 10:51:00,2011-09-18 13:31:00,6,159.67000000000002,76,0.06493506493506493,2,0
16440.0,5,3640.67,2011-12-02 12:02:00,2011-05-09 12:25:00,8,728.134,206,0.024154589371980676,1,1
16441.0,2,381.2,2011-10-03 17:48:00,2011-02-21 17:35:00,67,190.6,224,0.008888888888888889,2,0
16442.0,3,616.79,2011-12-08 11:43:00,2010-12-14 10:46:00,2,205.59666666666666,359,0.008333333333333333,2,0
16444.0,4,654.67,2011-10-24 13:50:00,2011-03-20 12:14:00,46,163.6675,218,0.0182648401826484,2,0
16445.0,1,230.51,2011-11-06 12:32:00,2011-11-06 12:32:00,34,230.51,0,1.0,2,0
16447.0,1,259.01,2011-07-27 12:45:00,2011-07-27 12:45:00,136,259.01,0,1.0,2,0
16448.0,1,188.89000000000001,2011-05-25 16:28:00,2011-05-25 16:28:00,198,188.89000000000001,0,1.0,2,0
16449.0,2,707.69,2011-05-26 10:25:00,2011-03-04 12:15:00,198,353.845,82,0.024096385542168676,2,0
16450.0,1,311.92,2011-07-13 11:47:00,2011-07-13 11:47:00,150,311.92,0,1.0,2,0
16451.0,1,266.97,2011-09-13 09:17:00,2011-09-13 09:17:00,88,266.97,0,1.0,2,0
16454.0,2,6.9,2011-10-26 11:40:00,2011-10-06 16:57:00,45,3.45,19,0.1,2,0
16455.0,7,1841.18,2011-10-07 12:17:00,2010-12-03 16:44:00,64,263.0257142857143,307,0.022727272727272728,1,1
16456.0,5,2158.37,2011-09-01 13:50:00,2010-12-01 14:11:00,99,431.674,273,0.01824817518248175,1,1
16457.0,1,208.36,2011-05-05 13:19:00,2011-05-05 13:19:00,218,208.36,0,1.0,2,0
16458.0,18,3482.7400000000002,2011-12-07 09:34:00,2010-12-14 11:51:00,3,193.48555555555558,357,0.05027932960893855,1,1
16460.0,3,814.72,2011-11-11 13:46:00,2011-09-19 10:15:00,28,271.5733333333333,53,0.05555555555555555,2,0
16461.0,1,151.42,2011-06-15 12:07:00,2011-06-15 12:07:00,178,151.42,0,1.0,2,0
16462.0,3,136.0,2011-09-27 10:24:00,2011-03-01 08:58:00,74,45.333333333333336,210,0.014218009478672985,2,0
16463.0,4,1422.4,2011-11-18 14:01:00,2011-05-19 14:45:00,21,355.6,182,0.02185792349726776,1,1
16464.0,3,1314.68,2011-11-20 12:11:00,2011-07-20 13:53:00,20,438.2266666666667,122,0.024390243902439025,2,0
16466.0,7,1603.46,2011-11-06 11:35:00,2011-02-20 11:39:00,34,229.06571428571428,258,0.02702702702702703,1,1
16468.0,1,74.9,2011-09-26 14:13:00,2011-09-26 14:13:00,74,74.9,0,1.0,2,0
16469.0,4,650.43,2011-11-16 12:25:00,2011-04-07 13:11:00,24,162.6075,222,0.017937219730941704,2,0
16470.0,4,762.39,2011-10-19 12:11:00,2010-12-16 11:53:00,52,190.5975,307,0.012987012987012988,2,0
16471.0,1,223.95000000000002,2011-03-10 09:41:00,2011-03-10 09:41:00,275,223.95000000000002,0,1.0,2,0
16473.0,3,316.11,2011-06-28 09:10:00,2011-01-07 10:55:00,165,105.37,171,0.01744186046511628,2,0
16474.0,7,1871.5,2011-12-02 13:02:00,2011-07-17 14:51:00,7,267.35714285714283,137,0.050724637681159424,1,1
16475.0,4,544.3,2011-09-12 14:37:00,2011-03-11 09:39:00,88,136.075,185,0.021505376344086023,2,0
16477.0,7,2494.46,2011-10-07 09:44:00,2010-12-03 12:48:00,64,356.3514285714286,307,0.022727272727272728,1,1
16478.0,3,331.0,2011-11-14 15:51:00,2011-10-05 12:02:00,25,110.33333333333333,40,0.07317073170731707,2,0
16479.0,2,300.83,2011-11-29 13:40:00,2011-11-29 13:04:00,10,150.415,0,2.0,2,0
16480.0,1,769.29,2011-09-25 11:40:00,2011-09-25 11:40:00,76,769.29,0,1.0,2,0
16482.0,1,220.62,2011-11-24 12:33:00,2011-11-24 12:33:00,16,220.62,0,1.0,2,0
16483.0,1,139.35,2011-05-31 13:08:00,2011-05-31 13:08:00,192,139.35,0,1.0,2,0
16484.0,2,404.3,2011-06-19 12:06:00,2011-06-02 10:39:00,174,202.15,17,0.1111111111111111,2,0
16485.0,1,363.65,2011-09-23 15:50:00,2011-09-23 15:50:00,77,363.65,0,1.0,2,0
16488.0,3,498.8,2011-11-06 13:42:00,2011-07-14 11:46:00,33,166.26666666666668,115,0.02586206896551724,2,0
16491.0,1,731.5,2011-10-24 10:18:00,2011-10-24 10:18:00,47,731.5,0,1.0,2,0
16493.0,4,1351.63,2011-09-21 11:10:00,2011-01-14 08:16:00,80,337.9075,250,0.01593625498007968,2,0
16494.0,1,826.53,2011-02-16 12:49:00,2011-02-16 12:49:00,297,826.53,0,1.0,2,0
16495.0,3,684.41,2011-12-06 13:20:00,2011-03-08 16:38:00,3,228.13666666666666,272,0.01098901098901099,2,0
16496.0,3,1599.52,2011-12-01 10:31:00,2011-01-27 09:42:00,9,533.1733333333333,308,0.009708737864077669,1,1
16497.0,6,2965.69,2011-10-21 10:55:00,2011-01-10 13:20:00,50,494.2816666666667,283,0.02112676056338028,1,1
16498.0,2,100.97,2011-07-01 15:07:00,2011-06-30 19:52:00,161,50.485,0,2.0,2,0
16499.0,2,365.45,2010-12-14 13:31:00,2010-12-10 10:27:00,360,182.725,4,0.4,2,0
16500.0,6,400.86,2011-12-05 12:04:00,2011-01-13 10:28:00,5,66.81,326,0.01834862385321101,2,0
16503.0,4,1431.93,2011-08-25 11:46:00,2010-12-14 13:50:00,107,357.9825,253,0.015748031496062992,2,0
16504.0,1,484.38,2011-11-14 15:18:00,2011-11-14 15:18:00,25,484.38,0,1.0,2,0
16505.0,1,777.6,2011-11-08 12:14:00,2011-11-08 12:14:00,32,777.6,0,1.0,2,0
16506.0,2,90.30000000000001,2011-11-20 12:17:00,2011-10-30 15:50:00,20,45.150000000000006,20,0.09523809523809523,2,0
16509.0,1,363.70000000000005,2011-02-16 09:25:00,2011-02-16 09:25:00,297,363.70000000000005,0,1.0,2,0
16510.0,1,248.1,2010-12-02 13:39:00,2010-12-02 13:39:00,372,248.1,0,1.0,2,0
16511.0,3,950.26,2011-11-18 10:41:00,2011-03-18 11:24:00,22,316.75333333333333,244,0.012244897959183673,2,0
16513.0,4,874.59,2011-12-05 10:18:00,2011-10-27 14:56:00,5,218.6475,38,0.10256410256410256,2,0
16515.0,5,1627.13,2011-10-18 13:10:00,2011-02-01 13:09:00,52,325.42600000000004,259,0.019230769230769232,1,1
16516.0,1,101.69999999999999,2011-11-09 14:59:00,2011-11-09 14:59:00,30,101.69999999999999,0,1.0,2,0
16517.0,1,162.70000000000002,2011-03-07 13:50:00,2011-03-07 13:50:00,277,162.70000000000002,0,1.0,2,0
16518.0,2,484.32,2011-10-09 15:04:00,2011-02-28 16:36:00,61,242.16,222,0.008968609865470852,2,0
16519.0,2,215.07999999999998,2011-11-14 15:41:00,2010-12-09 14:08:00,25,107.53999999999999,340,0.005865102639296188,2,0
16520.0,3,1046.57,2011-06-06 13:24:00,2010-12-09 13:08:00,186,348.8566666666666,179,0.016666666666666666,2,0
16523.0,21,9418.470000000001,2011-12-08 09:06:00,2011-01-28 12:06:00,2,448.4985714285715,313,0.06687898089171974,0,2
16525.0,26,13027.45,2011-12-07 15:07:00,2010-12-08 11:31:00,2,501.0557692307693,364,0.07123287671232877,0,2
16526.0,1,290.36,2011-06-21 12:02:00,2011-06-21 12:02:00,172,290.36,0,1.0,2,0
16527.0,1,228.06,2011-09-19 16:21:00,2011-09-19 16:21:00,81,228.06,0,1.0,2,0
16528.0,1,244.41,2011-12-06 12:45:00,2011-12-06 12:45:00,4,244.41,0,1.0,2,0
16529.0,1,455.25,2011-06-02 17:23:00,2011-06-02 17:23:00,190,455.25,0,1.0,2,0
16531.0,7,1244.59,2011-11-17 16:29:00,2010-12-14 13:19:00,22,177.79857142857142,338,0.02064896755162242,1,1
16532.0,3,6748.8,2011-11-22 11:08:00,2011-01-05 12:37:00,18,2249.6,320,0.009345794392523364,0,2
16533.0,3,1095.56,2011-11-20 13:08:00,2011-10-02 15:07:00,19,365.18666666666667,48,0.061224489795918366,2,0
16535.0,1,593.75,2011-12-04 15:18:00,2011-12-04 15:18:00,5,593.75,0,1.0,2,0
16536.0,1,548.97,2011-08-21 15:54:00,2011-08-21 15:54:00,110,548.97,0,1.0,2,0
16539.0,4,1388.81,2011-12-07 08:41:00,2010-12-01 15:40:00,3,347.2025,370,0.01078167115902965,1,1
16542.0,1,119.62,2011-10-17 10:47:00,2011-10-17 10:47:00,54,119.62,0,1.0,2,0
16545.0,1,339.3,2011-06-28 10:37:00,2011-06-28 10:37:00,165,339.3,0,1.0,2,0
16546.0,2,787.15,2011-02-22 11:20:00,2010-12-02 12:07:00,291,393.575,81,0.024390243902439025,2,0
16549.0,10,4154.64,2011-11-29 15:06:00,2011-01-09 14:03:00,10,415.46400000000006,324,0.03076923076923077,1,1
16550.0,5,2298.97,2011-08-23 11:12:00,2010-12-06 13:53:00,109,459.794,259,0.019230769230769232,1,1
16551.0,3,922.12,2011-09-05 09:38:00,2011-01-07 10:24:00,96,307.37333333333333,240,0.012448132780082987,2,0
16552.0,2,379.73,2011-04-11 10:04:00,2010-12-01 12:36:00,243,189.865,130,0.015267175572519083,2,0
16553.0,12,5719.82,2011-06-29 15:42:00,2010-12-14 13:58:00,163,476.65166666666664,197,0.06060606060606061,1,1
16554.0,3,837.1,2011-10-28 14:51:00,2011-01-12 12:41:00,42,279.03333333333336,289,0.010344827586206896,2,0
16555.0,2,285.89,2011-11-04 14:31:00,2011-08-22 12:32:00,35,142.945,74,0.02666666666666667,2,0
16556.0,7,3313.79,2011-10-04 11:36:00,2010-12-14 13:32:00,67,473.3985714285714,293,0.023809523809523808,1,1
16557.0,2,281.85,2011-11-15 14:04:00,2011-07-25 13:28:00,24,140.925,113,0.017543859649122806,2,0
16558.0,20,8338.49,2011-12-09 10:20:00,2010-12-08 12:01:00,1,416.92449999999997,365,0.0546448087431694,0,2
16560.0,2,841.41,2011-11-13 10:35:00,2010-12-16 14:36:00,27,420.705,331,0.006024096385542169,2,0
16561.0,2,511.12,2011-12-04 11:50:00,2011-10-11 09:53:00,6,255.56,54,0.03636363636363636,2,0
16563.0,1,1077.74,2011-10-17 11:51:00,2011-10-17 11:51:00,54,1077.74,0,1.0,2,0
16565.0,1,173.7,2010-12-10 15:21:00,2010-12-10 15:21:00,364,173.7,0,1.0,2,0
16566.0,5,614.66,2011-11-24 16:34:00,2011-02-20 10:29:00,15,122.93199999999999,277,0.017985611510791366,2,0
16567.0,2,865.6,2011-05-29 13:57:00,2011-01-07 09:31:00,194,432.8,142,0.013986013986013986,2,0
16569.0,1,124.2,2011-12-06 15:32:00,2011-12-06 15:32:00,3,124.2,0,1.0,2,0
16570.0,10,3738.4,2011-11-24 17:02:00,2011-02-01 10:37:00,15,373.84000000000003,296,0.03367003367003367,1,1
16571.0,3,1421.69,2011-11-13 11:46:00,2011-03-03 09:41:00,27,473.8966666666667,255,0.01171875,1,1
16572.0,3,1009.6,2011-08-04 16:34:00,2011-03-09 12:04:00,127,336.53333333333336,148,0.020134228187919462,2,0
16573.0,2,663.61,2011-09-16 09:13:00,2011-02-22 15:14:00,85,331.805,205,0.009708737864077669,2,0
16574.0,1,451.44,2011-09-29 13:39:00,2011-09-29 13:39:00,71,451.44,0,1.0,2,0
16581.0,1,105.84,2011-06-10 10:05:00,2011-06-10 10:05:00,183,105.84,0,1.0,2,0
16582.0,1,313.62,2011-08-18 17:02:00,2011-08-18 17:02:00,113,313.62,0,1.0,2,0
16583.0,1,233.45,2010-12-01 12:03:00,2010-12-01 12:03:00,374,233.45,0,1.0,2,0
16584.0,2,936.08,2011-09-20 13:45:00,2011-03-30 13:14:00,80,468.04,174,0.011428571428571429,2,0
16586.0,1,463.95,2011-04-05 09:32:00,2011-04-05 09:32:00,249,463.95,0,1.0,2,0
16587.0,1,225.15,2011-04-21 15:51:00,2011-04-21 15:51:00,232,225.15,0,1.0,2,0
16589.0,3,459.24,2011-09-29 14:50:00,2011-07-01 13:31:00,71,153.08,90,0.03296703296703297,2,0
16591.0,1,213.5,2011-10-02 10:43:00,2011-10-02 10:43:00,69,213.5,0,1.0,2,0
16592.0,16,4113.68,2011-12-05 13:49:00,2011-02-25 10:19:00,4,257.105,283,0.056338028169014086,1,1
16593.0,3,330.03,2011-10-20 12:41:00,2011-01-16 12:11:00,51,110.00999999999999,277,0.01079136690647482,2,0
16594.0,1,181.09,2011-09-25 14:08:00,2011-09-25 14:08:00,75,181.09,0,1.0,2,0
16595.0,1,360.16,2011-10-09 13:15:00,2011-10-09 13:15:00,61,360.16,0,1.0,2,0
16596.0,2,250.15,2011-11-24 10:02:00,2010-12-08 16:18:00,16,125.075,350,0.005698005698005698,2,0
16597.0,1,90.04,2011-12-05 15:44:00,2011-12-05 15:44:00,4,90.04,0,1.0,2,0
16598.0,1,145.05,2011-02-27 11:42:00,2011-02-27 11:42:00,286,145.05,0,1.0,2,0
16600.0,6,813.52,2011-12-05 16:00:00,2011-01-05 12:13:00,4,135.58666666666667,334,0.01791044776119403,1,1
16601.0,1,244.8,2011-10-30 11:09:00,2011-10-30 11:09:00,41,244.8,0,1.0,2,0
16602.0,1,528.08,2011-11-03 15:54:00,2011-11-03 15:54:00,36,528.08,0,1.0,2,0
16603.0,2,482.47,2011-09-26 10:06:00,2011-09-09 13:02:00,75,241.235,16,0.11764705882352941,2,0
16607.0,14,3347.71,2011-11-22 10:24:00,2010-12-16 08:41:00,18,239.12214285714285,341,0.04093567251461988,1,1
16609.0,7,5493.46,2011-11-24 13:32:00,2011-04-01 10:11:00,15,784.78,237,0.029411764705882353,1,1
16610.0,1,75.66,2011-05-04 13:13:00,2011-05-04 13:13:00,219,75.66,0,1.0,2,0
16611.0,1,129.49,2011-06-06 15:46:00,2011-06-06 15:46:00,186,129.49,0,1.0,2,0
16612.0,4,1187.66,2011-11-07 07:38:00,2011-02-01 10:38:00,33,296.915,278,0.014336917562724014,2,0
16613.0,1,618.59,2011-09-30 15:52:00,2011-09-30 15:52:00,70,618.59,0,1.0,2,0
16614.0,1,506.19,2011-06-10 11:36:00,2011-06-10 11:36:00,183,506.19,0,1.0,2,0
16616.0,2,500.42,2011-11-24 16:31:00,2011-07-05 13:38:00,15,250.21,142,0.013986013986013986,2,0
16617.0,1,151.85,2011-04-18 10:35:00,2011-04-18 10:35:00,236,151.85,0,1.0,2,0
16618.0,5,2647.59,2011-11-08 13:52:00,2011-01-21 11:55:00,31,529.518,291,0.017123287671232876,1,1
16619.0,1,226.21,2011-03-21 08:18:00,2011-03-21 08:18:00,264,226.21,0,1.0,2,0
16620.0,2,178.96,2011-12-06 12:19:00,2011-03-24 10:37:00,4,89.48,257,0.007751937984496124,2,0
16621.0,4,813.48,2011-10-19 11:38:00,2011-03-07 11:32:00,52,203.37,226,0.01762114537444934,2,0
16623.0,1,129.45000000000002,2011-04-08 10:09:00,2011-04-08 10:09:00,246,129.45000000000002,0,1.0,2,0
16624.0,2,810.57,2011-09-20 12:39:00,2011-05-26 14:20:00,81,405.285,116,0.017094017094017096,2,0
16625.0,1,333.08,2011-03-10 12:50:00,2011-03-10 12:50:00,275,333.08,0,1.0,2,0
16626.0,17,4413.1,2011-12-09 11:56:00,2011-03-18 12:27:00,1,259.59411764705885,265,0.06390977443609022,1,1
16627.0,1,322.8,2011-09-21 14:38:00,2011-09-21 14:38:00,79,322.8,0,1.0,2,0
16628.0,5,2188.05,2011-11-10 12:45:00,2011-04-19 08:55:00,30,437.61,205,0.024271844660194174,1,1
16629.0,2,417.73,2011-09-27 10:34:00,2011-09-04 16:12:00,74,208.865,22,0.08695652173913043,2,0
16633.0,6,2883.1,2011-11-22 13:41:00,2011-04-19 14:36:00,17,480.51666666666665,216,0.027649769585253458,1,1
16634.0,2,217.9,2011-05-01 12:09:00,2010-12-02 17:41:00,223,108.95,149,0.013333333333333334,2,0
16637.0,4,1154.47,2011-11-07 13:17:00,2011-04-28 10:20:00,32,288.6175,193,0.020618556701030927,2,0
16638.0,10,1680.72,2011-11-17 11:09:00,2010-12-06 10:19:00,23,168.072,346,0.02881844380403458,1,1
16639.0,3,1257.51,2011-11-08 13:20:00,2011-04-18 09:31:00,31,419.17,204,0.014634146341463415,2,0
16641.0,1,231.1,2011-08-26 12:49:00,2011-08-26 12:49:00,106,231.1,0,1.0,2,0
16642.0,2,688.33,2011-12-05 11:31:00,2011-05-16 12:35:00,5,344.165,202,0.009852216748768473,2,0
16643.0,1,487.51,2011-04-08 08:24:00,2011-04-08 08:24:00,246,487.51,0,1.0,2,0
16644.0,2,833.78,2011-06-15 12:39:00,2011-05-11 12:53:00,178,416.89,34,0.05714285714285714,2,0
16647.0,2,214.06,2011-06-23 11:47:00,2011-05-19 09:31:00,170,107.03,35,0.05555555555555555,2,0
16648.0,1,290.66,2011-10-28 08:58:00,2011-10-28 08:58:00,43,290.66,0,1.0,2,0
16650.0,1,518.42,2011-09-29 09:51:00,2011-09-29 09:51:00,72,518.42,0,1.0,2,0
16652.0,7,6773.97,2011-10-12 09:38:00,2011-03-11 13:13:00,59,967.71,214,0.03255813953488372,0,2
16653.0,2,1212.66,2011-11-23 14:51:00,2011-09-29 13:38:00,16,606.33,55,0.03571428571428571,2,0
16654.0,4,601.27,2011-07-21 15:23:00,2010-12-06 15:09:00,141,150.3175,227,0.017543859649122806,2,0
16655.0,6,3794.52,2011-11-22 11:25:00,2011-01-12 10:16:00,18,632.42,314,0.01904761904761905,1,1
16656.0,15,8625.8,2011-11-17 14:43:00,2010-12-10 11:23:00,22,575.0533333333333,342,0.043731778425655975,0,2
16657.0,4,933.62,2011-11-30 11:48:00,2011-03-30 12:02:00,10,233.405,244,0.0163265306122449,2,0
16658.0,1,123.24,2010-12-06 13:47:00,2010-12-06 13:47:00,368,123.24,0,1.0,2,0
16659.0,1,39.12,2011-06-03 15:03:00,2011-06-03 15:03:00,189,39.12,0,1.0,2,0
16660.0,4,1267.65,2011-11-23 14:53:00,2011-01-24 12:44:00,16,316.9125,303,0.013157894736842105,1,1
16665.0,1,135.4,2010-12-12 14:03:00,2010-12-12 14:03:00,362,135.4,0,1.0,2,0
16666.0,1,118.98,2011-11-20 14:01:00,2011-11-20 14:01:00,19,118.98,0,1.0,2,0
16667.0,2,570.13,2011-10-02 15:26:00,2011-02-28 12:57:00,68,285.065,216,0.009216589861751152,2,0
16668.0,6,306.72,2011-11-24 17:43:00,2011-02-28 12:46:00,15,51.120000000000005,269,0.022222222222222223,2,0
16669.0,3,1374.87,2011-11-16 12:26:00,2011-09-22 14:13:00,24,458.28999999999996,54,0.05454545454545454,2,0
16670.0,11,4095.9,2011-11-23 09:34:00,2010-12-16 10:30:00,17,372.3545454545455,341,0.03216374269005848,1,1
16671.0,3,1692.27,2011-11-11 13:40:00,2011-06-28 11:20:00,28,564.09,136,0.021897810218978103,1,1
16672.0,20,8134.9400000000005,2011-12-07 16:29:00,2011-03-18 10:15:00,2,406.747,264,0.07547169811320754,0,2
16674.0,2,319.61,2011-10-16 11:31:00,2011-09-02 13:59:00,55,159.805,43,0.045454545454545456,2,0
16676.0,4,1592.12,2011-11-06 12:01:00,2011-01-06 13:00:00,34,398.03,303,0.013157894736842105,1,1
16678.0,12,3109.99,2011-12-07 12:17:00,2011-03-02 09:24:00,3,259.1658333333333,280,0.042704626334519574,1,1
16679.0,1,129.75,2010-12-08 13:51:00,2010-12-08 13:51:00,366,129.75,0,1.0,2,0
16680.0,1,183.7,2011-10-27 17:35:00,2011-10-27 17:35:00,43,183.7,0,1.0,2,0
16681.0,6,1770.3400000000001,2011-09-28 11:11:00,2011-03-31 13:46:00,73,295.0566666666667,180,0.03314917127071823,1,1
16682.0,5,1028.0,2011-12-05 12:13:00,2011-06-05 11:02:00,5,205.6,183,0.02717391304347826,2,0
16685.0,2,324.24,2011-10-09 13:58:00,2011-10-09 13:44:00,61,162.12,0,2.0,2,0
16686.0,7,3062.83,2011-10-23 13:49:00,2010-12-19 14:41:00,47,437.54714285714283,307,0.022727272727272728,1,1
16688.0,4,1260.8600000000001,2011-12-08 15:24:00,2011-10-10 12:23:00,1,315.21500000000003,59,0.06666666666666667,2,0
16689.0,2,422.6,2011-09-25 11:39:00,2011-09-18 13:29:00,76,211.3,6,0.2857142857142857,2,0
16690.0,2,225.58,2011-09-28 15:02:00,2011-05-22 10:53:00,72,112.79,129,0.015384615384615385,2,0
16692.0,2,1276.0,2011-03-28 14:46:00,2011-02-23 15:41:00,256,638.0,32,0.06060606060606061,2,0
16693.0,2,482.01,2011-10-02 11:10:00,2011-03-13 11:06:00,69,241.005,203,0.00980392156862745,2,0
16696.0,4,657.9,2011-07-27 14:23:00,2011-04-05 15:20:00,135,164.475,112,0.035398230088495575,2,0
16697.0,1,112.75,2011-04-12 17:12:00,2011-04-12 17:12:00,241,112.75,0,1.0,2,0
16698.0,2,1998.0,2011-04-27 10:52:00,2011-03-31 13:33:00,227,999.0,26,0.07407407407407407,1,1
16700.0,13,5076.55,2011-12-01 11:00:00,2010-12-08 16:34:00,9,390.50384615384615,357,0.036312849162011177,1,1
16701.0,13,5398.3,2011-12-01 11:10:00,2010-12-13 11:51:00,9,415.25384615384615,352,0.036827195467422094,1,1
16705.0,20,14034.99,2011-12-09 12:08:00,2010-12-16 10:51:00,1,701.7495,358,0.055710306406685235,0,2
16706.0,3,531.35,2011-11-02 13:50:00,2011-08-17 15:53:00,37,177.11666666666667,76,0.03896103896103896,2,0
16708.0,1,656.63,2011-10-25 12:20:00,2011-10-25 12:20:00,46,656.63,0,1.0,2,0
16709.0,5,3029.87,2011-09-16 10:56:00,2011-03-03 10:55:00,85,605.9739999999999,197,0.025252525252525252,1,1
16710.0,10,2483.04,2011-11-20 14:50:00,2010-12-06 13:13:00,19,248.304,349,0.02857142857142857,1,1
16711.0,5,1651.03,2011-12-06 16:32:00,2010-12-17 12:43:00,3,330.206,354,0.014084507042253521,1,1
16712.0,11,3645.43,2011-11-30 13:48:00,2011-03-08 15:07:00,9,331.40272727272725,266,0.04119850187265917,1,1
16713.0,15,6923.13,2011-11-21 12:36:00,2010-12-08 13:01:00,19,461.54200000000003,347,0.04310344827586207,0,2
16714.0,3,1161.53,2011-05-05 11:09:00,2011-01-26 13:40:00,219,387.1766666666667,98,0.030303030303030304,2,0
16715.0,1,301.71999999999997,2011-09-22 18:15:00,2011-09-22 18:15:00,78,301.71999999999997,0,1.0,2,0
16716.0,2,901.2,2011-03-18 10:03:00,2011-02-01 15:35:00,267,450.6,44,0.044444444444444446,2,0
16717.0,6,3858.38,2011-11-16 12:16:00,2010-12-08 16:48:00,24,643.0633333333334,342,0.01749271137026239,1,1
16718.0,1,623.75,2010-12-05 13:03:00,2010-12-05 13:03:00,369,623.75,0,1.0,2,0
16719.0,7,1790.42,2011-11-25 09:27:00,2010-12-06 12:06:00,15,255.77428571428572,353,0.01977401129943503,1,1
16720.0,1,155.24,2011-11-13 16:22:00,2011-11-13 16:22:00,26,155.24,0,1.0,2,0
16721.0,1,292.47,2011-03-22 16:08:00,2011-03-22 16:08:00,262,292.47,0,1.0,2,0
16722.0,13,4730.81,2011-11-22 13:28:00,2010-12-06 12:59:00,17,363.90846153846155,351,0.036931818181818184,1,1
16723.0,2,589.15,2011-09-09 13:01:00,2011-08-24 11:31:00,91,294.575,16,0.11764705882352941,2,0
16725.0,7,781.02,2011-02-10 16:52:00,2010-12-03 16:02:00,302,111.57428571428571,69,0.1,2,0
16726.0,5,1382.02,2011-11-13 14:53:00,2010-12-13 13:28:00,26,276.404,335,0.01488095238095238,1,1
16727.0,1,272.82,2010-12-10 13:48:00,2010-12-10 13:48:00,364,272.82,0,1.0,2,0
16728.0,4,1054.67,2011-10-24 14:36:00,2011-03-20 13:28:00,46,263.6675,218,0.0182648401826484,2,0
16729.0,21,7239.92,2011-11-01 14:29:00,2011-04-12 14:22:00,38,344.7580952380952,203,0.10294117647058823,0,2
16730.0,3,743.11,2011-10-18 14:11:00,2011-01-24 14:01:00,52,247.70333333333335,267,0.011194029850746268,2,0
16732.0,1,603.75,2011-11-08 09:54:00,2011-11-08 09:54:00,32,603.75,0,1.0,2,0
16734.0,3,650.51,2011-10-18 13:44:00,2011-08-17 15:00:00,52,216.83666666666667,61,0.04838709677419355,2,0
16735.0,5,2300.56,2011-09-22 11:49:00,2011-01-09 12:53:00,79,460.11199999999997,255,0.01953125,1,1
16737.0,1,417.6,2011-10-17 13:03:00,2011-10-17 13:03:00,53,417.6,0,1.0,2,0
16738.0,1,3.75,2011-02-15 09:46:00,2011-02-15 09:46:00,298,3.75,0,1.0,2,0
16739.0,1,323.0,2011-06-16 09:17:00,2011-06-16 09:17:00,177,323.0,0,1.0,2,0
16742.0,1,464.9,2011-10-24 12:02:00,2011-10-24 12:02:00,47,464.9,0,1.0,2,0
16743.0,7,2238.09,2011-11-10 13:13:00,2010-12-16 12:15:00,29,319.7271428571429,329,0.021212121212121213,1,1
16744.0,7,1304.76,2011-11-28 13:06:00,2011-06-19 15:13:00,11,186.3942857142857,161,0.043209876543209874,1,1
16745.0,17,7194.3,2011-09-14 11:58:00,2011-02-01 11:31:00,87,423.1941176470588,225,0.0752212389380531,0,2
16746.0,18,6697.66,2011-12-05 12:33:00,2010-12-16 11:43:00,5,372.09222222222223,354,0.05070422535211268,0,2
16747.0,2,836.0600000000001,2011-11-02 11:37:00,2011-10-03 10:18:00,38,418.03000000000003,30,0.06451612903225806,2,0
16748.0,5,1515.9,2011-11-22 10:17:00,2011-01-09 13:50:00,18,303.18,316,0.015772870662460567,1,1
16750.0,5,623.93,2011-10-26 12:48:00,2011-04-21 16:53:00,45,124.78599999999999,187,0.026595744680851064,2,0
16751.0,1,1764.72,2011-11-09 10:48:00,2011-11-09 10:48:00,31,1764.72,0,1.0,1,1
16752.0,1,207.5,2010-12-02 12:18:00,2010-12-02 12:18:00,373,207.5,0,1.0,2,0
16753.0,1,223.92000000000002,2011-10-12 13:14:00,2011-10-12 13:14:00,58,223.92000000000002,0,1.0,2,0
16754.0,1,2002.4,2010-12-02 17:38:00,2010-12-02 17:38:00,372,2002.4,0,1.0,1,1
16755.0,3,1496.83,2011-08-17 13:21:00,2011-01-28 10:47:00,114,498.9433333333333,201,0.01485148514851485,2,0
16756.0,1,239.4,2011-05-09 09:33:00,2011-05-09 09:33:00,215,239.4,0,1.0,2,0
16757.0,1,106.83000000000001,2011-01-25 11:59:00,2011-01-25 11:59:00,319,106.83000000000001,0,1.0,2,0
16758.0,1,369.34000000000003,2011-10-05 14:47:00,2011-10-05 14:47:00,65,369.34000000000003,0,1.0,2,0
16759.0,3,789.79,2011-12-02 12:42:00,2011-11-09 09:06:00,8,263.2633333333333,23,0.125,2,0
16761.0,1,316.62,2011-09-04 11:15:00,2011-09-04 11:15:00,97,316.62,0,1.0,2,0
16762.0,3,1501.38,2011-11-20 11:43:00,2011-07-18 12:52:00,20,500.46000000000004,124,0.024,2,0
16763.0,1,611.8499999999999,2011-05-25 11:52:00,2011-05-25 11:52:00,199,611.8499999999999,0,1.0,2,0
16764.0,13,2799.25,2011-12-06 11:41:00,2011-07-19 17:17:00,4,215.32692307692307,139,0.09285714285714286,1,1
16765.0,1,34.0,2011-02-18 15:41:00,2011-02-18 15:41:00,294,34.0,0,1.0,2,0
16766.0,2,1145.6,2011-03-11 15:22:00,2011-03-11 13:34:00,273,572.8,0,2.0,2,0
16767.0,11,5580.6,2011-11-09 09:42:00,2011-01-27 13:38:00,31,507.32727272727277,285,0.038461538461538464,1,1
16768.0,3,478.09000000000003,2011-10-23 10:38:00,2011-03-13 10:25:00,48,159.36333333333334,224,0.013333333333333334,2,0
16769.0,1,380.39,2011-03-24 13:41:00,2011-03-24 13:41:00,260,380.39,0,1.0,2,0
16770.0,5,770.1,2011-10-13 12:21:00,2010-12-02 15:49:00,58,154.02,314,0.015873015873015872,2,0
16771.0,5,2246.81,2011-11-06 13:28:00,2011-01-05 13:57:00,33,449.36199999999997,304,0.01639344262295082,1,1
16773.0,1,171.59,2011-10-13 14:37:00,2011-10-13 14:37:00,57,171.59,0,1.0,2,0
16774.0,4,661.52,2011-10-03 12:41:00,2011-06-14 12:45:00,68,165.38,110,0.036036036036036036,2,0
16775.0,11,1695.66,2011-11-29 15:22:00,2010-12-07 15:15:00,10,154.1509090909091,357,0.030726256983240222,1,1
16776.0,1,388.28,2011-10-10 13:04:00,2011-10-10 13:04:00,60,388.28,0,1.0,2,0
16777.0,2,226.35,2011-09-20 13:41:00,2011-03-27 14:34:00,80,113.175,176,0.011299435028248588,2,0
16778.0,2,245.94,2011-09-26 13:48:00,2011-03-10 15:21:00,74,122.97,199,0.01,2,0
16779.0,22,10629.72,2011-12-07 14:54:00,2010-12-08 09:56:00,2,483.16909090909087,364,0.06027397260273973,0,2
16780.0,2,425.19,2011-08-31 16:09:00,2011-03-25 17:34:00,100,212.595,158,0.012578616352201259,2,0
16781.0,1,311.25,2010-12-02 14:26:00,2010-12-02 14:26:00,372,311.25,0,1.0,2,0
16782.0,13,2279.9,2011-11-29 13:20:00,2010-12-09 11:28:00,10,175.37692307692308,355,0.03651685393258427,1,1
16784.0,1,107.6,2011-11-20 12:20:00,2011-11-20 12:20:00,20,107.6,0,1.0,2,0
16788.0,2,597.48,2011-08-08 14:53:00,2011-03-30 13:05:00,123,298.74,131,0.015151515151515152,2,0
16789.0,1,80.80000000000001,2011-12-01 15:12:00,2011-12-01 15:12:00,8,80.80000000000001,0,1.0,2,0
16790.0,6,1545.6200000000001,2011-12-06 11:53:00,2011-11-02 11:23:00,4,257.60333333333335,34,0.17142857142857143,1,1
16791.0,7,1721.78,2011-11-10 19:12:00,2011-01-11 15:42:00,29,245.96857142857144,303,0.023026315789473683,1,1
16792.0,2,110.38,2011-03-02 14:41:00,2011-03-02 14:39:00,282,55.19,0,2.0,2,0
16793.0,1,243.84,2011-10-13 15:08:00,2011-10-13 15:08:00,57,243.84,0,1.0,2,0
16794.0,10,1222.71,2011-12-08 17:54:00,2011-06-12 14:15:00,1,122.271,179,0.05555555555555555,1,1
16795.0,1,414.88,2010-12-09 14:08:00,2010-12-09 14:08:00,365,414.88,0,1.0,2,0
16796.0,1,305.62,2011-09-11 14:01:00,2011-09-11 14:01:00,89,305.62,0,1.0,2,0
16800.0,1,1201.49,2011-11-28 14:06:00,2011-11-28 14:06:00,11,1201.49,0,1.0,2,0
16801.0,4,1619.73,2011-06-29 15:33:00,2011-03-11 13:56:00,163,404.9325,110,0.036036036036036036,2,0
16803.0,1,332.3,2011-10-05 14:28:00,2011-10-05 14:28:00,65,332.3,0,1.0,2,0
16804.0,3,536.99,2011-11-16 16:43:00,2011-03-14 15:48:00,23,178.99666666666667,247,0.012096774193548387,2,0
16805.0,2,460.59000000000003,2011-06-19 11:23:00,2010-12-14 13:35:00,174,230.29500000000002,186,0.0106951871657754,2,0
16806.0,4,801.49,2011-08-28 15:27:00,2011-04-14 19:59:00,103,200.3725,135,0.029411764705882353,2,0
16807.0,3,1121.59,2011-07-20 12:00:00,2011-03-14 09:46:00,143,373.8633333333333,128,0.023255813953488372,2,0
16808.0,2,288.42,2011-09-01 19:34:00,2011-03-10 19:05:00,99,144.21,175,0.011363636363636364,2,0
16809.0,5,914.69,2011-11-16 15:45:00,2011-03-22 15:20:00,23,182.93800000000002,239,0.020833333333333332,2,0
16810.0,1,309.54,2011-05-31 15:32:00,2011-05-31 15:32:00,192,309.54,0,1.0,2,0
16811.0,2,547.07,2011-12-05 11:39:00,2011-11-22 17:19:00,5,273.535,12,0.15384615384615385,2,0
16812.0,1,479.35,2010-12-14 12:35:00,2010-12-14 12:35:00,361,479.35,0,1.0,2,0
16813.0,10,1692.98,2011-12-01 14:03:00,2011-05-19 13:28:00,8,169.298,196,0.050761421319796954,1,1
16814.0,21,6509.1,2011-11-25 13:27:00,2010-12-05 11:45:00,14,309.95714285714286,355,0.05898876404494382,0,2
16816.0,4,417.06,2011-08-28 14:16:00,2010-12-16 17:01:00,103,104.265,254,0.01568627450980392,2,0
16817.0,9,1604.75,2011-12-07 11:03:00,2010-12-06 14:19:00,3,178.30555555555554,365,0.02459016393442623,1,1
16818.0,11,3349.57,2011-11-29 10:41:00,2011-05-18 11:42:00,11,304.50636363636363,194,0.05641025641025641,1,1
16820.0,1,497.61,2011-09-05 12:06:00,2011-09-05 12:06:00,96,497.61,0,1.0,2,0
16823.0,1,358.38,2011-04-26 15:00:00,2011-04-26 15:00:00,227,358.38,0,1.0,2,0
16824.0,2,460.64,2011-11-24 12:38:00,2011-06-28 13:36:00,16,230.32,148,0.013422818791946308,2,0
16825.0,2,775.18,2011-11-01 11:51:00,2011-06-07 09:44:00,39,387.59,147,0.013513513513513514,2,0
16826.0,1,341.7,2011-10-19 14:05:00,2011-10-19 14:05:00,51,341.7,0,1.0,2,0
16828.0,2,128.5,2011-09-07 15:10:00,2011-08-19 13:24:00,93,64.25,19,0.1,2,0
16829.0,1,197.22,2011-07-06 10:48:00,2011-07-06 10:48:00,157,197.22,0,1.0,2,0
16830.0,1,325.91,2011-11-01 11:35:00,2011-11-01 11:35:00,39,325.91,0,1.0,2,0
16832.0,3,199.15,2011-06-08 15:36:00,2011-05-06 14:12:00,184,66.38333333333334,33,0.08823529411764706,2,0
16833.0,4,1106.53,2011-12-08 14:39:00,2011-01-09 13:02:00,1,276.6325,333,0.011976047904191617,2,0
16834.0,1,413.46,2011-04-26 09:37:00,2011-04-26 09:37:00,228,413.46,0,1.0,2,0
16835.0,2,180.85,2011-08-03 13:50:00,2010-12-01 17:15:00,128,90.425,244,0.00816326530612245,2,0
16836.0,2,251.87,2011-10-31 10:05:00,2011-08-15 12:38:00,40,125.935,76,0.025974025974025976,2,0
16837.0,11,3170.98,2011-11-08 14:27:00,2011-04-08 08:48:00,31,288.2709090909091,214,0.05116279069767442,1,1
16838.0,2,588.85,2011-05-26 13:13:00,2011-02-24 15:01:00,197,294.425,90,0.02197802197802198,2,0
16841.0,6,1869.82,2011-11-03 11:51:00,2011-02-25 12:40:00,37,311.63666666666666,250,0.02390438247011952,1,1
16842.0,3,1264.19,2011-08-31 10:42:00,2011-02-10 14:51:00,101,421.3966666666667,201,0.01485148514851485,2,0
16843.0,16,10196.57,2011-10-28 09:06:00,2011-01-16 16:10:00,43,637.285625,284,0.056140350877192984,0,2
16846.0,1,214.32,2011-10-20 13:55:00,2011-10-20 13:55:00,50,214.32,0,1.0,2,0
16847.0,1,193.44,2011-10-27 13:29:00,2011-10-27 13:29:00,43,193.44,0,1.0,2,0
16848.0,1,281.42,2011-10-18 08:42:00,2011-10-18 08:42:00,53,281.42,0,1.0,2,0
16849.0,1,124.57,2011-06-06 09:16:00,2011-06-06 09:16:00,187,124.57,0,1.0,2,0
16850.0,1,332.41,2011-01-10 11:09:00,2011-01-10 11:09:00,334,332.41,0,1.0,2,0
16851.0,3,342.45,2011-12-05 13:32:00,2011-10-19 09:48:00,4,114.14999999999999,47,0.0625,2,0
16852.0,2,144.91,2011-11-29 13:22:00,2011-06-16 15:49:00,10,72.455,165,0.012048192771084338,2,0
16855.0,2,328.40000000000003,2011-11-16 12:03:00,2011-10-27 16:31:00,24,164.20000000000002,19,0.1,2,0
16856.0,1,35.400000000000006,2011-11-25 08:59:00,2011-11-25 08:59:00,15,35.400000000000006,0,1.0,2,0
16858.0,1,375.69000000000005,2010-12-06 09:52:00,2010-12-06 09:52:00,369,375.69000000000005,0,1.0,2,0
16859.0,2,747.81,2011-07-18 12:19:00,2011-03-23 13:39:00,145,373.905,116,0.017094017094017096,2,0
16861.0,2,173.76,2011-10-11 09:05:00,2011-07-04 15:38:00,60,86.88,98,0.020202020202020204,2,0
16863.0,2,502.8,2011-11-08 15:26:00,2010-12-08 08:58:00,31,251.4,335,0.005952380952380952,2,0
16866.0,3,207.74,2011-07-22 10:06:00,2011-07-01 12:34:00,141,69.24666666666667,20,0.14285714285714285,2,0
16869.0,4,825.4200000000001,2011-11-17 12:02:00,2011-06-17 13:01:00,23,206.35500000000002,152,0.026143790849673203,2,0
16871.0,6,2812.34,2011-11-17 19:27:00,2011-03-14 10:31:00,22,468.72333333333336,248,0.024096385542168676,1,1
16872.0,3,680.02,2011-09-23 16:05:00,2011-06-08 14:32:00,77,226.67333333333332,107,0.027777777777777776,2,0
16873.0,6,7123.62,2011-12-05 12:05:00,2010-12-10 15:45:00,5,1187.27,359,0.016666666666666666,0,2
16875.0,5,2095.53,2011-10-03 13:39:00,2011-01-04 10:37:00,67,419.10600000000005,272,0.018315018315018316,1,1
16877.0,6,853.72,2011-11-27 13:47:00,2011-05-15 16:13:00,12,142.28666666666666,195,0.030612244897959183,2,0
16878.0,1,13.3,2011-09-16 17:39:00,2011-09-16 17:39:00,84,13.3,0,1.0,2,0
16880.0,7,1519.08,2011-11-09 11:33:00,2011-06-03 16:45:00,31,217.01142857142855,158,0.0440251572327044,1,1
16881.0,1,432.0,2011-10-04 10:33:00,2011-10-04 10:33:00,67,432.0,0,1.0,2,0
16882.0,3,705.12,2011-10-04 10:42:00,2011-01-26 17:43:00,67,235.04,250,0.01195219123505976,2,0
16883.0,2,276.73,2011-06-05 12:51:00,2010-12-03 10:33:00,187,138.365,184,0.010810810810810811,2,0
16884.0,2,429.84,2011-11-02 11:52:00,2011-11-02 10:16:00,38,214.92,0,2.0,2,0
16885.0,3,471.51,2011-11-24 13:40:00,2010-12-17 17:23:00,15,157.17,341,0.008771929824561403,2,0
16887.0,1,194.88,2011-11-04 14:07:00,2011-11-04 14:07:00,35,194.88,0,1.0,2,0
16889.0,3,1578.67,2011-05-29 11:05:00,2011-01-07 10:47:00,195,526.2233333333334,142,0.02097902097902098,2,0
16891.0,5,809.7,2011-12-08 11:15:00,2010-12-03 11:35:00,2,161.94,369,0.013513513513513514,2,0
16892.0,5,525.54,2011-12-08 13:18:00,2011-06-09 11:35:00,1,105.10799999999999,182,0.0273224043715847,2,0
16893.0,1,145.93,2010-12-08 12:06:00,2010-12-08 12:06:00,367,145.93,0,1.0,2,0
16895.0,1,219.14,2011-10-06 12:15:00,2011-10-06 12:15:00,65,219.14,0,1.0,2,0
16897.0,2,289.78,2011-02-13 15:02:00,2011-01-30 11:52:00,299,144.89,14,0.13333333333333333,2,0
16898.0,3,508.81,2011-11-13 15:44:00,2010-12-06 12:23:00,26,169.60333333333332,342,0.008746355685131196,2,0
16899.0,6,1281.56,2011-12-02 12:03:00,2010-12-14 13:11:00,8,213.59333333333333,352,0.0169971671388102,1,1
16900.0,3,887.11,2011-11-23 10:32:00,2011-10-07 13:17:00,17,295.7033333333333,46,0.06382978723404255,2,0
16902.0,1,1706.88,2011-08-15 14:17:00,2011-08-15 14:17:00,116,1706.88,0,1.0,1,1
16903.0,1,373.24,2011-11-10 15:32:00,2011-11-10 15:32:00,29,373.24,0,1.0,2,0
16904.0,16,3754.27,2011-12-05 13:10:00,2010-12-07 13:29:00,4,234.641875,362,0.0440771349862259,1,1
16905.0,7,3102.43,2011-12-04 14:01:00,2010-12-03 10:43:00,5,443.2042857142857,366,0.01907356948228883,1,1
16906.0,4,579.77,2011-09-19 11:49:00,2011-04-05 12:30:00,82,144.9425,166,0.023952095808383235,2,0
16907.0,5,981.65,2011-11-10 18:04:00,2010-12-09 16:52:00,29,196.32999999999998,336,0.01483679525222552,2,0
16909.0,1,379.14,2011-09-28 16:45:00,2011-09-28 16:45:00,72,379.14,0,1.0,2,0
16910.0,8,1510.06,2011-12-05 12:51:00,2011-09-09 14:14:00,4,188.7575,86,0.09195402298850575,1,1
16912.0,11,2575.38,2011-11-11 12:18:00,2011-01-20 15:42:00,29,234.12545454545455,294,0.03728813559322034,1,1
16913.0,1,113.44,2011-02-22 12:56:00,2011-02-22 12:56:00,290,113.44,0,1.0,2,0
16914.0,1,208.46,2011-11-03 15:27:00,2011-11-03 15:27:00,36,208.46,0,1.0,2,0
16915.0,6,621.6800000000001,2011-11-30 16:39:00,2011-03-01 09:52:00,9,103.61333333333334,274,0.02181818181818182,2,0
16916.0,2,576.26,2011-11-16 12:08:00,2010-12-02 13:14:00,24,288.13,348,0.0057306590257879654,2,0
16917.0,1,391.52,2011-03-08 11:55:00,2011-03-08 11:55:00,277,391.52,0,1.0,2,0
16918.0,6,1068.82,2011-10-21 12:50:00,2011-01-26 17:37:00,50,178.13666666666666,267,0.022388059701492536,1,1
16919.0,11,2596.45,2011-07-06 13:35:00,2010-12-06 12:52:00,156,236.04090909090908,212,0.051643192488262914,1,1
16921.0,1,169.79,2011-10-09 16:22:00,2011-10-09 16:22:00,61,169.79,0,1.0,2,0
16923.0,19,7247.61,2011-11-27 13:00:00,2010-12-12 11:06:00,12,381.4531578947368,350,0.05413105413105413,0,2
16924.0,3,846.75,2011-11-18 12:53:00,2011-09-16 12:54:00,21,282.25,62,0.047619047619047616,2,0
16926.0,1,230.25,2010-12-03 13:42:00,2010-12-03 13:42:00,371,230.25,0,1.0,2,0
16927.0,3,543.05,2011-08-16 11:10:00,2010-12-13 11:57:00,116,181.01666666666665,245,0.012195121951219513,2,0
16928.0,17,2847.6,2011-09-20 15:10:00,2010-12-01 15:21:00,80,167.50588235294117,292,0.05802047781569966,1,1
16929.0,7,1295.39,2011-12-06 08:37:00,2011-07-07 12:39:00,4,185.0557142857143,151,0.046052631578947366,1,1
16930.0,3,380.55,2011-11-13 16:13:00,2011-10-02 14:25:00,26,126.85000000000001,42,0.06976744186046512,2,0
16931.0,21,4604.22,2011-12-04 13:15:00,2010-12-05 11:40:00,5,219.24857142857144,364,0.057534246575342465,1,1
16932.0,1,161.94,2011-10-17 14:12:00,2011-10-17 14:12:00,53,161.94,0,1.0,2,0
16933.0,2,563.23,2011-12-08 12:54:00,2011-04-14 13:33:00,1,281.615,237,0.008403361344537815,2,0
16934.0,2,950.9300000000001,2011-10-16 12:40:00,2011-10-16 12:25:00,55,475.46500000000003,0,2.0,2,0
16936.0,1,262.68,2011-11-14 11:04:00,2011-11-14 11:04:00,26,262.68,0,1.0,2,0
16938.0,4,2736.38,2011-12-01 10:20:00,2011-02-04 09:34:00,9,684.095,300,0.013289036544850499,1,1
16940.0,3,3049.88,2011-10-18 13:15:00,2011-02-23 12:27:00,52,1016.6266666666667,237,0.012605042016806723,1,1
16942.0,9,1920.59,2011-11-27 12:40:00,2011-04-26 11:59:00,13,213.39888888888888,215,0.041666666666666664,1,1
16943.0,3,816.73,2011-05-12 11:57:00,2011-01-25 14:00:00,212,272.24333333333334,106,0.028037383177570093,2,0
16945.0,19,4345.5,2011-11-18 11:39:00,2010-12-16 17:49:00,22,228.71052631578948,336,0.05637982195845697,1,1
16947.0,1,406.48,2011-04-18 09:38:00,2011-04-18 09:38:00,236,406.48,0,1.0,2,0
16948.0,3,435.02,2011-07-24 12:46:00,2011-01-18 10:58:00,139,145.00666666666666,187,0.015957446808510637,2,0
16949.0,6,1286.27,2011-12-06 11:07:00,2011-01-27 12:11:00,4,214.37833333333333,312,0.019169329073482427,1,1
16950.0,3,1178.56,2011-10-14 09:06:00,2010-12-07 15:20:00,57,392.8533333333333,310,0.00964630225080386,2,0
16951.0,3,1277.75,2011-07-28 12:05:00,2011-02-08 14:58:00,135,425.9166666666667,169,0.01764705882352941,2,0
16952.0,2,167.61,2011-08-22 13:03:00,2011-08-22 12:58:00,109,83.805,0,2.0,2,0
16953.0,1,20.8,2011-11-09 15:54:00,2011-11-09 15:54:00,30,20.8,0,1.0,2,0
16954.0,9,2085.08,2011-12-09 09:46:00,2010-12-15 10:41:00,1,231.67555555555555,358,0.025069637883008356,1,1
16955.0,4,518.67,2011-06-08 10:36:00,2010-12-01 13:31:00,185,129.6675,188,0.021164021164021163,2,0
16956.0,1,308.74,2011-11-22 08:56:00,2011-11-22 08:56:00,18,308.74,0,1.0,2,0
16957.0,2,416.64,2011-04-14 13:56:00,2011-03-03 09:25:00,239,208.32,42,0.046511627906976744,2,0
16959.0,1,117.35000000000001,2011-09-13 15:03:00,2011-09-13 15:03:00,87,117.35000000000001,0,1.0,2,0
16960.0,3,507.05,2011-11-01 11:35:00,2011-04-01 11:54:00,39,169.01666666666668,213,0.014018691588785047,2,0
16961.0,1,234.17000000000002,2011-08-15 13:46:00,2011-08-15 13:46:00,116,234.17000000000002,0,1.0,2,0
16963.0,1,110.55000000000001,2011-06-05 13:48:00,2011-06-05 13:48:00,187,110.55000000000001,0,1.0,2,0
16965.0,1,201.19,2011-04-27 12:08:00,2011-04-27 12:08:00,227,201.19,0,1.0,2,0
16966.0,7,2154.97,2011-12-01 13:40:00,2011-04-13 14:17:00,8,307.8528571428571,231,0.03017241379310345,1,1
16967.0,1,319.02,2011-06-03 14:24:00,2011-06-03 14:24:00,189,319.02,0,1.0,2,0
16968.0,2,439.43,2011-12-05 15:02:00,2011-08-24 10:51:00,4,219.715,103,0.019230769230769232,2,0
16969.0,3,650.41,2011-10-31 13:12:00,2011-06-01 12:10:00,39,216.8033333333333,152,0.0196078431372549,2,0
16971.0,1,357.21,2011-11-01 15:06:00,2011-11-01 15:06:00,38,357.21,0,1.0,2,0
16976.0,1,251.51999999999998,2011-03-17 16:33:00,2011-03-17 16:33:00,267,251.51999999999998,0,1.0,2,0
16978.0,1,344.33,2011-09-23 12:50:00,2011-09-23 12:50:00,78,344.33,0,1.0,2,0
16979.0,6,1852.0,2011-12-06 12:21:00,2011-02-15 09:20:00,4,308.6666666666667,294,0.020338983050847456,1,1
16980.0,2,1078.96,2011-03-29 16:36:00,2011-02-21 12:58:00,255,539.48,36,0.05405405405405406,2,0
16982.0,1,384.06,2011-10-10 12:28:00,2011-10-10 12:28:00,61,384.06,0,1.0,2,0
16983.0,7,1931.25,2011-11-27 12:10:00,2010-12-05 12:34:00,13,275.89285714285717,356,0.0196078431372549,1,1
16984.0,2,4481.35,2011-09-12 13:43:00,2011-08-01 17:37:00,88,2240.675,41,0.047619047619047616,0,2
16985.0,10,5464.12,2011-11-22 13:33:00,2010-12-16 10:38:00,17,546.412,341,0.029239766081871343,1,1
16986.0,2,1873.2,2011-11-10 11:55:00,2011-11-09 15:52:00,30,936.6,0,2.0,2,0
16987.0,7,1625.05,2011-12-06 17:26:00,2011-05-18 15:55:00,3,232.15,202,0.034482758620689655,1,1
16988.0,1,126.12,2011-12-04 16:02:00,2011-12-04 16:02:00,5,126.12,0,1.0,2,0
16989.0,6,1133.25,2011-12-02 16:39:00,2011-07-12 09:11:00,7,188.875,143,0.041666666666666664,1,1
16990.0,1,179.0,2011-05-05 08:30:00,2011-05-05 08:30:00,219,179.0,0,1.0,2,0
16992.0,5,1614.31,2011-11-29 11:50:00,2011-02-28 10:37:00,11,322.86199999999997,274,0.01818181818181818,1,1
16996.0,6,1456.96,2011-11-09 16:43:00,2010-12-21 13:22:00,30,242.82666666666668,323,0.018518518518518517,1,1
16997.0,3,702.0,2011-02-24 17:28:00,2011-01-18 11:51:00,288,234.0,37,0.07894736842105263,2,0
16998.0,4,295.0,2011-07-13 09:44:00,2011-02-08 15:42:00,150,73.75,154,0.025806451612903226,2,0
16999.0,2,484.82,2011-11-16 13:53:00,2011-09-26 15:43:00,23,242.41,50,0.0392156862745098,2,0
17001.0,11,3989.57,2011-12-09 09:38:00,2010-12-16 09:35:00,1,362.6881818181818,358,0.03064066852367688,1,1
17002.0,3,1493.73,2011-09-15 12:40:00,2011-02-22 11:46:00,86,497.91,205,0.014563106796116505,2,0
17004.0,2,1412.94,2011-10-24 14:25:00,2011-09-08 12:16:00,46,706.47,46,0.0425531914893617,2,0
17006.0,4,781.78,2011-12-05 12:09:00,2011-09-25 12:15:00,5,195.445,70,0.056338028169014086,2,0
17007.0,6,889.9300000000001,2011-10-20 10:47:00,2010-12-17 13:57:00,51,148.3216666666667,306,0.019543973941368076,1,1
17010.0,1,195.36,2011-11-21 14:49:00,2011-11-21 14:49:00,18,195.36,0,1.0,2,0
17011.0,1,270.9,2011-11-09 13:30:00,2011-11-09 13:30:00,30,270.9,0,1.0,2,0
17014.0,3,586.33,2011-12-01 14:09:00,2011-10-04 11:36:00,8,195.44333333333336,58,0.05084745762711865,2,0
17015.0,3,1842.56,2011-11-11 10:45:00,2011-06-07 13:19:00,29,614.1866666666666,156,0.01910828025477707,1,1
17017.0,20,8694.26,2011-12-07 09:32:00,2010-12-02 10:17:00,3,434.713,369,0.05405405405405406,0,2
17018.0,2,920.1,2011-10-30 11:42:00,2011-01-18 08:46:00,41,460.05,285,0.006993006993006993,2,0
17019.0,4,1272.61,2011-11-28 13:06:00,2010-12-06 12:55:00,11,318.1525,357,0.0111731843575419,1,1
17022.0,1,71.0,2011-11-08 17:09:00,2011-11-08 17:09:00,31,71.0,0,1.0,2,0
17024.0,3,95.85,2011-10-25 13:47:00,2011-07-05 09:31:00,45,31.95,112,0.02654867256637168,2,0
17025.0,3,357.77,2011-10-10 09:06:00,2010-12-01 15:45:00,61,119.25666666666666,312,0.009584664536741214,2,0
17026.0,2,154.83,2011-06-07 14:28:00,2010-12-05 12:47:00,185,77.415,184,0.010810810810810811,2,0
17027.0,6,890.29,2011-09-22 12:24:00,2011-01-26 14:19:00,79,148.38166666666666,238,0.02510460251046025,2,0
17029.0,2,716.0,2011-08-21 11:06:00,2011-04-17 10:57:00,111,358.0,126,0.015748031496062992,2,0
17030.0,1,146.87,2011-10-07 08:49:00,2011-10-07 08:49:00,64,146.87,0,1.0,2,0
17031.0,2,380.35,2011-11-28 10:23:00,2011-07-08 09:38:00,12,190.175,143,0.013888888888888888,2,0
17033.0,3,1030.14,2011-09-14 14:34:00,2010-12-15 13:21:00,86,343.38000000000005,273,0.010948905109489052,2,0
17034.0,3,745.52,2011-11-23 15:14:00,2011-02-25 10:10:00,16,248.50666666666666,271,0.011029411764705883,2,0
17035.0,2,433.53000000000003,2011-04-08 11:23:00,2011-02-01 12:27:00,246,216.76500000000001,65,0.030303030303030304,2,0
17037.0,1,1267.32,2011-09-13 12:49:00,2011-09-13 12:49:00,88,1267.32,0,1.0,2,0
17038.0,1,112.4,2011-11-09 13:50:00,2011-11-09 13:50:00,30,112.4,0,1.0,2,0
17040.0,1,449.73,2011-07-25 10:19:00,2011-07-25 10:19:00,138,449.73,0,1.0,2,0
17041.0,3,1081.57,2011-11-13 11:21:00,2010-12-14 11:43:00,27,360.5233333333333,333,0.008982035928143712,2,0
17042.0,5,1044.38,2011-12-07 12:26:00,2011-04-06 14:53:00,3,208.87600000000003,244,0.02040816326530612,2,0
17043.0,4,1735.18,2011-11-07 15:33:00,2011-03-18 14:53:00,32,433.795,234,0.01702127659574468,1,1
17044.0,1,948.48,2011-11-14 14:28:00,2011-11-14 14:28:00,25,948.48,0,1.0,2,0
17045.0,3,339.44,2011-08-18 17:09:00,2011-04-06 12:08:00,113,113.14666666666666,134,0.022222222222222223,2,0
17046.0,1,642.02,2011-07-05 14:24:00,2011-07-05 14:24:00,157,642.02,0,1.0,2,0
17047.0,3,1100.9,2011-09-15 13:27:00,2011-05-18 16:50:00,85,366.9666666666667,119,0.025,2,0
17048.0,3,925.35,2011-08-14 11:49:00,2011-01-12 16:51:00,118,308.45,213,0.014018691588785047,2,0
17049.0,9,5659.9800000000005,2011-12-07 10:48:00,2011-03-09 08:33:00,3,628.8866666666668,273,0.032846715328467155,1,1
17050.0,6,3228.84,2011-09-04 13:48:00,2011-02-13 12:41:00,96,538.14,203,0.029411764705882353,1,1
17051.0,1,247.14,2011-05-29 14:13:00,2011-05-29 14:13:00,194,247.14,0,1.0,2,0
17052.0,1,413.75,2011-11-11 14:50:00,2011-11-11 14:50:00,28,413.75,0,1.0,2,0
17053.0,1,498.48,2011-08-01 10:23:00,2011-08-01 10:23:00,131,498.48,0,1.0,2,0
17054.0,5,1356.33,2011-11-11 12:56:00,2011-04-08 13:14:00,28,271.26599999999996,216,0.02304147465437788,1,1
17058.0,3,1179.89,2011-09-19 10:13:00,2011-04-14 09:18:00,82,393.2966666666667,158,0.018867924528301886,2,0
17059.0,5,3095.04,2011-11-10 12:27:00,2010-12-05 12:35:00,30,619.008,339,0.014705882352941176,1,1
17060.0,1,234.24,2011-03-18 13:27:00,2011-03-18 13:27:00,266,234.24,0,1.0,2,0
17061.0,11,5232.2300000000005,2011-09-27 11:24:00,2011-04-21 13:29:00,74,475.65727272727275,158,0.06918238993710692,1,1
17062.0,4,538.37,2011-01-30 11:01:00,2010-12-05 11:59:00,314,134.5925,55,0.07142857142857142,2,0
17063.0,7,1461.14,2011-11-18 16:19:00,2011-02-23 13:44:00,21,208.73428571428573,268,0.026022304832713755,1,1
17064.0,3,859.35,2011-10-12 10:18:00,2011-01-16 16:10:00,59,286.45,268,0.011152416356877323,2,0
17068.0,21,4552.14,2011-11-27 13:14:00,2010-12-06 13:58:00,12,216.76857142857145,355,0.05898876404494382,1,1
17069.0,9,2709.7000000000003,2011-11-11 17:13:00,2010-12-01 16:49:00,28,301.0777777777778,345,0.02601156069364162,1,1
17070.0,1,312.14,2011-08-17 17:01:00,2011-08-17 17:01:00,114,312.14,0,1.0,2,0
17071.0,9,2429.03,2011-11-11 16:31:00,2011-02-03 08:18:00,28,269.89222222222224,281,0.031914893617021274,1,1
17073.0,4,1446.09,2011-11-22 11:47:00,2011-08-22 14:37:00,18,361.5225,91,0.043478260869565216,2,0
17075.0,4,834.12,2011-11-22 11:58:00,2011-01-26 13:20:00,18,208.53,299,0.013333333333333334,2,0
17076.0,3,841.0799999999999,2011-11-03 17:53:00,2010-12-10 10:08:00,36,280.35999999999996,328,0.00911854103343465,2,0
17078.0,2,378.2,2011-11-03 19:17:00,2011-11-03 18:49:00,36,189.1,0,2.0,2,0
17079.0,1,118.80000000000001,2011-09-22 15:34:00,2011-09-22 15:34:00,78,118.80000000000001,0,1.0,2,0
17080.0,2,287.62,2011-11-17 12:59:00,2011-03-15 12:05:00,22,143.81,247,0.008064516129032258,2,0
17081.0,2,290.16,2011-11-14 12:56:00,2011-10-24 13:08:00,25,145.08,20,0.09523809523809523,2,0
17082.0,2,2003.8500000000001,2011-11-06 15:17:00,2011-01-25 14:36:00,33,1001.9250000000001,285,0.006993006993006993,1,1
17083.0,3,1405.78,2011-08-22 15:43:00,2011-02-09 11:38:00,109,468.5933333333333,194,0.015384615384615385,2,0
17084.0,2,2949.75,2011-11-04 14:54:00,2011-11-04 14:49:00,35,1474.875,0,2.0,1,1
17085.0,5,1566.65,2011-08-08 14:15:00,2010-12-12 12:24:00,123,313.33000000000004,239,0.020833333333333332,1,1
17086.0,6,2050.08,2011-12-02 13:54:00,2011-10-07 11:22:00,7,341.68,56,0.10526315789473684,1,1
17088.0,4,1991.01,2011-11-11 14:23:00,2011-03-31 09:48:00,28,497.7525,225,0.017699115044247787,1,1
17090.0,7,2043.95,2011-12-05 13:44:00,2010-12-20 13:52:00,4,291.99285714285713,349,0.02,1,1
17091.0,9,3827.76,2011-12-07 10:43:00,2010-12-07 09:55:00,3,425.3066666666667,365,0.02459016393442623,1,1
17092.0,4,1777.78,2011-10-20 19:51:00,2011-03-07 14:51:00,50,444.445,227,0.017543859649122806,1,1
17094.0,1,302.0,2011-01-21 13:09:00,2011-01-21 13:09:00,322,302.0,0,1.0,2,0
17095.0,3,1324.16,2011-11-17 12:21:00,2011-01-09 11:05:00,23,441.3866666666667,312,0.009584664536741214,2,0
17096.0,4,1022.13,2011-11-24 15:01:00,2011-03-23 12:05:00,15,255.5325,246,0.016194331983805668,2,0
17097.0,8,954.42,2011-12-07 17:05:00,2010-12-09 14:55:00,2,119.3025,363,0.02197802197802198,1,1
17100.0,2,971.74,2011-11-21 16:36:00,2011-11-21 16:36:00,18,485.87,0,2.0,2,0
17101.0,4,1621.73,2011-11-29 13:57:00,2011-06-14 14:49:00,10,405.4325,167,0.023809523809523808,1,1
17102.0,1,25.5,2011-03-23 10:08:00,2011-03-23 10:08:00,262,25.5,0,1.0,2,0
17105.0,2,665.78,2011-07-03 15:53:00,2011-02-06 14:46:00,159,332.89,147,0.013513513513513514,2,0
17107.0,6,10815.43,2011-11-06 14:14:00,2011-03-06 15:17:00,33,1802.5716666666667,244,0.024489795918367346,0,2
17109.0,6,885.04,2011-11-10 16:59:00,2011-04-21 15:46:00,29,147.50666666666666,203,0.029411764705882353,2,0
17110.0,1,163.29999999999998,2011-06-27 12:58:00,2011-06-27 12:58:00,165,163.29999999999998,0,1.0,2,0
17111.0,1,248.61,2011-10-23 15:59:00,2011-10-23 15:59:00,47,248.61,0,1.0,2,0
17114.0,8,808.62,2011-12-04 12:17:00,2011-01-09 11:39:00,6,101.0775,329,0.024242424242424242,1,1
17115.0,3,837.5,2011-12-01 14:30:00,2011-04-20 14:46:00,8,279.1666666666667,224,0.013333333333333334,2,0
17117.0,1,116.2,2011-02-24 13:54:00,2011-02-24 13:54:00,288,116.2,0,1.0,2,0
17118.0,1,157.02,2011-01-26 12:19:00,2011-01-26 12:19:00,318,157.02,0,1.0,2,0
17119.0,2,606.91,2011-12-06 14:40:00,2011-10-11 11:03:00,3,303.455,56,0.03508771929824561,2,0
17120.0,1,307.46,2011-04-20 15:21:00,2011-04-20 15:21:00,233,307.46,0,1.0,2,0
17122.0,1,138.32,2011-08-12 14:33:00,2011-08-12 14:33:00,119,138.32,0,1.0,2,0
17123.0,1,345.3,2011-07-01 10:47:00,2011-07-01 10:47:00,162,345.3,0,1.0,2,0
17124.0,1,298.89,2011-06-07 14:02:00,2011-06-07 14:02:00,185,298.89,0,1.0,2,0
17125.0,1,259.35,2011-10-20 14:41:00,2011-10-20 14:41:00,50,259.35,0,1.0,2,0
17126.0,5,1004.75,2011-07-10 13:52:00,2010-12-12 11:26:00,152,200.95,210,0.023696682464454975,2,0
17128.0,1,157.09,2011-01-09 12:02:00,2011-01-09 12:02:00,335,157.09,0,1.0,2,0
17131.0,5,2463.17,2011-12-04 12:52:00,2011-09-25 12:42:00,5,492.634,70,0.07042253521126761,1,1
17133.0,7,4892.240000000001,2011-11-24 12:27:00,2011-03-18 13:47:00,16,698.8914285714287,250,0.027888446215139442,1,1
17134.0,2,425.0,2011-08-25 09:53:00,2011-03-20 11:56:00,107,212.5,157,0.012658227848101266,2,0
17135.0,7,1139.73,2011-11-23 16:48:00,2010-12-03 09:31:00,16,162.81857142857143,355,0.019662921348314606,1,1
17138.0,1,380.5,2011-03-09 11:54:00,2011-03-09 11:54:00,276,380.5,0,1.0,2,0
17139.0,12,10668.47,2011-11-24 10:12:00,2011-02-24 09:32:00,16,889.0391666666666,273,0.043795620437956206,0,2
17140.0,1,465.32,2011-04-06 13:33:00,2011-04-06 13:33:00,247,465.32,0,1.0,2,0
17142.0,1,579.0,2011-04-14 18:22:00,2011-04-14 18:22:00,239,579.0,0,1.0,2,0
17144.0,2,984.57,2011-12-08 17:57:00,2011-09-16 12:50:00,1,492.285,83,0.023809523809523808,2,0
17146.0,3,749.78,2011-08-26 12:44:00,2010-12-16 12:20:00,106,249.92666666666665,253,0.011811023622047244,2,0
17147.0,4,1714.59,2011-11-17 12:32:00,2011-02-01 09:36:00,23,428.6475,289,0.013793103448275862,1,1
17148.0,1,124.88,2011-10-19 09:59:00,2011-10-19 09:59:00,52,124.88,0,1.0,2,0
17152.0,3,1689.5,2011-05-29 12:19:00,2011-03-21 16:20:00,195,563.1666666666666,68,0.043478260869565216,2,0
17153.0,1,213.78,2011-11-15 13:42:00,2011-11-15 13:42:00,24,213.78,0,1.0,2,0
17154.0,1,329.34,2011-09-25 13:42:00,2011-09-25 13:42:00,75,329.34,0,1.0,2,0
17155.0,2,251.7,2011-11-22 12:38:00,2011-06-15 10:22:00,18,125.85,160,0.012422360248447204,2,0
17157.0,2,319.0,2011-12-02 09:10:00,2011-06-16 15:08:00,8,159.5,168,0.011834319526627219,2,0
17158.0,3,1266.97,2011-11-07 15:15:00,2010-12-14 13:03:00,32,422.3233333333333,328,0.00911854103343465,2,0
17159.0,3,1538.88,2011-11-18 10:52:00,2011-06-21 09:49:00,22,512.96,150,0.019867549668874173,2,0
17160.0,6,3518.03,2011-11-08 14:05:00,2011-04-12 12:00:00,31,586.3383333333334,210,0.02843601895734597,1,1
17162.0,10,1715.46,2011-11-11 11:34:00,2011-02-07 12:27:00,29,171.546,276,0.036101083032490974,1,1
17163.0,2,293.1,2011-11-18 08:57:00,2011-09-22 15:54:00,22,146.55,56,0.03508771929824561,2,0
17164.0,7,2467.35,2011-11-07 09:14:00,2011-03-11 14:26:00,33,352.4785714285714,240,0.029045643153526972,1,1
17165.0,1,158.68,2011-02-28 16:39:00,2011-02-28 16:39:00,284,158.68,0,1.0,2,0
17166.0,2,206.34,2011-11-01 09:46:00,2011-05-20 08:18:00,39,103.17,165,0.012048192771084338,2,0
17169.0,2,835.78,2011-10-13 10:25:00,2011-06-09 13:16:00,58,417.89,125,0.015873015873015872,2,0
17171.0,1,224.91,2011-02-23 16:37:00,2011-02-23 16:37:00,289,224.91,0,1.0,2,0
17172.0,1,317.76,2011-09-22 09:36:00,2011-09-22 09:36:00,79,317.76,0,1.0,2,0
17173.0,8,3766.6,2011-12-04 14:40:00,2011-07-31 15:26:00,5,470.825,125,0.06349206349206349,1,1
17174.0,1,59.9,2011-05-06 11:47:00,2011-05-06 11:47:00,218,59.9,0,1.0,2,0
17175.0,4,1443.69,2011-10-26 15:31:00,2011-02-16 14:56:00,44,360.9225,252,0.015810276679841896,1,1
17176.0,1,306.13,2011-05-22 12:41:00,2011-05-22 12:41:00,202,306.13,0,1.0,2,0
17179.0,3,711.79,2011-06-14 16:48:00,2010-12-13 14:24:00,178,237.26333333333332,183,0.016304347826086956,2,0
17180.0,4,796.03,2011-10-14 15:46:00,2011-01-27 18:05:00,56,199.0075,259,0.015384615384615385,2,0
17181.0,2,239.92000000000002,2011-10-13 14:48:00,2010-12-01 12:38:00,57,119.96000000000001,316,0.006309148264984227,2,0
17183.0,6,3347.31,2011-12-02 10:07:00,2011-08-26 15:25:00,8,557.885,97,0.061224489795918366,1,1
17186.0,2,144.0,2011-10-24 10:20:00,2011-10-10 12:52:00,47,72.0,13,0.14285714285714285,2,0
17187.0,1,203.95,2011-04-27 12:39:00,2011-04-27 12:39:00,227,203.95,0,1.0,2,0
17188.0,7,2474.23,2011-11-28 13:53:00,2010-12-12 12:56:00,11,353.4614285714286,351,0.019886363636363636,1,1
17189.0,2,384.4,2011-08-25 19:39:00,2010-12-15 17:28:00,106,192.2,253,0.007874015748031496,2,0
17190.0,2,444.74,2011-10-12 11:33:00,2011-05-16 15:29:00,59,222.37,148,0.013422818791946308,2,0
17191.0,7,2095.13,2011-11-11 16:58:00,2010-12-06 14:36:00,28,299.30428571428575,340,0.020527859237536656,1,1
17193.0,7,1699.3,2011-11-04 12:47:00,2011-06-16 10:04:00,36,242.75714285714284,141,0.04929577464788732,1,1
17194.0,2,262.62,2011-03-11 12:05:00,2010-12-14 12:06:00,274,131.31,86,0.022988505747126436,2,0
17197.0,1,1013.01,2011-11-10 10:32:00,2011-11-10 10:32:00,30,1013.01,0,1.0,2,0
17198.0,3,692.22,2011-11-16 10:39:00,2010-12-03 14:54:00,24,230.74,347,0.008620689655172414,2,0
17201.0,1,342.63,2011-10-17 11:55:00,2011-10-17 11:55:00,54,342.63,0,1.0,2,0
17203.0,6,3563.85,2011-11-04 12:27:00,2011-10-10 14:37:00,36,593.975,24,0.24,1,1
17204.0,4,1564.56,2011-06-17 14:46:00,2011-03-21 12:42:00,175,391.14,88,0.0449438202247191,2,0
17205.0,1,384.08,2011-10-17 12:46:00,2011-10-17 12:46:00,54,384.08,0,1.0,2,0
17206.0,1,204.24,2011-10-17 13:25:00,2011-10-17 13:25:00,53,204.24,0,1.0,2,0
17211.0,8,2317.2200000000003,2011-11-13 12:03:00,2010-12-05 12:44:00,27,289.65250000000003,342,0.023323615160349854,1,1
17212.0,1,226.85,2011-03-31 19:42:00,2011-03-31 19:42:00,253,226.85,0,1.0,2,0
17213.0,7,2781.23,2011-10-30 14:53:00,2010-12-08 13:03:00,40,397.31857142857143,326,0.021406727828746176,1,1
17214.0,6,1069.1200000000001,2011-10-10 13:17:00,2010-12-15 15:14:00,60,178.1866666666667,298,0.020066889632107024,1,1
17217.0,1,113.5,2011-04-19 17:19:00,2011-04-19 17:19:00,234,113.5,0,1.0,2,0
17218.0,10,1960.72,2011-12-05 13:52:00,2010-12-06 15:25:00,4,196.072,363,0.027472527472527472,1,1
17219.0,1,114.23,2011-11-08 11:25:00,2011-11-08 11:25:00,32,114.23,0,1.0,2,0
17220.0,14,3198.25,2011-11-15 13:47:00,2010-12-10 14:54:00,24,228.44642857142858,339,0.041176470588235294,1,1
17221.0,2,335.13,2011-12-02 13:35:00,2011-11-03 17:39:00,7,167.565,28,0.06896551724137931,2,0
17222.0,1,354.15,2011-10-05 13:58:00,2011-10-05 13:58:00,65,354.15,0,1.0,2,0
17223.0,2,426.79,2011-02-02 15:57:00,2010-12-06 14:08:00,310,213.395,58,0.03389830508474576,2,0
17226.0,1,393.49,2011-02-04 11:52:00,2011-02-04 11:52:00,309,393.49,0,1.0,2,0
17227.0,6,939.32,2011-11-21 10:51:00,2010-12-06 11:16:00,19,156.55333333333334,349,0.017142857142857144,1,1
17228.0,8,1906.09,2011-11-24 10:24:00,2010-12-02 16:00:00,16,238.26125,356,0.022408963585434174,1,1
17229.0,2,318.76,2011-09-04 13:56:00,2011-07-20 12:38:00,96,159.38,46,0.0425531914893617,2,0
17230.0,8,3638.41,2011-03-20 16:12:00,2010-12-15 11:22:00,264,454.80125,95,0.08333333333333333,1,1
17231.0,10,3174.32,2011-11-27 15:18:00,2010-12-13 14:16:00,12,317.432,349,0.02857142857142857,1,1
17232.0,2,421.52,2011-12-07 12:21:00,2011-11-25 12:24:00,3,210.76,11,0.16666666666666666,2,0
17233.0,1,190.88,2011-11-04 14:06:00,2011-11-04 14:06:00,35,190.88,0,1.0,2,0
17234.0,1,149.89,2011-06-10 11:20:00,2011-06-10 11:20:00,183,149.89,0,1.0,2,0
17235.0,2,550.0600000000001,2011-11-14 15:51:00,2010-12-02 13:38:00,25,275.03000000000003,347,0.005747126436781609,2,0
17236.0,6,916.13,2011-11-27 12:00:00,2010-12-12 11:49:00,13,152.68833333333333,350,0.017094017094017096,1,1
17237.0,2,314.69,2011-11-28 15:02:00,2011-11-17 12:55:00,11,157.345,11,0.16666666666666666,2,0
17238.0,17,3744.65,2011-12-07 11:35:00,2010-12-03 15:05:00,3,220.2735294117647,368,0.04607046070460705,1,1
17239.0,1,382.5,2011-01-31 09:41:00,2011-01-31 09:41:00,313,382.5,0,1.0,2,0
17242.0,2,1135.04,2011-08-23 14:55:00,2011-06-12 13:04:00,108,567.52,72,0.0273972602739726,2,0
17243.0,26,8676.85,2011-12-08 13:26:00,2010-12-05 10:03:00,1,333.725,368,0.07046070460704607,0,2
17244.0,1,954.9,2011-10-17 15:19:00,2011-10-17 15:19:00,53,954.9,0,1.0,2,0
17245.0,1,171.45000000000002,2011-05-19 10:43:00,2011-05-19 10:43:00,205,171.45000000000002,0,1.0,2,0
17247.0,1,282.19,2011-11-24 15:21:00,2011-11-24 15:21:00,15,282.19,0,1.0,2,0
17248.0,1,318.65,2011-08-11 13:34:00,2011-08-11 13:34:00,120,318.65,0,1.0,2,0
17250.0,2,384.52,2011-12-06 12:15:00,2011-03-23 16:45:00,4,192.26,257,0.007751937984496124,2,0
17251.0,1,283.28000000000003,2010-12-12 11:06:00,2010-12-12 11:06:00,363,283.28000000000003,0,1.0,2,0
17252.0,2,353.86,2011-08-15 09:45:00,2011-06-06 16:41:00,117,176.93,69,0.02857142857142857,2,0
17253.0,1,178.26,2011-11-21 12:59:00,2011-11-21 12:59:00,18,178.26,0,1.0,2,0
17254.0,2,272.44,2011-12-05 12:46:00,2011-11-24 14:09:00,5,136.22,10,0.18181818181818182,2,0
17255.0,2,298.41,2011-10-30 12:18:00,2011-02-13 15:18:00,41,149.205,258,0.007722007722007722,2,0
17256.0,2,240.0,2011-08-24 13:30:00,2011-01-31 14:53:00,107,120.0,204,0.00975609756097561,2,0
17259.0,2,603.37,2011-07-14 15:01:00,2010-12-06 12:55:00,148,301.685,220,0.00904977375565611,2,0
17262.0,5,1253.3600000000001,2011-10-18 12:56:00,2010-12-08 13:30:00,52,250.67200000000003,313,0.01592356687898089,1,1
17263.0,1,63.440000000000005,2011-05-15 14:32:00,2011-05-15 14:32:00,208,63.440000000000005,0,1.0,2,0
17265.0,2,562.9,2011-07-24 10:49:00,2011-06-12 12:00:00,139,281.45,41,0.047619047619047616,2,0
17266.0,3,310.64,2011-12-07 14:12:00,2011-07-15 11:57:00,2,103.54666666666667,145,0.02054794520547945,2,0
17267.0,2,317.62,2011-08-04 17:22:00,2011-08-04 17:19:00,127,158.81,0,2.0,2,0
17268.0,4,763.64,2011-08-24 10:06:00,2011-04-08 13:20:00,108,190.91,137,0.028985507246376812,2,0
17272.0,4,2148.63,2011-10-28 16:37:00,2011-03-22 12:05:00,42,537.1575,220,0.01809954751131222,1,1
17274.0,1,111.98,2011-11-04 13:16:00,2011-11-04 13:16:00,35,111.98,0,1.0,2,0
17277.0,2,1065.3500000000001,2011-04-26 12:47:00,2011-01-21 12:37:00,228,532.6750000000001,95,0.020833333333333332,2,0
17278.0,1,246.04000000000002,2011-04-12 13:10:00,2011-04-12 13:10:00,241,246.04000000000002,0,1.0,2,0
17279.0,1,187.82999999999998,2011-10-13 11:58:00,2011-10-13 11:58:00,58,187.82999999999998,0,1.0,2,0
17282.0,3,1703.41,2011-08-01 14:29:00,2011-02-13 11:36:00,130,567.8033333333334,169,0.01764705882352941,2,0
17284.0,6,1652.58,2011-10-10 14:38:00,2011-01-07 14:31:00,60,275.43,276,0.021660649819494584,1,1
17286.0,1,153.92,2011-11-18 12:47:00,2011-11-18 12:47:00,22,153.92,0,1.0,2,0
17287.0,7,1064.11,2011-11-13 13:27:00,2010-12-02 12:22:00,26,152.01571428571427,346,0.020172910662824207,1,1
17288.0,7,1419.73,2011-11-30 16:09:00,2010-12-16 13:33:00,9,202.81857142857143,349,0.02,1,1
17289.0,3,944.41,2011-11-08 12:01:00,2011-06-12 13:51:00,32,314.80333333333334,148,0.020134228187919462,2,0
17290.0,2,525.24,2011-12-06 12:38:00,2011-11-23 15:53:00,4,262.62,12,0.15384615384615385,2,0
17291.0,1,550.8000000000001,2011-02-04 13:04:00,2011-02-04 13:04:00,308,550.8000000000001,0,1.0,2,0
17293.0,9,1875.11,2011-12-01 14:37:00,2010-12-13 14:55:00,8,208.34555555555553,352,0.025495750708215296,1,1
17295.0,3,556.95,2011-11-11 10:49:00,2011-10-06 12:22:00,29,185.65,35,0.08333333333333333,2,0
17297.0,1,131.78,2011-11-22 14:43:00,2011-11-22 14:43:00,17,131.78,0,1.0,2,0
17298.0,2,498.42,2011-08-30 16:43:00,2011-08-07 12:21:00,101,249.21,23,0.08333333333333333,2,0
17299.0,4,669.11,2011-11-28 12:01:00,2011-06-19 16:04:00,12,167.2775,161,0.024691358024691357,2,0
17301.0,1,197.63,2011-11-18 13:43:00,2011-11-18 13:43:00,21,197.63,0,1.0,2,0
17302.0,5,1135.63,2011-11-25 09:36:00,2011-02-07 10:14:00,15,227.12600000000003,290,0.01718213058419244,1,1
17303.0,1,250.04,2010-12-13 13:32:00,2010-12-13 13:32:00,361,250.04,0,1.0,2,0
17306.0,19,8631.31,2011-11-29 12:14:00,2010-12-21 13:34:00,11,454.2794736842105,342,0.05539358600583091,0,2
17309.0,1,82.75,2011-09-05 15:20:00,2011-09-05 15:20:00,95,82.75,0,1.0,2,0
17311.0,2,1384.85,2011-09-22 14:11:00,2011-01-27 10:56:00,78,692.425,238,0.008368200836820083,2,0
17312.0,3,644.3,2011-07-24 11:52:00,2011-07-03 13:12:00,139,214.76666666666665,20,0.14285714285714285,2,0
17313.0,1,2328.84,2011-11-08 15:45:00,2011-11-08 15:45:00,31,2328.84,0,1.0,1,1
17314.0,8,2527.92,2011-11-15 09:41:00,2011-01-31 11:25:00,25,315.99,287,0.027777777777777776,1,1
17317.0,3,2600.34,2011-10-24 17:19:00,2011-09-11 12:45:00,46,866.7800000000001,43,0.06818181818181818,1,1
17320.0,3,1200.6200000000001,2011-08-31 13:31:00,2010-12-06 15:38:00,100,400.2066666666667,267,0.011194029850746268,2,0
17321.0,2,700.86,2011-12-01 13:41:00,2011-10-03 11:34:00,8,350.43,59,0.03333333333333333,2,0
17323.0,7,921.0699999999999,2011-11-24 17:29:00,2011-02-20 14:38:00,15,131.58142857142857,277,0.025179856115107913,1,1
17324.0,4,990.23,2011-11-22 10:34:00,2010-12-08 12:45:00,18,247.5575,348,0.011461318051575931,2,0
17325.0,1,96.8,2011-03-04 13:09:00,2011-03-04 13:09:00,280,96.8,0,1.0,2,0
17329.0,2,523.11,2011-11-25 14:24:00,2011-01-28 15:29:00,14,261.555,300,0.006644518272425249,2,0
17330.0,2,363.9,2011-11-17 08:56:00,2011-10-03 11:26:00,23,181.95,44,0.044444444444444446,2,0
17331.0,1,175.2,2011-08-08 11:55:00,2011-08-08 11:55:00,124,175.2,0,1.0,2,0
17333.0,1,494.25,2011-09-15 10:11:00,2011-09-15 10:11:00,86,494.25,0,1.0,2,0
17334.0,2,307.02000000000004,2011-02-10 14:59:00,2011-02-04 09:03:00,302,153.51000000000002,6,0.2857142857142857,2,0
17337.0,4,2027.8700000000001,2011-07-11 14:55:00,2011-02-02 17:06:00,151,506.96750000000003,158,0.025157232704402517,1,1
17338.0,8,6643.93,2011-11-22 14:23:00,2010-12-13 12:57:00,17,830.49125,344,0.02318840579710145,0,2
17339.0,2,243.36,2011-09-06 13:29:00,2010-12-09 14:44:00,94,121.68,270,0.007380073800738007,2,0
17340.0,11,12353.29,2011-11-10 10:45:00,2010-12-08 15:56:00,30,1123.0263636363636,336,0.032640949554896145,0,2
17341.0,3,781.36,2011-07-06 12:33:00,2010-12-08 12:46:00,157,260.4533333333333,209,0.014285714285714285,2,0
17343.0,1,193.64,2010-12-19 15:07:00,2010-12-19 15:07:00,355,193.64,0,1.0,2,0
17344.0,1,160.57,2011-10-24 12:56:00,2011-10-24 12:56:00,46,160.57,0,1.0,2,0
17345.0,4,537.74,2011-11-24 15:03:00,2011-05-27 12:26:00,15,134.435,181,0.02197802197802198,2,0
17346.0,15,2676.56,2011-12-06 12:18:00,2010-12-01 14:34:00,4,178.43733333333333,369,0.04054054054054054,1,1
17347.0,1,228.96,2011-09-14 13:12:00,2011-09-14 13:12:00,86,228.96,0,1.0,2,0
17348.0,5,1159.52,2011-11-25 11:25:00,2011-02-15 10:49:00,15,231.904,283,0.017605633802816902,1,1
17349.0,1,110.75,2011-06-13 14:29:00,2011-06-13 14:29:00,179,110.75,0,1.0,2,0
17350.0,4,1286.07,2011-12-01 15:47:00,2011-10-19 16:05:00,8,321.5175,42,0.09302325581395349,2,0
17351.0,3,587.15,2011-11-03 18:45:00,2011-03-11 16:05:00,36,195.71666666666667,237,0.012605042016806723,2,0
17353.0,2,1740.0,2011-08-02 17:19:00,2011-07-08 16:17:00,129,870.0,25,0.07692307692307693,2,0
17354.0,1,1393.06,2011-10-20 10:34:00,2011-10-20 10:34:00,51,1393.06,0,1.0,1,1
17356.0,1,178.22,2011-02-01 11:07:00,2011-02-01 11:07:00,312,178.22,0,1.0,2,0
17357.0,2,388.14,2011-11-15 16:30:00,2011-11-15 16:29:00,24,194.07,0,2.0,2,0
17358.0,2,365.85,2011-02-09 16:57:00,2010-12-19 14:16:00,303,182.925,52,0.03773584905660377,2,0
17359.0,1,127.86,2011-11-28 14:37:00,2011-11-28 14:37:00,11,127.86,0,1.0,2,0
17360.0,3,585.79,2011-11-22 13:11:00,2011-06-08 17:09:00,17,195.26333333333332,166,0.017964071856287425,2,0
17361.0,3,488.2,2011-10-21 15:43:00,2011-02-21 09:55:00,49,162.73333333333332,242,0.012345679012345678,2,0
17362.0,2,312.23,2011-04-14 14:43:00,2011-02-03 10:26:00,239,156.115,70,0.028169014084507043,2,0
17364.0,11,4481.18,2011-12-09 09:00:00,2011-01-12 16:57:00,1,407.38000000000005,330,0.03323262839879154,1,1
17365.0,8,4801.56,2011-11-27 12:13:00,2011-01-11 12:11:00,13,600.195,320,0.024922118380062305,1,1
17367.0,1,168.4,2011-04-15 14:21:00,2011-04-15 14:21:00,238,168.4,0,1.0,2,0
17368.0,8,1912.67,2011-11-16 15:26:00,2011-01-06 11:57:00,23,239.08375,314,0.025396825396825397,1,1
17370.0,4,446.18,2011-09-28 10:14:00,2011-06-23 11:50:00,73,111.545,96,0.041237113402061855,2,0
17371.0,3,423.89,2011-11-22 13:30:00,2010-12-13 15:20:00,17,141.29666666666665,343,0.00872093023255814,2,0
17372.0,8,1342.68,2011-10-30 11:37:00,2010-12-12 12:00:00,41,167.835,321,0.024844720496894408,1,1
17373.0,4,646.92,2011-10-30 15:28:00,2011-01-31 11:46:00,40,161.73,272,0.014652014652014652,2,0
17374.0,2,495.77,2011-05-05 09:05:00,2011-03-03 12:53:00,219,247.885,62,0.031746031746031744,2,0
17375.0,3,400.1,2011-05-24 15:45:00,2010-12-13 15:16:00,199,133.36666666666667,162,0.018404907975460124,2,0
17376.0,2,203.2,2011-09-30 12:36:00,2011-02-01 14:12:00,71,101.6,240,0.008298755186721992,2,0
17377.0,20,4100.92,2011-11-16 11:17:00,2010-12-01 12:35:00,24,205.046,349,0.05714285714285714,1,1
17379.0,1,404.66,2011-11-28 13:56:00,2011-11-28 13:56:00,11,404.66,0,1.0,2,0
17382.0,1,65.4,2011-10-05 13:05:00,2011-10-05 13:05:00,65,65.4,0,1.0,2,0
17383.0,1,199.29,2011-12-05 17:36:00,2011-12-05 17:36:00,4,199.29,0,1.0,2,0
17384.0,2,336.4,2011-11-20 15:48:00,2011-05-04 16:07:00,19,168.2,199,0.01,2,0
17385.0,1,261.11,2011-11-25 11:02:00,2011-11-25 11:02:00,15,261.11,0,1.0,2,0
17386.0,6,2686.42,2011-12-02 11:28:00,2011-06-27 12:11:00,8,447.7366666666667,157,0.0379746835443038,1,1
17387.0,2,784.11,2011-11-20 11:00:00,2011-11-06 11:25:00,20,392.055,13,0.14285714285714285,2,0
17388.0,4,1259.56,2011-09-23 10:31:00,2011-02-25 12:28:00,78,314.89,209,0.01904761904761905,2,0
17391.0,2,508.8,2011-06-29 09:58:00,2011-06-28 12:21:00,164,254.4,0,2.0,2,0
17392.0,2,457.91,2011-02-06 12:48:00,2010-12-16 19:04:00,307,228.955,51,0.038461538461538464,2,0
17394.0,1,203.86999999999998,2011-05-04 13:22:00,2011-05-04 13:22:00,219,203.86999999999998,0,1.0,2,0
17396.0,8,7330.8,2011-10-31 14:12:00,2010-12-03 09:45:00,39,916.35,332,0.024024024024024024,0,2
17397.0,2,696.41,2011-11-17 14:08:00,2011-11-17 13:58:00,22,348.205,0,2.0,2,0
17398.0,3,653.38,2011-08-17 09:48:00,2011-03-29 13:04:00,115,217.79333333333332,140,0.02127659574468085,2,0
17400.0,5,2129.96,2011-08-05 15:38:00,2010-12-21 17:16:00,126,425.992,226,0.022026431718061675,1,1
17402.0,13,2633.85,2011-12-05 10:15:00,2010-12-05 13:53:00,5,202.60384615384615,364,0.03561643835616438,1,1
17403.0,1,281.62,2011-11-03 15:18:00,2011-11-03 15:18:00,36,281.62,0,1.0,2,0
17405.0,3,1031.41,2011-12-08 17:12:00,2011-07-12 14:17:00,1,343.80333333333334,149,0.02,2,0
17406.0,3,2200.42,2011-01-10 15:07:00,2010-12-08 10:35:00,333,733.4733333333334,33,0.08823529411764706,2,0
17408.0,1,32.65,2011-06-29 12:53:00,2011-06-29 12:53:00,163,32.65,0,1.0,2,0
17409.0,2,771.85,2011-06-08 10:36:00,2011-04-05 16:42:00,185,385.925,63,0.03125,2,0
17410.0,5,1214.72,2011-11-23 15:46:00,2011-05-08 15:21:00,16,242.94400000000002,199,0.025,1,1
17411.0,3,778.94,2011-11-27 14:25:00,2011-03-23 13:44:00,12,259.6466666666667,249,0.012,2,0
17412.0,7,1258.06,2011-12-07 11:36:00,2010-12-02 16:29:00,3,179.72285714285712,369,0.01891891891891892,1,1
17414.0,2,778.0,2011-10-27 12:13:00,2011-06-08 11:43:00,44,389.0,141,0.014084507042253521,2,0
17415.0,1,507.84,2011-09-21 12:50:00,2011-09-21 12:50:00,80,507.84,0,1.0,2,0
17416.0,7,6893.42,2011-11-10 12:47:00,2011-03-03 13:45:00,30,984.7742857142857,251,0.027777777777777776,0,2
17418.0,2,463.46000000000004,2011-10-28 13:00:00,2011-01-20 11:39:00,42,231.73000000000002,281,0.0070921985815602835,2,0
17419.0,12,4226.57,2011-11-28 13:47:00,2010-12-07 15:03:00,11,352.21416666666664,355,0.033707865168539325,1,1
17420.0,3,598.83,2011-10-20 14:52:00,2010-12-01 09:56:00,50,199.61,323,0.009259259259259259,2,0
17422.0,6,1979.37,2011-11-23 13:27:00,2011-02-16 14:44:00,16,329.895,279,0.02142857142857143,1,1
17423.0,2,698.41,2011-10-24 13:36:00,2011-05-06 09:14:00,46,349.205,171,0.011627906976744186,2,0
17425.0,2,759.1700000000001,2011-11-20 15:30:00,2011-10-10 11:37:00,19,379.58500000000004,41,0.047619047619047616,2,0
17426.0,6,5037.26,2011-12-01 18:07:00,2011-03-02 16:34:00,8,839.5433333333334,274,0.02181818181818182,1,1
17427.0,1,100.8,2011-09-29 11:29:00,2011-09-29 11:29:00,72,100.8,0,1.0,2,0
17429.0,3,524.9200000000001,2011-08-03 13:22:00,2011-05-05 09:53:00,128,174.97333333333336,90,0.03296703296703297,2,0
17430.0,2,265.76,2011-11-07 09:24:00,2010-12-09 13:05:00,33,132.88,332,0.006006006006006006,2,0
17431.0,1,403.3,2011-01-30 14:36:00,2011-01-30 14:36:00,313,403.3,0,1.0,2,0
17432.0,2,365.76,2011-11-21 17:33:00,2011-11-02 17:30:00,18,182.88,19,0.1,2,0
17433.0,1,303.16,2011-09-12 14:24:00,2011-09-12 14:24:00,88,303.16,0,1.0,2,0
17434.0,7,2373.82,2011-12-07 13:16:00,2011-09-15 13:54:00,2,339.1171428571429,82,0.08433734939759036,1,1
17436.0,2,216.3,2011-12-08 12:30:00,2011-04-27 11:33:00,2,108.15,225,0.008849557522123894,2,0
17438.0,1,388.45000000000005,2011-03-31 10:26:00,2011-03-31 10:26:00,254,388.45000000000005,0,1.0,2,0
17440.0,3,186.42000000000002,2011-07-06 11:54:00,2011-04-06 12:05:00,157,62.14000000000001,90,0.03296703296703297,2,0
17442.0,6,2248.56,2011-11-03 09:17:00,2011-02-22 13:02:00,37,374.76,253,0.023622047244094488,1,1
17443.0,1,534.24,2011-05-04 10:47:00,2011-05-04 10:47:00,220,534.24,0,1.0,2,0
17444.0,3,2940.04,2011-07-15 12:05:00,2011-06-20 09:04:00,148,980.0133333333333,25,0.11538461538461539,1,1
17446.0,2,120.89999999999999,2011-06-16 10:42:00,2011-02-02 14:40:00,177,60.449999999999996,133,0.014925373134328358,2,0
17447.0,2,541.53,2011-10-30 14:18:00,2011-09-29 10:10:00,40,270.765,31,0.0625,2,0
17449.0,7,2520.86,2011-12-07 16:56:00,2010-12-15 10:57:00,2,360.1228571428572,357,0.019553072625698324,1,1
17451.0,7,1721.4,2011-12-08 15:02:00,2011-08-26 11:54:00,1,245.91428571428574,104,0.06666666666666667,1,1
17453.0,2,486.72,2011-11-22 09:42:00,2011-10-06 17:02:00,18,243.36,46,0.0425531914893617,2,0
17454.0,4,517.53,2011-05-31 13:58:00,2010-12-15 10:54:00,192,129.3825,167,0.023809523809523808,2,0
17455.0,1,131.7,2011-05-20 12:31:00,2011-05-20 12:31:00,204,131.7,0,1.0,2,0
17456.0,1,249.86,2010-12-09 15:23:00,2010-12-09 15:23:00,365,249.86,0,1.0,2,0
17457.0,5,1737.7,2011-08-05 12:48:00,2011-01-04 14:33:00,127,347.54,212,0.023474178403755867,1,1
17458.0,1,316.5,2011-11-24 13:01:00,2011-11-24 13:01:00,15,316.5,0,1.0,2,0
17459.0,2,657.3,2011-10-27 13:25:00,2011-10-10 17:00:00,43,328.65,16,0.11764705882352941,2,0
17460.0,6,622.4300000000001,2011-09-06 15:04:00,2010-12-01 16:24:00,94,103.73833333333334,278,0.021505376344086023,2,0
17461.0,3,757.46,2011-11-17 10:21:00,2011-11-10 12:01:00,23,252.48666666666668,6,0.42857142857142855,2,0
17462.0,2,675.69,2011-10-10 13:56:00,2011-02-28 17:01:00,60,337.845,223,0.008928571428571428,2,0
17463.0,5,1896.41,2011-11-23 13:40:00,2011-01-30 15:48:00,16,379.28200000000004,296,0.016835016835016835,1,1
17464.0,1,289.96000000000004,2011-07-04 13:19:00,2011-07-04 13:19:00,158,289.96000000000004,0,1.0,2,0
17466.0,2,763.28,2011-11-29 13:15:00,2011-09-22 09:16:00,10,381.64,68,0.028985507246376812,2,0
17468.0,2,137.0,2011-11-29 15:33:00,2011-11-25 12:52:00,10,68.5,4,0.4,2,0
17469.0,5,1870.97,2011-11-23 13:15:00,2011-05-19 08:55:00,16,374.194,188,0.026455026455026454,1,1
17470.0,5,1125.07,2011-10-26 12:42:00,2010-12-07 09:57:00,45,225.01399999999998,323,0.015432098765432098,1,1
17472.0,3,710.29,2011-06-01 14:57:00,2011-02-13 14:40:00,191,236.76333333333332,108,0.027522935779816515,2,0
17475.0,1,194.37,2011-09-21 14:55:00,2011-09-21 14:55:00,79,194.37,0,1.0,2,0
17480.0,1,511.82,2011-09-23 11:39:00,2011-09-23 11:39:00,78,511.82,0,1.0,2,0
17481.0,4,1255.59,2011-12-06 12:28:00,2011-09-07 09:57:00,4,313.8975,90,0.04395604395604396,2,0
17483.0,3,414.04,2011-10-05 13:10:00,2011-06-09 19:40:00,65,138.01333333333335,117,0.025423728813559324,2,0
17486.0,1,396.87,2011-03-23 14:00:00,2011-03-23 14:00:00,261,396.87,0,1.0,2,0
17489.0,2,376.64,2011-10-12 08:56:00,2011-05-11 11:34:00,59,188.32,153,0.012987012987012988,2,0
17490.0,7,2092.32,2011-12-09 09:08:00,2011-06-16 09:15:00,1,298.90285714285716,175,0.03977272727272727,1,1
17491.0,10,3558.87,2011-12-08 16:18:00,2010-12-07 12:18:00,1,355.887,366,0.027247956403269755,1,1
17492.0,1,374.57,2011-04-05 15:21:00,2011-04-05 15:21:00,248,374.57,0,1.0,2,0
17495.0,2,497.56,2011-12-02 12:08:00,2011-11-01 12:06:00,8,248.78,31,0.0625,2,0
17496.0,1,271.05,2010-12-16 08:39:00,2010-12-16 08:39:00,359,271.05,0,1.0,2,0
17498.0,1,272.21999999999997,2011-09-25 12:25:00,2011-09-25 12:25:00,76,272.21999999999997,0,1.0,2,0
17499.0,1,622.88,2011-02-23 09:14:00,2011-02-23 09:14:00,290,622.88,0,1.0,2,0
17500.0,3,1138.0,2011-11-22 14:25:00,2011-11-10 09:08:00,17,379.3333333333333,12,0.23076923076923078,2,0
17501.0,2,288.6,2011-05-03 09:47:00,2011-05-03 09:46:00,221,144.3,0,2.0,2,0
17502.0,4,689.1,2011-11-30 13:13:00,2011-11-10 16:39:00,9,172.275,19,0.2,2,0
17503.0,2,558.96,2011-12-07 09:18:00,2011-11-01 11:12:00,3,279.48,35,0.05555555555555555,2,0
17504.0,9,2997.03,2011-05-17 12:59:00,2011-01-21 11:09:00,206,333.00333333333333,116,0.07692307692307693,1,1
17505.0,2,1145.8400000000001,2011-07-01 12:50:00,2011-05-18 09:01:00,162,572.9200000000001,44,0.044444444444444446,2,0
17506.0,1,302.2,2011-09-25 11:39:00,2011-09-25 11:39:00,76,302.2,0,1.0,2,0
17507.0,2,605.58,2011-03-23 11:48:00,2011-02-03 18:08:00,262,302.79,47,0.041666666666666664,2,0
17508.0,1,387.31,2011-03-04 08:10:00,2011-03-04 08:10:00,281,387.31,0,1.0,2,0
17509.0,8,6115.14,2011-10-13 10:26:00,2011-10-07 13:14:00,58,764.3925,5,1.3333333333333333,1,1
17510.0,1,308.48,2011-11-15 10:00:00,2011-11-15 10:00:00,25,308.48,0,1.0,2,0
17512.0,10,2924.9900000000002,2011-11-11 12:11:00,2011-02-11 12:22:00,29,292.499,272,0.03663003663003663,1,1
17513.0,1,513.2,2011-09-28 16:42:00,2011-09-28 16:42:00,72,513.2,0,1.0,2,0
17514.0,1,208.65,2011-08-03 15:45:00,2011-08-03 15:45:00,128,208.65,0,1.0,2,0
17515.0,4,639.02,2011-11-08 14:04:00,2011-01-25 14:33:00,31,159.755,286,0.013937282229965157,2,0
17516.0,5,768.08,2011-11-24 16:51:00,2011-02-27 12:41:00,15,153.616,270,0.01845018450184502,2,0
17517.0,1,153.94,2011-02-04 11:48:00,2011-02-04 11:48:00,309,153.94,0,1.0,2,0
17519.0,6,1844.02,2011-11-22 16:43:00,2010-12-06 15:18:00,17,307.33666666666664,351,0.017045454545454544,1,1
17520.0,1,546.81,2011-10-17 12:04:00,2011-10-17 12:04:00,54,546.81,0,1.0,2,0
17521.0,3,723.21,2011-11-10 11:22:00,2011-05-24 15:14:00,30,241.07000000000002,169,0.01764705882352941,2,0
17522.0,5,1070.71,2011-12-08 12:31:00,2011-05-05 16:31:00,2,214.142,216,0.02304147465437788,2,0
17523.0,4,652.74,2011-11-28 13:20:00,2011-11-20 13:40:00,11,163.185,7,0.5,2,0
17524.0,1,145.0,2010-12-13 14:32:00,2010-12-13 14:32:00,361,145.0,0,1.0,2,0
17525.0,1,422.7,2010-12-15 12:05:00,2010-12-15 12:05:00,360,422.7,0,1.0,2,0
17526.0,4,1195.8999999999999,2011-12-05 11:05:00,2010-12-09 12:20:00,5,298.97499999999997,360,0.0110803324099723,1,1
17527.0,4,939.37,2011-10-17 12:32:00,2011-05-05 13:43:00,54,234.8425,164,0.024242424242424242,2,0
17528.0,8,3628.5,2011-12-08 13:27:00,2011-09-29 13:04:00,1,453.5625,70,0.11267605633802817,1,1
17530.0,10,2385.0,2011-12-08 18:42:00,2010-12-09 20:01:00,1,238.5,363,0.027472527472527472,1,1
17531.0,1,296.7,2011-06-02 19:17:00,2011-06-02 19:17:00,190,296.7,0,1.0,2,0
17534.0,1,223.36,2011-10-17 12:47:00,2011-10-17 12:47:00,54,223.36,0,1.0,2,0
17535.0,1,164.4,2011-03-04 15:20:00,2011-03-04 15:20:00,280,164.4,0,1.0,2,0
17536.0,1,76.5,2011-06-15 13:23:00,2011-06-15 13:23:00,177,76.5,0,1.0,2,0
17537.0,2,897.62,2011-11-10 10:56:00,2011-02-09 13:37:00,30,448.81,273,0.0072992700729927005,2,0
17538.0,1,98.42,2011-11-14 12:12:00,2011-11-14 12:12:00,26,98.42,0,1.0,2,0
17540.0,2,578.9,2011-11-15 11:56:00,2011-01-27 14:35:00,25,289.45,291,0.00684931506849315,2,0
17542.0,1,170.75,2011-03-15 11:45:00,2011-03-15 11:45:00,270,170.75,0,1.0,2,0
17548.0,1,103.3,2011-04-20 12:01:00,2011-04-20 12:01:00,234,103.3,0,1.0,2,0
17549.0,2,148.86,2011-11-16 09:59:00,2011-10-19 10:05:00,24,74.43,27,0.07142857142857142,2,0
17550.0,3,267.16,2011-05-26 14:09:00,2011-04-10 15:19:00,197,89.05333333333334,45,0.06521739130434782,2,0
17551.0,1,306.84,2010-12-15 14:12:00,2010-12-15 14:12:00,359,306.84,0,1.0,2,0
17552.0,4,930.41,2011-10-10 17:00:00,2010-12-02 18:45:00,60,232.6025,311,0.01282051282051282,2,0
17553.0,1,1487.6,2011-08-02 10:00:00,2011-08-02 10:00:00,130,1487.6,0,1.0,1,1
17554.0,5,1952.45,2011-12-08 14:15:00,2011-07-14 20:01:00,1,390.49,146,0.034013605442176874,1,1
17555.0,2,483.26,2011-11-20 12:22:00,2011-01-09 12:31:00,20,241.63,314,0.006349206349206349,2,0
17556.0,1,157.9,2011-05-18 10:48:00,2011-05-18 10:48:00,206,157.9,0,1.0,2,0
17557.0,3,541.46,2011-11-25 12:57:00,2011-09-19 14:23:00,14,180.48666666666668,66,0.04477611940298507,2,0
17560.0,4,854.95,2011-09-06 09:18:00,2011-02-02 11:14:00,95,213.7375,215,0.018518518518518517,2,0
17561.0,1,167.62,2011-11-20 12:53:00,2011-11-20 12:53:00,19,167.62,0,1.0,2,0
17562.0,7,1122.38,2011-11-25 14:21:00,2011-06-19 13:06:00,14,160.34,159,0.04375,1,1
17564.0,3,454.01,2011-11-15 13:27:00,2011-09-20 14:00:00,24,151.33666666666667,55,0.05357142857142857,2,0
17566.0,2,901.21,2011-12-01 19:54:00,2011-11-14 13:42:00,8,450.605,17,0.1111111111111111,2,0
17567.0,8,4331.48,2011-12-02 15:48:00,2010-12-02 15:18:00,7,541.435,365,0.02185792349726776,1,1
17569.0,1,344.14,2011-01-11 14:15:00,2011-01-11 14:15:00,332,344.14,0,1.0,2,0
17571.0,4,1498.51,2011-10-20 15:57:00,2011-02-14 15:15:00,50,374.6275,248,0.01606425702811245,1,1
17572.0,4,226.75000000000003,2011-09-29 17:53:00,2010-12-01 12:51:00,71,56.68750000000001,302,0.013201320132013201,2,0
17573.0,3,380.6,2011-11-10 13:01:00,2011-09-07 10:36:00,29,126.86666666666667,64,0.046153846153846156,2,0
17574.0,1,185.65,2011-04-11 09:47:00,2011-04-11 09:47:00,243,185.65,0,1.0,2,0
17576.0,19,3622.68,2011-12-01 17:56:00,2010-12-09 16:57:00,8,190.66736842105263,357,0.05307262569832402,1,1
17578.0,1,143.45999999999998,2011-05-05 18:38:00,2011-05-05 18:38:00,218,143.45999999999998,0,1.0,2,0
17579.0,3,448.90000000000003,2011-12-05 12:28:00,2011-06-13 14:12:00,5,149.63333333333335,174,0.017142857142857144,2,0
17580.0,3,215.72,2011-04-01 12:41:00,2010-12-16 15:27:00,253,71.90666666666667,105,0.02830188679245283,2,0
17581.0,25,11045.04,2011-12-09 12:21:00,2010-12-02 14:47:00,1,441.8016,371,0.06720430107526881,0,2
17582.0,1,175.27,2011-04-17 13:18:00,2011-04-17 13:18:00,236,175.27,0,1.0,2,0
17584.0,2,1242.3,2011-12-02 17:12:00,2011-08-04 14:12:00,7,621.15,120,0.01652892561983471,2,0
17585.0,4,1133.07,2011-08-22 13:30:00,2011-01-05 15:09:00,109,283.2675,228,0.017467248908296942,2,0
17588.0,3,1240.2,2011-08-31 13:37:00,2011-04-21 10:31:00,100,413.40000000000003,132,0.022556390977443608,2,0
17589.0,4,2404.17,2011-10-10 16:58:00,2011-04-13 13:47:00,60,601.0425,180,0.022099447513812154,1,1
17590.0,3,1479.22,2011-12-07 12:55:00,2011-10-30 14:05:00,2,493.0733333333333,37,0.07894736842105263,2,0
17591.0,7,2225.9700000000003,2011-09-27 13:42:00,2010-12-07 15:39:00,73,317.9957142857143,293,0.023809523809523808,1,1
17593.0,5,3927.34,2011-12-06 10:30:00,2010-12-22 10:29:00,4,785.4680000000001,349,0.014285714285714285,1,1
17594.0,2,993.1800000000001,2011-09-15 16:34:00,2011-03-30 10:32:00,85,496.59000000000003,169,0.011764705882352941,2,0
17595.0,2,388.79,2011-11-27 16:08:00,2011-11-02 16:19:00,12,194.395,24,0.08,2,0
17596.0,7,2827.93,2011-11-16 14:11:00,2010-12-06 12:34:00,23,403.98999999999995,345,0.02023121387283237,1,1
17597.0,1,2044.3700000000001,2011-05-10 11:54:00,2011-05-10 11:54:00,214,2044.3700000000001,0,1.0,1,1
17600.0,1,161.67000000000002,2011-11-22 09:43:00,2011-11-22 09:43:00,18,161.67000000000002,0,1.0,2,0
17601.0,1,116.00999999999999,2011-04-14 18:02:00,2011-04-14 18:02:00,239,116.00999999999999,0,1.0,2,0
17602.0,6,5102.97,2011-12-07 13:53:00,2011-01-19 16:18:00,2,850.495,321,0.018633540372670808,1,1
17603.0,1,394.72,2011-09-22 14:18:00,2011-09-22 14:18:00,78,394.72,0,1.0,2,0
17604.0,2,309.36,2011-05-06 13:43:00,2011-01-31 15:09:00,217,154.68,94,0.021052631578947368,2,0
17608.0,2,193.42,2011-11-06 13:06:00,2011-11-06 13:00:00,33,96.71,0,2.0,2,0
17609.0,5,1112.22,2011-10-30 12:28:00,2011-01-16 16:23:00,41,222.44400000000002,286,0.017421602787456445,2,0
17611.0,15,3984.22,2011-12-02 13:29:00,2010-12-13 13:52:00,7,265.61466666666666,353,0.0423728813559322,1,1
17612.0,6,2048.45,2011-10-17 14:59:00,2011-02-15 10:40:00,53,341.4083333333333,244,0.024489795918367346,1,1
17613.0,14,4559.150000000001,2011-11-17 10:51:00,2011-02-07 11:20:00,23,325.65357142857147,282,0.04946996466431095,1,1
17614.0,1,390.07,2011-10-13 16:01:00,2011-10-13 16:01:00,57,390.07,0,1.0,2,0
17615.0,3,329.6,2011-08-01 14:06:00,2011-05-01 15:33:00,130,109.86666666666667,91,0.03260869565217391,2,0
17616.0,3,571.1999999999999,2011-06-19 10:11:00,2010-12-07 10:04:00,174,190.39999999999998,194,0.015384615384615385,2,0
17618.0,3,971.58,2011-12-04 11:50:00,2010-12-12 16:05:00,6,323.86,356,0.008403361344537815,2,0
17619.0,1,218.52,2011-01-31 14:18:00,2011-01-31 14:18:00,312,218.52,0,1.0,2,0
17620.0,1,81.44,2011-10-11 12:08:00,2011-10-11 12:08:00,60,81.44,0,1.0,2,0
17621.0,3,1379.9,2011-11-18 17:11:00,2010-12-20 13:31:00,21,459.9666666666667,333,0.008982035928143712,1,1
17623.0,1,527.05,2011-11-07 11:32:00,2011-11-07 11:32:00,33,527.05,0,1.0,2,0
17624.0,2,843.48,2011-11-25 10:52:00,2011-05-05 17:59:00,15,421.74,203,0.00980392156862745,2,0
17625.0,4,2047.0,2011-11-21 13:36:00,2011-03-27 12:21:00,18,511.75,239,0.016666666666666666,1,1
17628.0,1,75.75,2011-09-19 15:21:00,2011-09-19 15:21:00,81,75.75,0,1.0,2,0
17629.0,8,1814.1200000000001,2011-12-04 10:56:00,2010-12-15 09:58:00,6,226.76500000000001,354,0.022535211267605635,1,1
17630.0,2,503.6,2011-06-23 11:58:00,2011-04-21 14:03:00,170,251.8,62,0.031746031746031744,2,0
17631.0,3,528.33,2011-12-08 09:47:00,2011-04-21 13:22:00,2,176.11,230,0.012987012987012988,2,0
17633.0,4,1324.84,2011-11-08 13:25:00,2011-08-11 15:43:00,31,331.21,88,0.0449438202247191,2,0
17634.0,9,2361.9700000000003,2011-11-03 13:09:00,2011-01-06 12:45:00,36,262.4411111111111,301,0.029801324503311258,1,1
17636.0,1,285.56,2011-11-20 14:40:00,2011-11-20 14:40:00,19,285.56,0,1.0,2,0
17637.0,2,547.0600000000001,2011-11-08 12:51:00,2011-08-16 13:25:00,31,273.53000000000003,83,0.023809523809523808,2,0
17639.0,1,108.5,2011-03-08 15:22:00,2011-03-08 15:22:00,276,108.5,0,1.0,2,0
17640.0,1,621.66,2011-09-14 09:13:00,2011-09-14 09:13:00,87,621.66,0,1.0,2,0
17642.0,2,712.29,2011-08-12 09:11:00,2011-06-16 12:55:00,120,356.145,56,0.03508771929824561,2,0
17643.0,1,101.55,2010-12-01 14:38:00,2010-12-01 14:38:00,373,101.55,0,1.0,2,0
17644.0,11,2895.64,2011-12-08 13:43:00,2011-03-24 09:44:00,1,263.24,259,0.04230769230769231,1,1
17646.0,3,1008.39,2011-05-04 13:17:00,2010-12-09 14:28:00,219,336.13,145,0.02054794520547945,2,0
17647.0,1,133.06,2011-10-05 15:38:00,2011-10-05 15:38:00,65,133.06,0,1.0,2,0
17648.0,4,1797.5,2011-10-10 09:41:00,2011-04-04 10:29:00,61,449.375,188,0.021164021164021163,1,1
17649.0,1,868.49,2011-07-24 15:53:00,2011-07-24 15:53:00,138,868.49,0,1.0,2,0
17650.0,1,166.07999999999998,2011-11-18 14:52:00,2011-11-18 14:52:00,21,166.07999999999998,0,1.0,2,0
17651.0,10,3945.0,2011-11-28 10:29:00,2011-06-15 15:57:00,12,394.5,165,0.060240963855421686,1,1
17652.0,12,4867.72,2011-11-14 12:55:00,2011-03-03 14:05:00,25,405.6433333333334,255,0.046875,1,1
17653.0,4,1207.56,2011-11-03 12:46:00,2011-08-11 15:24:00,37,301.89,83,0.047619047619047616,2,0
17654.0,1,117.55,2011-03-07 13:17:00,2011-03-07 13:17:00,277,117.55,0,1.0,2,0
17655.0,7,2638.94,2011-11-29 11:34:00,2010-12-08 16:45:00,11,376.99142857142857,355,0.019662921348314606,1,1
17656.0,5,1674.69,2011-09-27 13:04:00,2011-08-03 10:45:00,73,334.938,55,0.08928571428571429,1,1
17658.0,2,595.42,2011-11-14 12:07:00,2011-05-12 15:23:00,26,297.71,185,0.010752688172043012,2,0
17659.0,12,2999.46,2011-11-22 13:29:00,2010-12-02 16:46:00,17,249.955,354,0.03380281690140845,1,1
17660.0,1,196.0,2011-07-21 13:37:00,2011-07-21 13:37:00,141,196.0,0,1.0,2,0
17663.0,7,1802.91,2011-11-14 08:56:00,2011-02-25 14:11:00,26,257.55857142857144,261,0.026717557251908396,1,1
17664.0,2,604.64,2011-11-21 11:29:00,2011-05-11 14:17:00,19,302.32,193,0.010309278350515464,2,0
17666.0,2,728.16,2011-12-06 09:06:00,2011-10-05 11:06:00,4,364.08,61,0.03225806451612903,2,0
17667.0,5,2055.51,2011-10-04 14:32:00,2011-02-14 09:24:00,66,411.10200000000003,232,0.02145922746781116,1,1
17668.0,2,347.75,2011-12-08 13:25:00,2011-11-01 14:45:00,1,173.875,36,0.05405405405405406,2,0
17669.0,7,3406.7200000000003,2011-10-28 08:53:00,2011-04-04 10:11:00,43,486.67428571428576,206,0.033816425120772944,1,1
17670.0,1,205.7,2011-04-26 09:12:00,2011-04-26 09:12:00,228,205.7,0,1.0,2,0
17671.0,4,1572.71,2011-11-24 12:21:00,2010-12-09 14:27:00,16,393.1775,349,0.011428571428571429,1,1
17672.0,2,3178.17,2011-10-20 14:18:00,2011-02-03 13:29:00,50,1589.085,259,0.007692307692307693,1,1
17673.0,6,1629.12,2011-12-08 12:50:00,2011-01-23 15:16:00,2,271.52,318,0.018808777429467086,1,1
17674.0,2,551.04,2011-09-26 13:35:00,2010-12-06 10:20:00,74,275.52,294,0.006779661016949152,2,0
17676.0,6,1387.68,2011-12-05 15:16:00,2010-12-08 13:49:00,4,231.28,362,0.01652892561983471,1,1
17678.0,1,298.11,2011-03-21 11:52:00,2011-03-21 11:52:00,264,298.11,0,1.0,2,0
17679.0,2,1992.1100000000001,2011-10-18 07:43:00,2011-09-15 10:35:00,53,996.0550000000001,32,0.06060606060606061,1,1
17680.0,1,184.4,2011-11-16 12:42:00,2011-11-16 12:42:00,24,184.4,0,1.0,2,0
17682.0,6,2474.33,2011-11-29 15:59:00,2010-12-06 13:35:00,10,412.3883333333333,358,0.016713091922005572,1,1
17684.0,1,239.41,2011-10-27 11:10:00,2011-10-27 11:10:00,44,239.41,0,1.0,2,0
17685.0,7,3191.53,2011-11-23 11:36:00,2010-12-02 14:42:00,17,455.9328571428572,355,0.019662921348314606,1,1
17686.0,7,5739.46,2011-12-02 15:39:00,2011-02-10 10:18:00,7,819.9228571428572,295,0.02364864864864865,1,1
17690.0,15,4757.95,2011-11-09 15:17:00,2010-12-01 16:15:00,30,317.19666666666666,342,0.043731778425655975,1,1
17691.0,2,290.40000000000003,2010-12-16 17:20:00,2010-12-06 11:10:00,358,145.20000000000002,10,0.18181818181818182,2,0
17692.0,4,740.94,2011-08-04 14:01:00,2010-12-15 13:37:00,127,185.235,232,0.017167381974248927,2,0
17693.0,1,200.47,2011-07-25 15:48:00,2011-07-25 15:48:00,137,200.47,0,1.0,2,0
17694.0,1,283.12,2011-07-21 12:00:00,2011-07-21 12:00:00,142,283.12,0,1.0,2,0
17695.0,2,765.34,2011-07-31 10:40:00,2011-06-21 12:35:00,132,382.67,39,0.05,2,0
17696.0,8,2285.71,2011-11-01 13:43:00,2010-12-10 09:51:00,38,285.71375,326,0.024464831804281346,1,1
17697.0,1,338.95,2011-04-17 15:40:00,2011-04-17 15:40:00,236,338.95,0,1.0,2,0
17698.0,1,154.95,2011-03-24 11:34:00,2011-03-24 11:34:00,261,154.95,0,1.0,2,0
17700.0,4,2534.64,2011-11-23 11:51:00,2011-03-03 16:34:00,17,633.66,264,0.01509433962264151,1,1
17701.0,1,417.95,2011-04-01 12:25:00,2011-04-01 12:25:00,253,417.95,0,1.0,2,0
17702.0,4,1824.37,2011-11-09 16:03:00,2011-05-17 16:23:00,30,456.0925,175,0.022727272727272728,1,1
17703.0,3,798.74,2011-11-04 15:51:00,2011-07-24 13:30:00,35,266.24666666666667,103,0.028846153846153848,2,0
17704.0,2,885.19,2011-06-24 09:40:00,2011-04-14 09:28:00,169,442.595,71,0.027777777777777776,2,0
17705.0,9,1823.52,2011-12-06 13:45:00,2011-02-11 10:57:00,3,202.61333333333334,298,0.030100334448160536,1,1
17706.0,17,10504.49,2011-12-05 13:34:00,2010-12-08 11:02:00,4,617.9111764705882,362,0.046831955922865015,0,2
17707.0,2,152.4,2011-06-07 15:03:00,2011-01-07 13:30:00,185,76.2,151,0.013157894736842105,2,0
17708.0,2,267.08,2011-06-05 10:12:00,2011-01-19 10:09:00,188,133.54,137,0.014492753623188406,2,0
17709.0,1,137.45,2011-06-23 11:55:00,2011-06-23 11:55:00,170,137.45,0,1.0,2,0
17711.0,2,385.1,2011-11-29 11:40:00,2011-02-23 11:32:00,11,192.55,279,0.007142857142857143,2,0
17712.0,1,522.91,2011-10-26 12:28:00,2011-10-26 12:28:00,45,522.91,0,1.0,2,0
17714.0,1,153.0,2011-01-23 10:32:00,2011-01-23 10:32:00,321,153.0,0,1.0,2,0
17715.0,1,326.4,2011-05-23 12:32:00,2011-05-23 12:32:00,201,326.4,0,1.0,2,0
17716.0,11,5655.99,2011-11-17 12:00:00,2011-03-17 10:38:00,23,514.180909090909,245,0.044715447154471545,1,1
17718.0,1,139.35,2011-04-21 13:39:00,2011-04-21 13:39:00,232,139.35,0,1.0,2,0
17719.0,15,5396.04,2011-11-02 10:36:00,2011-03-29 11:29:00,38,359.736,217,0.06880733944954129,1,1
17720.0,4,1195.94,2011-11-13 15:04:00,2010-12-07 10:43:00,26,298.985,341,0.011695906432748537,2,0
17722.0,4,2424.04,2011-09-04 15:22:00,2010-12-08 12:41:00,96,606.01,270,0.014760147601476014,1,1
17723.0,6,3276.4000000000005,2011-08-04 18:37:00,2011-05-09 14:44:00,127,546.0666666666667,87,0.06818181818181818,1,1
17724.0,3,1033.0,2011-09-29 15:26:00,2011-07-24 13:26:00,71,344.3333333333333,67,0.04411764705882353,2,0
17725.0,11,3439.08,2011-11-23 16:34:00,2011-03-17 19:47:00,16,312.64363636363635,250,0.043824701195219126,1,1
17727.0,1,1060.25,2011-11-24 17:06:00,2011-11-24 17:06:00,15,1060.25,0,1.0,2,0
17728.0,3,2876.01,2011-12-06 08:52:00,2011-09-14 11:39:00,4,958.6700000000001,82,0.03614457831325301,1,1
17730.0,13,5298.4800000000005,2011-12-06 15:43:00,2011-01-17 14:49:00,3,407.5753846153847,323,0.040123456790123455,1,1
17731.0,4,1240.11,2011-09-21 15:02:00,2011-06-09 14:18:00,79,310.0275,104,0.0380952380952381,2,0
17732.0,1,303.97,2010-12-02 09:29:00,2010-12-02 09:29:00,373,303.97,0,1.0,2,0
17733.0,2,692.19,2011-11-01 08:16:00,2011-03-23 09:54:00,39,346.095,222,0.008968609865470852,2,0
17734.0,3,700.63,2011-10-17 12:33:00,2011-04-20 10:04:00,54,233.54333333333332,180,0.016574585635359115,2,0
17735.0,19,13110.02,2011-12-07 16:47:00,2010-12-07 10:32:00,2,690.001052631579,365,0.05191256830601093,0,2
17736.0,3,377.44,2011-11-30 15:36:00,2011-08-18 14:33:00,9,125.81333333333333,104,0.02857142857142857,2,0
17737.0,2,168.24,2011-11-30 15:16:00,2011-10-12 14:42:00,9,84.12,49,0.04,2,0
17738.0,4,1879.05,2011-11-20 15:05:00,2011-03-02 16:26:00,19,469.7625,262,0.015209125475285171,1,1
17739.0,7,2791.35,2011-11-28 09:12:00,2010-12-14 14:26:00,12,398.7642857142857,348,0.02005730659025788,1,1
17742.0,2,355.11,2011-08-18 15:28:00,2011-01-11 10:04:00,113,177.555,219,0.00909090909090909,2,0
17744.0,6,2322.4,2011-12-06 12:11:00,2010-12-16 14:17:00,4,387.06666666666666,354,0.016901408450704224,1,1
17746.0,1,110.25,2011-04-13 14:31:00,2011-04-13 14:31:00,240,110.25,0,1.0,2,0
17747.0,1,71.4,2011-08-19 08:13:00,2011-08-19 08:13:00,113,71.4,0,1.0,2,0
17749.0,2,674.52,2011-06-14 15:45:00,2011-03-28 13:39:00,178,337.26,78,0.02531645569620253,2,0
17750.0,9,1797.57,2011-12-04 14:09:00,2011-06-28 15:44:00,5,199.73,158,0.05660377358490566,1,1
17752.0,1,80.64,2010-12-15 16:19:00,2010-12-15 16:19:00,359,80.64,0,1.0,2,0
17754.0,5,1772.26,2011-12-09 11:20:00,2011-03-24 13:54:00,1,354.452,259,0.019230769230769232,1,1
17758.0,8,3456.7,2011-11-20 14:45:00,2011-04-03 15:22:00,19,432.0875,230,0.03463203463203463,1,1
17759.0,3,834.99,2011-11-22 16:02:00,2011-06-23 13:35:00,17,278.33,152,0.0196078431372549,2,0
17760.0,2,287.59,2011-11-18 10:56:00,2010-12-01 15:08:00,22,143.795,351,0.005681818181818182,2,0
17761.0,1,712.78,2011-11-07 10:23:00,2011-11-07 10:23:00,33,712.78,0,1.0,2,0
17763.0,1,15.0,2011-03-21 14:25:00,2011-03-21 14:25:00,263,15.0,0,1.0,2,0
17764.0,2,818.82,2011-10-20 11:03:00,2011-05-12 16:11:00,51,409.41,160,0.012422360248447204,2,0
17765.0,3,371.88,2011-07-04 12:41:00,2011-03-28 11:58:00,159,123.96,98,0.030303030303030304,2,0
17767.0,1,271.2,2011-11-24 14:42:00,2011-11-24 14:42:00,15,271.2,0,1.0,2,0
17768.0,3,2273.1800000000003,2011-12-01 13:22:00,2011-06-26 13:46:00,8,757.7266666666668,157,0.0189873417721519,1,1
17769.0,10,3997.98,2011-11-27 11:18:00,2011-01-23 11:15:00,13,399.798,308,0.032362459546925564,1,1
17770.0,5,1143.27,2011-05-25 12:34:00,2011-03-02 13:35:00,199,228.654,83,0.05952380952380952,2,0
17771.0,2,245.81,2011-10-14 11:43:00,2011-01-20 14:13:00,57,122.905,266,0.00749063670411985,2,0
17772.0,2,182.77,2011-11-29 11:05:00,2011-11-29 10:57:00,11,91.385,0,2.0,2,0
17774.0,4,1225.41,2011-09-04 12:49:00,2011-02-07 13:13:00,97,306.3525,208,0.019138755980861243,2,0
17775.0,1,56.4,2011-03-30 10:50:00,2011-03-30 10:50:00,255,56.4,0,1.0,2,0
17777.0,3,665.86,2011-11-15 12:02:00,2011-08-31 14:35:00,25,221.95333333333335,75,0.039473684210526314,2,0
17779.0,3,658.57,2011-11-18 14:15:00,2011-07-19 12:19:00,21,219.52333333333334,122,0.024390243902439025,2,0
17781.0,2,188.02,2011-07-03 16:00:00,2011-03-31 19:54:00,159,94.01,93,0.02127659574468085,2,0
17783.0,2,283.47,2011-09-28 16:07:00,2011-04-06 10:07:00,72,141.735,175,0.011363636363636364,2,0
17785.0,1,131.94,2011-10-17 13:43:00,2011-10-17 13:43:00,53,131.94,0,1.0,2,0
17786.0,2,278.74,2011-09-15 12:51:00,2011-01-26 14:35:00,85,139.37,231,0.008620689655172414,2,0
17787.0,4,1865.19,2011-07-10 11:24:00,2010-12-03 13:43:00,153,466.2975,218,0.0182648401826484,1,1
17788.0,2,1117.9,2011-09-27 10:09:00,2011-08-02 10:38:00,74,558.95,55,0.03571428571428571,2,0
17789.0,1,225.9,2011-03-03 13:14:00,2011-03-03 13:14:00,281,225.9,0,1.0,2,0
17790.0,14,1965.55,2011-11-13 11:30:00,2010-12-10 10:47:00,27,140.39642857142857,338,0.04129793510324484,1,1
17791.0,1,106.1,2011-11-10 12:09:00,2011-11-10 12:09:00,30,106.1,0,1.0,2,0
17793.0,1,323.04,2011-11-14 14:24:00,2011-11-14 14:24:00,25,323.04,0,1.0,2,0
17795.0,2,350.39,2011-06-13 12:36:00,2011-03-20 12:02:00,180,175.195,85,0.023255813953488372,2,0
17796.0,4,697.9,2011-10-30 15:38:00,2010-12-05 12:23:00,40,174.475,329,0.012121212121212121,2,0
17797.0,3,780.43,2011-11-17 13:21:00,2011-06-10 11:29:00,22,260.1433333333333,160,0.018633540372670808,2,0
17799.0,10,3055.93,2011-11-17 15:16:00,2010-12-13 13:10:00,22,305.59299999999996,339,0.029411764705882353,1,1
17800.0,9,1199.01,2011-11-02 12:57:00,2011-01-09 13:50:00,37,133.22333333333333,296,0.030303030303030304,1,1
17802.0,3,1285.04,2011-09-18 14:56:00,2010-12-02 13:44:00,82,428.34666666666664,290,0.010309278350515464,2,0
17805.0,1,512.31,2011-09-27 11:49:00,2011-09-27 11:49:00,74,512.31,0,1.0,2,0
17806.0,1,546.04,2011-11-28 14:12:00,2011-11-28 14:12:00,11,546.04,0,1.0,2,0
17809.0,12,5411.91,2011-11-23 12:59:00,2010-12-01 09:41:00,16,450.9925,357,0.0335195530726257,1,1
17812.0,4,732.16,2011-11-27 11:47:00,2010-12-06 15:27:00,13,183.04,355,0.011235955056179775,2,0
17813.0,5,1770.88,2011-11-25 16:13:00,2011-09-29 15:57:00,14,354.17600000000004,57,0.08620689655172414,1,1
17816.0,4,36.56,2011-11-03 11:34:00,2010-12-09 14:10:00,37,9.14,328,0.0121580547112462,2,0
17817.0,3,387.68,2011-12-05 14:39:00,2011-03-07 17:30:00,4,129.22666666666666,272,0.01098901098901099,2,0
17819.0,7,3704.87,2011-09-29 10:52:00,2010-12-03 14:26:00,72,529.2671428571429,299,0.023333333333333334,1,1
17824.0,1,298.4,2011-10-19 14:14:00,2011-10-19 14:14:00,51,298.4,0,1.0,2,0
17827.0,5,1995.46,2011-12-04 15:00:00,2010-12-10 10:18:00,5,399.092,359,0.013888888888888888,1,1
17828.0,4,1820.09,2011-11-17 08:41:00,2011-06-08 08:31:00,23,455.0225,162,0.024539877300613498,1,1
17829.0,1,889.24,2011-02-14 12:46:00,2011-02-14 12:46:00,299,889.24,0,1.0,2,0
17830.0,3,398.7,2011-12-08 12:28:00,2011-02-24 10:15:00,2,132.9,287,0.010416666666666666,2,0
17831.0,1,35.400000000000006,2011-11-06 15:09:00,2011-11-06 15:09:00,33,35.400000000000006,0,1.0,2,0
17832.0,1,155.37,2011-10-21 11:43:00,2011-10-21 11:43:00,50,155.37,0,1.0,2,0
17835.0,3,350.64,2011-12-07 11:48:00,2011-11-16 16:30:00,3,116.88,20,0.14285714285714285,2,0
17836.0,1,110.21000000000001,2011-10-23 16:13:00,2011-10-23 16:13:00,47,110.21000000000001,0,1.0,2,0
17837.0,8,1593.38,2011-10-28 16:13:00,2011-06-29 16:44:00,42,199.1725,120,0.06611570247933884,1,1
17838.0,5,2779.3,2011-11-13 11:20:00,2010-12-02 15:55:00,27,555.86,345,0.014450867052023121,1,1
17839.0,1,338.8,2011-10-28 17:27:00,2011-10-28 17:27:00,42,338.8,0,1.0,2,0
17843.0,1,205.48,2011-02-09 15:33:00,2011-02-09 15:33:00,303,205.48,0,1.0,2,0
17844.0,1,51.559999999999995,2011-08-25 11:27:00,2011-08-25 11:27:00,107,51.559999999999995,0,1.0,2,0
17846.0,1,2033.1,2011-09-15 15:20:00,2011-09-15 15:20:00,85,2033.1,0,1.0,1,1
17848.0,9,901.2,2011-09-19 16:49:00,2010-12-16 18:38:00,81,100.13333333333334,276,0.032490974729241874,1,1
17849.0,4,605.8000000000001,2011-05-05 13:46:00,2011-01-10 11:59:00,218,151.45000000000002,115,0.034482758620689655,2,0
17852.0,2,114.34,2011-11-28 12:36:00,2011-11-28 12:31:00,12,57.17,0,2.0,2,0
17854.0,2,311.26,2011-06-07 16:21:00,2011-04-26 16:53:00,185,155.63,41,0.047619047619047616,2,0
17855.0,1,208.97,2010-12-02 09:44:00,2010-12-02 09:44:00,373,208.97,0,1.0,2,0
17856.0,4,1418.03,2011-12-08 09:40:00,2011-03-03 11:40:00,2,354.5075,279,0.014285714285714285,1,1
17857.0,23,26879.04,2011-12-05 13:13:00,2010-12-09 11:35:00,4,1168.6539130434783,361,0.06353591160220995,0,2
17858.0,12,5155.66,2011-12-04 11:56:00,2010-12-05 13:08:00,6,429.6383333333333,363,0.03296703296703297,1,1
17859.0,1,148.21,2011-02-08 10:32:00,2011-02-08 10:32:00,305,148.21,0,1.0,2,0
17860.0,1,252.8,2010-12-06 12:41:00,2010-12-06 12:41:00,369,252.8,0,1.0,2,0
17861.0,8,2100.8,2011-12-06 16:21:00,2011-01-24 11:34:00,3,262.6,316,0.025236593059936908,1,1
17862.0,1,330.9,2011-01-20 12:23:00,2011-01-20 12:23:00,324,330.9,0,1.0,2,0
17863.0,6,3160.0,2011-10-11 13:45:00,2010-12-05 13:21:00,59,526.6666666666666,310,0.01929260450160772,1,1
17864.0,3,597.5,2011-11-27 11:15:00,2011-03-09 11:44:00,13,199.16666666666666,262,0.011406844106463879,2,0
17865.0,20,10526.32,2011-11-09 12:08:00,2010-12-10 14:53:00,31,526.316,333,0.059880239520958084,0,2
17866.0,1,329.65000000000003,2011-07-20 11:07:00,2011-07-20 11:07:00,143,329.65000000000003,0,1.0,2,0
17867.0,6,1197.1000000000001,2011-11-09 14:15:00,2011-02-24 12:25:00,30,199.51666666666668,258,0.023166023166023165,1,1
17869.0,5,428.18,2011-08-24 16:16:00,2010-12-06 17:16:00,107,85.636,260,0.019157088122605363,2,0
17870.0,12,1894.35,2011-12-07 15:07:00,2010-12-08 08:12:00,2,157.86249999999998,364,0.03287671232876712,1,1
17871.0,1,155.9,2011-05-19 11:32:00,2011-05-19 11:32:00,205,155.9,0,1.0,2,0
17873.0,5,1859.16,2011-09-20 16:41:00,2010-12-01 14:54:00,80,371.832,293,0.017006802721088437,1,1
17874.0,6,683.46,2011-06-07 12:54:00,2011-03-29 11:25:00,185,113.91000000000001,70,0.08450704225352113,2,0
17877.0,1,237.61,2011-06-22 13:00:00,2011-06-22 13:00:00,170,237.61,0,1.0,2,0
17878.0,1,379.45,2011-10-27 11:24:00,2011-10-27 11:24:00,44,379.45,0,1.0,2,0
17879.0,1,178.52,2011-06-19 12:36:00,2011-06-19 12:36:00,174,178.52,0,1.0,2,0
17880.0,1,458.92,2010-12-10 10:21:00,2010-12-10 10:21:00,365,458.92,0,1.0,2,0
17881.0,1,133.35,2011-02-08 17:16:00,2011-02-08 17:16:00,304,133.35,0,1.0,2,0
17883.0,4,671.77,2011-12-06 17:49:00,2011-04-07 19:16:00,3,167.9425,242,0.01646090534979424,2,0
17884.0,4,717.45,2011-12-06 11:33:00,2010-12-03 12:11:00,4,179.3625,367,0.010869565217391304,2,0
17885.0,1,190.19,2011-11-27 14:40:00,2011-11-27 14:40:00,12,190.19,0,1.0,2,0
17886.0,3,899.61,2011-11-08 10:09:00,2011-04-04 12:34:00,32,299.87,217,0.013761467889908258,2,0
17887.0,1,111.35,2011-08-02 17:29:00,2011-08-02 17:29:00,129,111.35,0,1.0,2,0
17888.0,8,726.05,2011-11-18 13:45:00,2010-12-17 13:56:00,21,90.75625,335,0.023809523809523808,1,1
17889.0,2,203.87,2011-05-11 16:26:00,2011-01-21 17:14:00,212,101.935,109,0.01818181818181818,2,0
17890.0,2,602.09,2011-01-21 11:19:00,2010-12-13 15:12:00,323,301.045,38,0.05128205128205128,2,0
17891.0,1,203.85999999999999,2011-06-30 20:08:00,2011-06-30 20:08:00,162,203.85999999999999,0,1.0,2,0
17892.0,3,244.1,2011-10-14 16:49:00,2011-07-07 12:56:00,56,81.36666666666666,99,0.03,2,0
17893.0,1,112.25,2011-04-28 13:50:00,2011-04-28 13:50:00,225,112.25,0,1.0,2,0
17894.0,8,1119.81,2011-09-29 09:23:00,2010-12-08 14:50:00,72,139.97625,294,0.02711864406779661,1,1
17895.0,1,98.0,2011-10-26 17:00:00,2011-10-26 17:00:00,44,98.0,0,1.0,2,0
17896.0,1,256.32,2011-11-16 13:59:00,2011-11-16 13:59:00,23,256.32,0,1.0,2,0
17897.0,3,566.6,2011-06-20 11:23:00,2010-12-01 12:31:00,173,188.86666666666667,200,0.014925373134328358,2,0
17898.0,2,152.06,2011-09-15 14:56:00,2011-05-16 17:13:00,85,76.03,121,0.01639344262295082,2,0
17899.0,1,155.8,2011-07-03 14:58:00,2011-07-03 14:58:00,159,155.8,0,1.0,2,0
17900.0,2,112.19999999999999,2011-06-02 14:38:00,2011-06-02 14:28:00,190,56.099999999999994,0,2.0,2,0
17901.0,1,110.38,2011-11-10 17:29:00,2011-11-10 17:29:00,29,110.38,0,1.0,2,0
17904.0,1,191.67000000000002,2011-11-18 12:57:00,2011-11-18 12:57:00,21,191.67000000000002,0,1.0,2,0
17905.0,4,800.24,2011-09-29 17:33:00,2010-12-01 13:21:00,71,200.06,302,0.013201320132013201,2,0
17906.0,1,72.9,2011-04-06 17:25:00,2011-04-06 17:25:00,247,72.9,0,1.0,2,0
17908.0,1,243.28,2010-12-01 11:45:00,2010-12-01 11:45:00,374,243.28,0,1.0,2,0
17911.0,1,366.23,2011-11-30 14:52:00,2011-11-30 14:52:00,9,366.23,0,1.0,2,0
17912.0,5,311.01,2011-02-02 14:25:00,2010-12-10 11:11:00,310,62.202,54,0.09090909090909091,2,0
17913.0,2,411.6,2011-10-12 10:45:00,2010-12-19 11:35:00,59,205.8,296,0.006734006734006734,2,0
17914.0,1,336.43,2011-12-06 11:58:00,2011-12-06 11:58:00,4,336.43,0,1.0,2,0
17917.0,3,341.28,2011-10-25 13:20:00,2010-12-12 12:08:00,45,113.75999999999999,317,0.009433962264150943,2,0
17919.0,1,1304.04,2011-09-12 13:41:00,2011-09-12 13:41:00,88,1304.04,0,1.0,2,0
17920.0,17,4204.1,2011-12-05 14:29:00,2010-12-01 11:49:00,4,247.3,369,0.04594594594594595,1,1
17921.0,4,826.52,2011-10-06 18:56:00,2011-03-18 13:19:00,64,206.63,202,0.019704433497536946,2,0
17923.0,1,207.50000000000003,2011-03-02 15:15:00,2011-03-02 15:15:00,282,207.50000000000003,0,1.0,2,0
17924.0,7,2962.5,2011-11-28 09:11:00,2010-12-01 10:51:00,12,423.2142857142857,361,0.019337016574585635,1,1
17925.0,1,244.08,2010-12-02 10:10:00,2010-12-02 10:10:00,373,244.08,0,1.0,2,0
17926.0,2,397.29,2011-07-29 14:39:00,2011-05-20 09:24:00,133,198.645,70,0.028169014084507043,2,0
17928.0,2,212.54,2011-10-25 13:52:00,2011-04-07 18:03:00,45,106.27,200,0.009950248756218905,2,0
17929.0,4,843.0,2011-11-28 16:01:00,2011-02-04 11:40:00,11,210.75,297,0.013422818791946308,2,0
17930.0,5,1740.48,2011-11-04 10:23:00,2011-04-14 15:46:00,36,348.096,203,0.024509803921568627,1,1
17931.0,2,408.36,2011-07-28 18:33:00,2011-03-29 12:31:00,134,204.18,121,0.01639344262295082,2,0
17932.0,3,1331.57,2011-11-10 19:49:00,2011-05-12 13:58:00,29,443.8566666666666,182,0.01639344262295082,2,0
17934.0,2,704.25,2011-10-19 11:16:00,2011-10-12 10:50:00,52,352.125,7,0.25,2,0
17935.0,2,145.79,2011-07-24 13:18:00,2011-07-21 11:23:00,138,72.895,3,0.5,2,0
17936.0,1,389.84,2011-12-04 13:32:00,2011-12-04 13:32:00,5,389.84,0,1.0,2,0
17937.0,7,4301.22,2011-12-01 11:45:00,2010-12-12 14:43:00,9,614.46,353,0.01977401129943503,1,1
17939.0,1,99.14,2011-07-03 12:27:00,2011-07-03 12:27:00,160,99.14,0,1.0,2,0
17940.0,10,4106.4400000000005,2011-10-21 13:27:00,2011-02-10 09:29:00,49,410.64400000000006,253,0.03937007874015748,1,1
17941.0,1,304.56,2011-08-01 08:30:00,2011-08-01 08:30:00,131,304.56,0,1.0,2,0
17942.0,1,77.50000000000001,2011-12-02 10:45:00,2011-12-02 10:45:00,8,77.50000000000001,0,1.0,2,0
17946.0,2,149.57999999999998,2011-04-20 17:00:00,2011-03-25 14:34:00,233,74.78999999999999,26,0.07407407407407407,2,0
17947.0,1,176.68,2011-11-02 13:05:00,2011-11-02 13:05:00,37,176.68,0,1.0,2,0
17948.0,1,358.56000000000006,2011-07-15 12:58:00,2011-07-15 12:58:00,147,358.56000000000006,0,1.0,2,0
17950.0,3,482.2,2011-09-28 15:18:00,2010-12-09 15:16:00,72,160.73333333333332,293,0.01020408163265306,2,0
17951.0,3,1008.5400000000001,2011-10-31 12:30:00,2010-12-01 12:40:00,40,336.18,333,0.008982035928143712,2,0
17954.0,12,2332.72,2011-12-04 14:15:00,2010-12-03 14:18:00,5,194.39333333333332,365,0.03278688524590164,1,1
17955.0,4,557.3,2011-05-25 12:00:00,2011-05-04 12:29:00,199,139.325,20,0.19047619047619047,2,0
17956.0,1,12.75,2011-04-04 13:47:00,2011-04-04 13:47:00,249,12.75,0,1.0,2,0
17957.0,1,111.68,2011-10-04 14:58:00,2011-10-04 14:58:00,66,111.68,0,1.0,2,0
17958.0,1,508.46000000000004,2011-08-15 12:19:00,2011-08-15 12:19:00,117,508.46000000000004,0,1.0,2,0
17960.0,1,73.78,2011-06-21 14:15:00,2011-06-21 14:15:00,171,73.78,0,1.0,2,0
17962.0,1,102.83,2011-07-20 14:16:00,2011-07-20 14:16:00,142,102.83,0,1.0,2,0
17964.0,2,471.7,2011-11-08 10:44:00,2010-12-02 13:32:00,32,235.85,340,0.005865102639296188,2,0
17965.0,14,2622.57,2011-11-02 09:31:00,2010-12-05 15:54:00,38,187.32642857142858,331,0.04216867469879518,1,1
17966.0,5,1098.43,2011-11-02 10:26:00,2011-03-23 17:25:00,38,219.686,223,0.022321428571428572,2,0
17967.0,1,123.07,2010-12-03 11:19:00,2010-12-03 11:19:00,372,123.07,0,1.0,2,0
17968.0,1,277.35,2010-12-01 12:23:00,2010-12-01 12:23:00,374,277.35,0,1.0,2,0
17969.0,2,228.2,2011-06-26 13:00:00,2010-12-13 15:34:00,166,114.1,194,0.010256410256410256,2,0
17970.0,1,582.59,2011-05-12 20:03:00,2011-05-12 20:03:00,211,582.59,0,1.0,2,0
17972.0,1,136.04,2011-04-12 12:16:00,2011-04-12 12:16:00,242,136.04,0,1.0,2,0
17973.0,1,337.04,2011-10-19 10:34:00,2011-10-19 10:34:00,52,337.04,0,1.0,2,0
17974.0,3,740.79,2011-11-15 11:37:00,2011-05-04 11:50:00,25,246.92999999999998,194,0.015384615384615385,2,0
17975.0,13,4488.81,2011-11-24 13:27:00,2010-12-08 11:38:00,15,345.29307692307697,351,0.036931818181818184,1,1
17976.0,1,353.19,2010-12-02 13:49:00,2010-12-02 13:49:00,372,353.19,0,1.0,2,0
17977.0,1,288.14,2011-11-10 13:28:00,2011-11-10 13:28:00,29,288.14,0,1.0,2,0
17978.0,1,300.91999999999996,2010-12-09 14:05:00,2010-12-09 14:05:00,365,300.91999999999996,0,1.0,2,0
17979.0,4,757.71,2011-11-04 12:05:00,2011-03-25 11:34:00,36,189.4275,224,0.017777777777777778,2,0
17980.0,3,811.45,2011-06-27 12:01:00,2010-12-15 15:50:00,166,270.48333333333335,193,0.015463917525773196,2,0
17984.0,1,152.68,2011-07-17 15:59:00,2011-07-17 15:59:00,145,152.68,0,1.0,2,0
17985.0,1,634.95,2011-11-17 14:24:00,2011-11-17 14:24:00,22,634.95,0,1.0,2,0
17986.0,1,20.8,2011-10-14 14:22:00,2011-10-14 14:22:00,56,20.8,0,1.0,2,0
17987.0,1,198.57,2011-06-07 14:22:00,2011-06-07 14:22:00,185,198.57,0,1.0,2,0
17988.0,7,201.12,2011-11-28 11:00:00,2011-01-17 11:59:00,12,28.731428571428573,314,0.022222222222222223,2,0
17990.0,3,630.84,2011-04-17 11:44:00,2010-12-13 12:10:00,237,210.28,124,0.024,2,0
17991.0,2,93.35,2011-04-28 15:58:00,2011-04-27 16:39:00,225,46.675,0,2.0,2,0
17994.0,4,678.49,2011-08-10 11:41:00,2011-02-22 11:02:00,122,169.6225,169,0.023529411764705882,2,0
17995.0,1,76.1,2011-03-03 12:30:00,2011-03-03 12:30:00,282,76.1,0,1.0,2,0
17997.0,8,1970.67,2011-09-26 16:13:00,2011-06-28 17:28:00,74,246.33375,89,0.08888888888888889,1,1
17999.0,2,382.06,2011-11-02 15:56:00,2010-12-08 15:17:00,37,191.03,329,0.006060606060606061,2,0
18001.0,2,417.23,2011-11-27 16:02:00,2011-09-14 11:21:00,12,208.615,74,0.02666666666666667,2,0
18004.0,1,169.47,2010-12-12 13:47:00,2010-12-12 13:47:00,362,169.47,0,1.0,2,0
18005.0,2,249.72,2011-12-06 11:51:00,2011-10-23 14:40:00,4,124.86,43,0.045454545454545456,2,0
18006.0,1,444.68,2011-11-16 16:52:00,2011-11-16 16:52:00,23,444.68,0,1.0,2,0
18008.0,9,2116.19,2011-09-30 15:17:00,2011-01-25 12:26:00,70,235.13222222222223,248,0.03614457831325301,1,1
18009.0,1,257.34,2011-04-18 13:36:00,2011-04-18 13:36:00,235,257.34,0,1.0,2,0
18010.0,1,174.8,2011-03-28 12:27:00,2011-03-28 12:27:00,257,174.8,0,1.0,2,0
18011.0,1,102.78999999999999,2010-12-01 17:35:00,2010-12-01 17:35:00,373,102.78999999999999,0,1.0,2,0
18013.0,2,187.29,2011-07-07 14:11:00,2011-07-07 14:08:00,155,93.645,0,2.0,2,0
18014.0,1,166.42,2011-11-11 15:28:00,2011-11-11 15:28:00,28,166.42,0,1.0,2,0
18015.0,1,120.03,2011-12-05 14:49:00,2011-12-05 14:49:00,4,120.03,0,1.0,2,0
18016.0,5,1483.56,2011-11-07 13:25:00,2010-12-10 17:14:00,32,296.712,331,0.015060240963855422,1,1
18017.0,3,523.0,2011-09-19 16:15:00,2011-02-02 13:57:00,81,174.33333333333334,229,0.013043478260869565,2,0
18018.0,2,122.14,2011-08-23 17:37:00,2011-05-24 13:22:00,108,61.07,91,0.021739130434782608,2,0
18019.0,1,38.45,2011-10-19 12:10:00,2011-10-19 12:10:00,52,38.45,0,1.0,2,0
18022.0,1,668.11,2011-11-04 12:45:00,2011-11-04 12:45:00,36,668.11,0,1.0,2,0
18024.0,2,389.78,2011-07-10 12:40:00,2011-07-10 12:28:00,153,194.89,0,2.0,2,0
18027.0,1,115.31,2011-09-02 10:38:00,2011-09-02 10:38:00,99,115.31,0,1.0,2,0
18030.0,2,230.64999999999998,2011-12-05 16:37:00,2011-10-28 13:55:00,4,115.32499999999999,38,0.05128205128205128,2,0
18032.0,1,73.5,2011-01-09 15:32:00,2011-01-09 15:32:00,334,73.5,0,1.0,2,0
18033.0,1,97.97,2011-10-05 17:28:00,2011-10-05 17:28:00,65,97.97,0,1.0,2,0
18034.0,2,422.88,2011-11-18 12:22:00,2011-11-18 12:08:00,22,211.44,0,2.0,2,0
18035.0,3,730.4,2011-11-04 12:39:00,2011-10-27 17:48:00,36,243.46666666666667,7,0.375,2,0
18036.0,3,405.62,2011-11-07 14:40:00,2011-04-08 11:26:00,32,135.20666666666668,213,0.014018691588785047,2,0
18037.0,6,70.02,2011-07-08 13:39:00,2010-12-12 16:20:00,154,11.67,207,0.028846153846153848,2,0
18040.0,2,357.20000000000005,2011-11-20 14:20:00,2011-04-08 08:27:00,19,178.60000000000002,226,0.00881057268722467,2,0
18041.0,21,4183.39,2011-11-28 11:39:00,2010-12-02 11:21:00,12,199.20904761904762,361,0.058011049723756904,1,1
18042.0,1,165.04999999999998,2011-10-17 11:49:00,2011-10-17 11:49:00,54,165.04999999999998,0,1.0,2,0
18043.0,3,559.51,2011-11-15 12:48:00,2010-12-08 12:35:00,25,186.50333333333333,342,0.008746355685131196,2,0
18044.0,10,2088.6,2011-12-05 14:26:00,2010-12-14 12:25:00,4,208.85999999999999,356,0.028011204481792718,1,1
18045.0,1,189.4,2011-10-25 13:07:00,2011-10-25 13:07:00,45,189.4,0,1.0,2,0
18048.0,2,172.29000000000002,2011-05-20 14:58:00,2011-05-20 14:54:00,203,86.14500000000001,0,2.0,2,0
18050.0,1,74.4,2010-12-15 14:25:00,2010-12-15 14:25:00,359,74.4,0,1.0,2,0
18053.0,1,300.02,2011-09-30 09:05:00,2011-09-30 09:05:00,71,300.02,0,1.0,2,0
18055.0,10,6784.1900000000005,2011-12-02 14:25:00,2010-12-05 10:52:00,7,678.4190000000001,362,0.027548209366391185,0,2
18056.0,1,363.65,2011-02-24 14:27:00,2011-02-24 14:27:00,288,363.65,0,1.0,2,0
18058.0,1,170.16,2011-11-30 08:38:00,2011-11-30 08:38:00,10,170.16,0,1.0,2,0
18059.0,3,306.46,2011-11-16 16:49:00,2011-10-03 09:30:00,23,102.15333333333332,44,0.06666666666666667,2,0
18061.0,10,2119.41,2011-11-18 11:20:00,2010-12-08 13:03:00,22,211.94099999999997,344,0.028985507246376812,1,1
18062.0,3,720.52,2011-06-19 14:47:00,2011-01-06 10:03:00,173,240.17333333333332,164,0.01818181818181818,2,0
18064.0,2,814.0,2011-07-29 16:39:00,2011-04-18 15:08:00,133,407.0,102,0.019417475728155338,2,0
18065.0,14,2392.83,2011-12-04 10:30:00,2010-12-10 12:44:00,6,170.91642857142855,358,0.03899721448467967,1,1
18066.0,1,318.0,2011-09-25 15:30:00,2011-09-25 15:30:00,75,318.0,0,1.0,2,0
18067.0,1,396.33,2011-10-30 15:58:00,2011-10-30 15:58:00,40,396.33,0,1.0,2,0
18068.0,1,101.7,2011-02-23 14:50:00,2011-02-23 14:50:00,289,101.7,0,1.0,2,0
18069.0,5,2036.67,2011-11-13 16:03:00,2011-01-16 15:50:00,26,407.334,301,0.016556291390728478,1,1
18071.0,2,453.0,2011-03-27 11:59:00,2010-12-09 10:33:00,258,226.5,108,0.01834862385321101,2,0
18072.0,1,247.44,2011-06-07 10:44:00,2011-06-07 10:44:00,186,247.44,0,1.0,2,0
18073.0,12,3877.5200000000004,2011-08-17 14:02:00,2011-05-26 19:38:00,114,323.1266666666667,82,0.14457831325301204,1,1
18074.0,1,489.6,2010-12-01 09:53:00,2010-12-01 09:53:00,374,489.6,0,1.0,2,0
18075.0,10,2611.75,2011-11-16 15:21:00,2010-12-14 10:48:00,23,261.175,337,0.029585798816568046,1,1
18077.0,11,2633.01,2011-12-01 13:32:00,2010-12-08 10:21:00,8,239.36454545454546,358,0.03064066852367688,1,1
18078.0,2,336.13,2011-05-06 14:32:00,2011-03-25 15:08:00,217,168.065,41,0.047619047619047616,2,0
18079.0,4,3651.97,2011-10-25 15:27:00,2011-04-15 12:14:00,45,912.9925,193,0.020618556701030927,1,1
18080.0,2,1231.5,2011-11-21 08:02:00,2011-04-11 10:10:00,19,615.75,223,0.008928571428571428,2,0
18081.0,3,343.45,2011-11-03 16:30:00,2011-07-29 11:56:00,36,114.48333333333333,97,0.030612244897959183,2,0
18082.0,1,703.37,2011-11-14 12:45:00,2011-11-14 12:45:00,26,703.37,0,1.0,2,0
18084.0,1,90.48,2011-11-23 13:57:00,2011-11-23 13:57:00,16,90.48,0,1.0,2,0
18085.0,2,689.95,2011-01-13 15:17:00,2010-12-01 12:08:00,330,344.975,43,0.045454545454545456,2,0
18086.0,1,101.34,2011-03-10 13:34:00,2011-03-10 13:34:00,274,101.34,0,1.0,2,0
18087.0,2,4055.7200000000003,2011-09-02 15:12:00,2011-02-22 10:43:00,98,2027.8600000000001,192,0.010362694300518135,1,1
18088.0,1,167.67000000000002,2011-10-09 13:41:00,2011-10-09 13:41:00,61,167.67000000000002,0,1.0,2,0
18092.0,11,9068.26,2011-12-07 13:14:00,2010-12-09 10:00:00,2,824.3872727272727,363,0.03021978021978022,0,2
18093.0,4,2106.52,2011-09-07 15:43:00,2011-02-10 12:15:00,93,526.63,209,0.01904761904761905,1,1
18094.0,7,3017.3,2011-09-19 09:28:00,2011-02-21 08:50:00,82,431.04285714285714,210,0.03317535545023697,1,1
18095.0,2,580.05,2011-01-31 12:50:00,2011-01-11 12:37:00,313,290.025,20,0.09523809523809523,2,0
18096.0,3,911.15,2011-11-28 12:44:00,2011-10-07 11:55:00,12,303.71666666666664,52,0.05660377358490566,2,0
18097.0,6,2697.8,2011-12-02 11:16:00,2010-12-20 14:49:00,8,449.6333333333334,346,0.01729106628242075,1,1
18099.0,1,168.31,2011-08-04 15:52:00,2011-08-04 15:52:00,127,168.31,0,1.0,2,0
18101.0,2,223.65,2011-11-28 13:37:00,2011-07-19 13:05:00,11,111.825,132,0.015037593984962405,2,0
18104.0,1,754.64,2011-11-02 14:07:00,2011-11-02 14:07:00,37,754.64,0,1.0,2,0
18105.0,1,113.48000000000002,2011-11-02 12:04:00,2011-11-02 12:04:00,38,113.48000000000002,0,1.0,2,0
18106.0,1,430.7,2011-01-14 12:23:00,2011-01-14 12:23:00,330,430.7,0,1.0,2,0
18108.0,1,271.0,2011-03-30 13:56:00,2011-03-30 13:56:00,254,271.0,0,1.0,2,0
18109.0,26,8052.97,2011-12-08 11:36:00,2010-12-05 10:58:00,2,309.7296153846154,368,0.07046070460704607,0,2
18110.0,1,236.3,2011-11-20 12:34:00,2011-11-20 12:34:00,20,236.3,0,1.0,2,0
18112.0,2,352.69,2011-11-27 14:43:00,2011-06-26 13:56:00,12,176.345,154,0.012903225806451613,2,0
18113.0,1,76.32000000000001,2010-12-06 12:31:00,2010-12-06 12:31:00,369,76.32000000000001,0,1.0,2,0
18114.0,1,220.1,2011-02-22 13:20:00,2011-02-22 13:20:00,290,220.1,0,1.0,2,0
18116.0,8,1418.03,2011-10-03 11:00:00,2010-12-10 12:14:00,68,177.25375,296,0.026936026936026935,1,1
18117.0,1,320.71999999999997,2011-11-14 12:47:00,2011-11-14 12:47:00,26,320.71999999999997,0,1.0,2,0
18118.0,26,5653.82,2011-11-29 11:32:00,2010-12-05 12:13:00,11,217.45461538461538,358,0.07242339832869081,0,2
18119.0,1,181.12,2010-12-07 11:59:00,2010-12-07 11:59:00,368,181.12,0,1.0,2,0
18120.0,1,111.15,2011-05-09 13:45:00,2011-05-09 13:45:00,214,111.15,0,1.0,2,0
18121.0,2,673.1,2011-07-13 12:53:00,2011-07-08 12:14:00,149,336.55,5,0.3333333333333333,2,0
18122.0,6,1826.21,2011-12-01 13:08:00,2011-07-12 11:37:00,8,304.36833333333334,142,0.04195804195804196,1,1
18123.0,2,589.4399999999999,2011-11-15 14:23:00,2011-11-08 13:31:00,24,294.71999999999997,7,0.25,2,0
18125.0,4,1142.99,2011-11-10 12:29:00,2011-01-27 15:02:00,30,285.7475,286,0.013937282229965157,2,0
18126.0,1,206.83,2011-10-10 12:19:00,2011-10-10 12:19:00,61,206.83,0,1.0,2,0
18127.0,3,348.73,2011-11-20 14:05:00,2011-07-29 10:06:00,19,116.24333333333334,114,0.02608695652173913,2,0
18129.0,1,112.55000000000001,2011-04-10 14:16:00,2011-04-10 14:16:00,243,112.55000000000001,0,1.0,2,0
18130.0,3,1059.39,2011-11-24 14:40:00,2011-10-13 15:58:00,15,353.13000000000005,41,0.07142857142857142,2,0
18133.0,1,931.5,2011-05-11 14:14:00,2011-05-11 14:14:00,212,931.5,0,1.0,2,0
18135.0,5,681.91,2011-11-10 19:32:00,2011-06-02 14:04:00,29,136.382,161,0.030864197530864196,2,0
18136.0,3,784.33,2011-10-07 15:40:00,2011-01-24 12:08:00,63,261.4433333333333,256,0.011673151750972763,2,0
18138.0,1,152.65,2011-02-17 14:51:00,2011-02-17 14:51:00,295,152.65,0,1.0,2,0
18142.0,2,1019.52,2011-07-05 13:19:00,2011-05-08 12:31:00,157,509.76,58,0.03389830508474576,2,0
18143.0,2,1000.16,2011-08-15 12:07:00,2011-07-21 10:44:00,117,500.08,25,0.07692307692307693,2,0
18144.0,12,2888.75,2011-12-02 12:46:00,2010-12-01 13:45:00,8,240.72916666666666,365,0.03278688524590164,1,1
18145.0,4,2861.55,2011-11-27 11:22:00,2011-01-31 12:10:00,13,715.3875,299,0.013333333333333334,1,1
18146.0,2,160.35,2011-07-22 12:08:00,2011-05-03 16:35:00,141,80.175,79,0.025,2,0
18147.0,2,179.34,2011-10-25 11:46:00,2011-08-23 12:22:00,46,89.67,62,0.031746031746031744,2,0
18149.0,3,612.0799999999999,2011-10-20 12:04:00,2011-03-11 12:44:00,51,204.02666666666664,222,0.013452914798206279,2,0
18150.0,3,566.58,2011-11-07 16:49:00,2011-05-22 10:47:00,32,188.86,169,0.01764705882352941,2,0
18151.0,2,653.35,2011-07-28 11:35:00,2011-02-23 08:29:00,135,326.675,155,0.01282051282051282,2,0
18154.0,2,399.19,2011-12-06 16:41:00,2011-10-27 10:40:00,3,199.595,40,0.04878048780487805,2,0
18155.0,3,371.62,2011-09-25 13:32:00,2011-02-21 10:36:00,75,123.87333333333333,216,0.013824884792626729,2,0
18156.0,2,734.94,2011-11-27 12:24:00,2010-12-05 12:29:00,13,367.47,356,0.0056022408963585435,2,0
18158.0,2,453.4,2011-11-30 16:19:00,2011-09-12 09:03:00,9,226.7,79,0.025,2,0
18159.0,1,530.15,2011-02-11 14:26:00,2011-02-11 14:26:00,301,530.15,0,1.0,2,0
18160.0,2,638.0600000000001,2011-10-13 15:50:00,2011-05-23 13:41:00,57,319.03000000000003,143,0.013888888888888888,2,0
18161.0,5,1618.69,2011-11-24 16:40:00,2011-01-24 11:56:00,15,323.738,304,0.01639344262295082,1,1
18164.0,1,399.65,2011-11-02 12:56:00,2011-11-02 12:56:00,37,399.65,0,1.0,2,0
18165.0,1,302.46,2011-06-15 13:23:00,2011-06-15 13:23:00,177,302.46,0,1.0,2,0
18167.0,3,1384.8600000000001,2011-11-16 15:56:00,2011-08-26 11:40:00,23,461.62000000000006,82,0.03614457831325301,2,0
18168.0,6,1169.94,2011-06-16 19:21:00,2010-12-02 18:08:00,176,194.99,196,0.030456852791878174,2,0
18169.0,1,202.65,2011-10-10 12:18:00,2011-10-10 12:18:00,61,202.65,0,1.0,2,0
18170.0,3,980.3100000000001,2011-11-06 14:35:00,2011-05-06 15:13:00,33,326.77000000000004,183,0.016304347826086956,2,0
18171.0,5,1231.31,2011-10-12 09:13:00,2011-01-10 09:55:00,59,246.262,274,0.01818181818181818,1,1
18172.0,20,7561.68,2011-11-25 11:12:00,2011-02-23 10:44:00,15,378.084,275,0.07246376811594203,0,2
18173.0,4,2106.84,2011-09-14 11:26:00,2011-03-10 11:56:00,87,526.71,187,0.02127659574468085,1,1
18174.0,1,104.0,2011-12-02 16:56:00,2011-12-02 16:56:00,7,104.0,0,1.0,2,0
18176.0,1,476.35,2010-12-16 15:45:00,2010-12-16 15:45:00,358,476.35,0,1.0,2,0
18177.0,6,1341.42,2011-11-08 14:44:00,2011-03-29 08:46:00,31,223.57000000000002,224,0.02666666666666667,1,1
18178.0,4,1590.81,2011-08-03 09:30:00,2010-12-10 12:42:00,129,397.7025,235,0.01694915254237288,2,0
18179.0,6,1793.17,2011-11-30 16:23:00,2011-01-07 14:22:00,9,298.8616666666667,327,0.018292682926829267,1,1
18180.0,6,1843.75,2011-12-05 08:39:00,2011-07-20 08:59:00,5,307.2916666666667,137,0.043478260869565216,1,1
18181.0,1,382.8,2011-11-15 15:08:00,2011-11-15 15:08:00,24,382.8,0,1.0,2,0
18183.0,2,632.07,2011-04-26 15:26:00,2011-03-10 10:08:00,227,316.035,47,0.041666666666666664,2,0
18184.0,1,49.8,2011-11-24 15:28:00,2011-11-24 15:28:00,15,49.8,0,1.0,2,0
18185.0,1,304.25,2011-04-04 13:42:00,2011-04-04 13:42:00,249,304.25,0,1.0,2,0
18188.0,3,2001.04,2011-11-24 16:46:00,2011-02-22 14:43:00,15,667.0133333333333,275,0.010869565217391304,1,1
18189.0,2,1090.24,2011-09-23 12:40:00,2011-03-17 09:49:00,78,545.12,190,0.010471204188481676,2,0
18190.0,2,284.46000000000004,2011-05-31 14:48:00,2011-01-13 10:35:00,192,142.23000000000002,138,0.014388489208633094,2,0
18191.0,1,207.8,2011-03-23 12:08:00,2011-03-23 12:08:00,262,207.8,0,1.0,2,0
18192.0,1,957.97,2011-09-29 09:53:00,2011-09-29 09:53:00,72,957.97,0,1.0,2,0
18193.0,1,243.76,2011-06-27 13:58:00,2011-06-27 13:58:00,165,243.76,0,1.0,2,0
18194.0,1,973.84,2011-09-18 13:29:00,2011-09-18 13:29:00,82,973.84,0,1.0,2,0
18196.0,2,689.13,2011-09-05 16:22:00,2011-02-22 16:13:00,95,344.565,195,0.01020408163265306,2,0
18198.0,17,5425.56,2011-12-05 14:49:00,2011-01-07 13:39:00,4,319.15058823529415,332,0.05105105105105105,1,1
18200.0,1,163.8,2011-08-25 18:45:00,2011-08-25 18:45:00,106,163.8,0,1.0,2,0
18202.0,3,1396.99,2011-05-24 12:12:00,2011-02-01 13:36:00,200,465.66333333333336,111,0.026785714285714284,2,0
18203.0,1,160.42000000000002,2011-07-05 13:07:00,2011-07-05 13:07:00,157,160.42000000000002,0,1.0,2,0
18204.0,3,1993.7,2011-09-29 16:44:00,2011-05-31 15:26:00,71,664.5666666666667,121,0.02459016393442623,1,1
18205.0,2,517.36,2011-11-03 13:22:00,2011-09-26 12:02:00,36,258.68,38,0.05128205128205128,2,0
18209.0,1,139.10000000000002,2011-11-11 12:07:00,2011-11-11 12:07:00,29,139.10000000000002,0,1.0,2,0
18210.0,6,2621.38,2011-12-08 11:02:00,2011-03-17 16:58:00,2,436.8966666666667,265,0.022556390977443608,1,1
18211.0,5,600.07,2011-11-14 08:10:00,2011-03-06 12:09:00,26,120.01400000000001,252,0.019762845849802372,2,0
18212.0,1,248.42,2011-01-17 16:14:00,2011-01-17 16:14:00,326,248.42,0,1.0,2,0
18213.0,1,232.48000000000002,2011-04-17 10:21:00,2011-04-17 10:21:00,237,232.48000000000002,0,1.0,2,0
18215.0,1,299.34000000000003,2011-09-11 16:05:00,2011-09-11 16:05:00,89,299.34000000000003,0,1.0,2,0
18216.0,1,481.75,2011-11-08 16:55:00,2011-11-08 16:55:00,31,481.75,0,1.0,2,0
18217.0,2,621.75,2011-11-10 13:18:00,2011-09-30 10:44:00,29,310.875,41,0.047619047619047616,2,0
18218.0,2,662.08,2011-05-12 12:53:00,2011-03-03 12:24:00,211,331.04,70,0.028169014084507043,2,0
18219.0,10,2069.77,2011-12-07 11:43:00,2010-12-06 10:05:00,3,206.977,366,0.027247956403269755,1,1
18220.0,1,305.28,2011-04-27 09:03:00,2011-04-27 09:03:00,227,305.28,0,1.0,2,0
18221.0,5,1041.61,2011-11-17 14:40:00,2011-05-12 14:13:00,22,208.32199999999997,189,0.02631578947368421,2,0
18222.0,1,443.0,2011-09-08 10:45:00,2011-09-08 10:45:00,93,443.0,0,1.0,2,0
18223.0,14,6484.54,2011-12-05 09:11:00,2010-12-16 16:42:00,5,463.18142857142857,353,0.03954802259887006,0,2
18224.0,1,158.95000000000002,2011-03-21 10:30:00,2011-03-21 10:30:00,264,158.95000000000002,0,1.0,2,0
18225.0,12,5509.12,2011-12-06 13:27:00,2010-12-09 15:46:00,3,459.0933333333333,361,0.03314917127071823,1,1
18226.0,11,5228.05,2011-10-26 13:36:00,2011-01-06 09:00:00,44,475.27727272727276,293,0.03741496598639456,1,1
18227.0,1,93.75,2011-05-06 12:23:00,2011-05-06 12:23:00,218,93.75,0,1.0,2,0
18228.0,2,779.9,2011-10-14 09:21:00,2011-09-21 10:48:00,57,389.95,22,0.08695652173913043,2,0
18229.0,20,7276.9,2011-11-28 09:48:00,2010-12-01 16:25:00,12,363.84499999999997,361,0.055248618784530384,0,2
18230.0,7,2810.2000000000003,2011-11-30 13:22:00,2011-02-10 13:06:00,9,401.4571428571429,293,0.023809523809523808,1,1
18231.0,5,2083.27,2011-05-31 14:18:00,2011-02-24 09:08:00,192,416.654,96,0.05154639175257732,1,1
18232.0,4,592.97,2011-09-19 11:49:00,2011-05-26 16:30:00,82,148.2425,115,0.034482758620689655,2,0
18233.0,1,440.0,2011-01-18 08:44:00,2011-01-18 08:44:00,326,440.0,0,1.0,2,0
18235.0,3,1796.48,2011-09-29 08:27:00,2011-05-06 13:35:00,72,598.8266666666667,145,0.02054794520547945,1,1
18236.0,6,882.24,2011-11-10 08:06:00,2011-04-13 09:52:00,30,147.04,210,0.02843601895734597,2,0
18237.0,5,987.1,2011-12-07 12:49:00,2011-07-28 13:05:00,3,197.42000000000002,131,0.03787878787878788,2,0
18239.0,5,1561.6100000000001,2011-05-05 12:38:00,2010-12-02 17:48:00,219,312.322,153,0.032467532467532464,2,0
18240.0,1,422.58,2011-10-24 13:06:00,2011-10-24 13:06:00,46,422.58,0,1.0,2,0
18241.0,17,2073.09,2011-11-30 12:10:00,2011-05-06 09:22:00,10,121.9464705882353,208,0.08133971291866028,1,1
18242.0,4,2232.4900000000002,2011-09-28 13:43:00,2011-05-10 11:20:00,72,558.1225000000001,141,0.028169014084507043,1,1
18245.0,7,2567.06,2011-12-02 14:48:00,2010-12-19 14:58:00,7,366.72285714285715,347,0.020114942528735632,1,1
18246.0,2,596.1,2011-11-16 11:49:00,2011-04-20 13:55:00,24,298.05,209,0.009523809523809525,2,0
18248.0,2,804.02,2011-08-09 10:19:00,2011-06-06 13:18:00,123,402.01,63,0.03125,2,0
18249.0,1,95.34,2011-11-22 15:07:00,2011-11-22 15:07:00,17,95.34,0,1.0,2,0
18250.0,1,349.27,2011-02-02 13:16:00,2011-02-02 13:16:00,310,349.27,0,1.0,2,0
18251.0,1,4314.72,2011-09-13 15:03:00,2011-09-13 15:03:00,87,4314.72,0,1.0,0,2
18252.0,2,526.67,2011-10-20 12:43:00,2011-06-21 11:47:00,51,263.335,121,0.01639344262295082,2,0
18255.0,1,103.30000000000001,2011-09-11 13:16:00,2011-09-11 13:16:00,89,103.30000000000001,0,1.0,2,0
18257.0,8,2337.63,2011-10-31 14:48:00,2011-02-16 15:13:00,39,292.20375,256,0.0311284046692607,1,1
18259.0,3,2338.6,2011-11-15 12:34:00,2010-12-08 13:38:00,25,779.5333333333333,341,0.008771929824561403,1,1
18260.0,6,2643.2000000000003,2011-06-20 12:37:00,2010-12-16 18:23:00,173,440.53333333333336,185,0.03225806451612903,1,1
18261.0,2,324.24,2011-10-27 15:36:00,2011-09-05 09:34:00,43,162.12,52,0.03773584905660377,2,0
18262.0,1,149.48,2011-07-22 16:04:00,2011-07-22 16:04:00,140,149.48,0,1.0,2,0
18263.0,3,1213.16,2011-11-14 09:00:00,2011-04-01 11:48:00,26,404.3866666666667,226,0.013215859030837005,2,0
18265.0,2,801.51,2011-09-28 14:10:00,2011-07-04 15:26:00,72,400.755,85,0.023255813953488372,2,0
18268.0,1,25.5,2011-07-28 19:13:00,2011-07-28 19:13:00,134,25.5,0,1.0,2,0
18269.0,1,168.60000000000002,2010-12-08 13:53:00,2010-12-08 13:53:00,366,168.60000000000002,0,1.0,2,0
18270.0,2,283.15000000000003,2011-11-01 13:57:00,2011-03-18 12:41:00,38,141.57500000000002,228,0.008733624454148471,2,0
18272.0,6,3078.58,2011-12-07 12:43:00,2011-04-07 09:35:00,3,513.0966666666667,244,0.024489795918367346,1,1
18273.0,3,204.0,2011-12-07 13:16:00,2011-03-27 11:22:00,2,68.0,255,0.01171875,2,0
18274.0,1,175.92,2011-11-09 17:03:00,2011-11-09 17:03:00,30,175.92,0,1.0,2,0
18276.0,1,335.86,2011-10-27 10:54:00,2011-10-27 10:54:00,44,335.86,0,1.0,2,0
18277.0,1,110.38,2011-10-12 15:22:00,2011-10-12 15:22:00,58,110.38,0,1.0,2,0
18278.0,1,173.9,2011-09-27 11:58:00,2011-09-27 11:58:00,74,173.9,0,1.0,2,0
18280.0,1,180.60000000000002,2011-03-07 09:52:00,2011-03-07 09:52:00,278,180.60000000000002,0,1.0,2,0
18281.0,1,80.82,2011-06-12 10:53:00,2011-06-12 10:53:00,181,80.82,0,1.0,2,0
18282.0,2,178.05,2011-12-02 11:43:00,2011-08-05 13:35:00,8,89.025,118,0.01680672268907563,2,0
18283.0,16,2094.88,2011-12-06 12:02:00,2011-01-06 14:14:00,4,130.93,333,0.04790419161676647,1,1
18287.0,3,1837.28,2011-10-28 09:29:00,2011-05-22 10:39:00,43,612.4266666666666,158,0.018867924528301886,1,1
